<?xml version="1.0" encoding="UTF-8"?>
<osm version="0.6" generator="dc-streetcars-editor" upload="never">
  <!-- Provenance: line geometry follows OpenStreetMap street centerlines (ODbL). Retrace from public-domain sources before contributing to OpenHistoricalMap (CC0). -->
  <node id="-1" version="1" lat="38.8990727" lon="-77.0714950" >
    <tag k="railway" v="switch"/>
    <tag k="start_date" v="1906"/>
    <tag k="end_date" v="1939"/>
  </node>
  <node id="-2" version="1" lat="38.8990275" lon="-77.0717028"/>
  <node id="-3" version="1" lat="38.8990682" lon="-77.0722395"/>
  <node id="-4" version="1" lat="38.8990999" lon="-77.0733187"/>
  <node id="-5" version="1" lat="38.8990411" lon="-77.0748713"/>
  <node id="-6" version="1" lat="38.8989416" lon="-77.0759274"/>
  <node id="-7" version="1" lat="38.8987787" lon="-77.0768508"/>
  <node id="-8" version="1" lat="38.8985119" lon="-77.0778089"/>
  <node id="-9" version="1" lat="38.8983264" lon="-77.0783572"/>
  <node id="-10" version="1" lat="38.8981319" lon="-77.0788478"/>
  <node id="-11" version="1" lat="38.8975303" lon="-77.0801521"/>
  <node id="-12" version="1" lat="38.8973584" lon="-77.0806888"/>
  <node id="-13" version="1" lat="38.8972499" lon="-77.0812602"/>
  <node id="-14" version="1" lat="38.8971820" lon="-77.0818085"/>
  <node id="-15" version="1" lat="38.8971187" lon="-77.0827896"/>
  <node id="-16" version="1" lat="38.8970508" lon="-77.0833725"/>
  <node id="-17" version="1" lat="38.8969197" lon="-77.0839093"/>
  <node id="-18" version="1" lat="38.8963904" lon="-77.0853579"/>
  <node id="-19" version="1" lat="38.8960919" lon="-77.0863390"/>
  <node id="-20" version="1" lat="38.8952415" lon="-77.0896922"/>
  <node id="-21" version="1" lat="38.8950109" lon="-77.0907253"/>
  <node id="-22" version="1" lat="38.8949204" lon="-77.0912620"/>
  <node id="-23" version="1" lat="38.8947485" lon="-77.0928492"/>
  <node id="-24" version="1" lat="38.8947711" lon="-77.0934379"/>
  <node id="-25" version="1" lat="38.8948706" lon="-77.0939400"/>
  <node id="-26" version="1" lat="38.8950289" lon="-77.0943786"/>
  <node id="-27" version="1" lat="38.8952506" lon="-77.0947711"/>
  <node id="-28" version="1" lat="38.8954994" lon="-77.0951173"/>
  <node id="-29" version="1" lat="38.8957210" lon="-77.0954925"/>
  <node id="-30" version="1" lat="38.8958205" lon="-77.0957580"/>
  <node id="-31" version="1" lat="38.8959291" lon="-77.0962428"/>
  <node id="-32" version="1" lat="38.8960195" lon="-77.0968372"/>
  <node id="-33" version="1" lat="38.8960919" lon="-77.0983320"/>
  <node id="-34" version="1" lat="38.8963995" lon="-77.1004617"/>
  <node id="-35" version="1" lat="38.8964357" lon="-77.1009291"/>
  <node id="-36" version="1" lat="38.8964402" lon="-77.1019680"/>
  <node id="-37" version="1" lat="38.8963995" lon="-77.1025105"/>
  <node id="-38" version="1" lat="38.8963090" lon="-77.1030819"/>
  <node id="-39" version="1" lat="38.8963588" lon="-77.1032089"/>
  <node id="-40" version="1" lat="38.8965895" lon="-77.1032377"/>
  <node id="-41" version="1" lat="38.8968880" lon="-77.1031511"/>
  <node id="-42" version="1" lat="38.8975982" lon="-77.1028799"/>
  <node id="-43" version="1" lat="38.8976886" lon="-77.1030473"/>
  <node id="-44" version="1" lat="38.8977339" lon="-77.1032377"/>
  <node id="-45" version="1" lat="38.8978379" lon="-77.1033012"/>
  <node id="-46" version="1" lat="38.8989189" lon="-77.1028683"/>
  <node id="-47" version="1" lat="38.8990320" lon="-77.1028626"/>
  <node id="-48" version="1" lat="38.8991180" lon="-77.1030703"/>
  <node id="-49" version="1" lat="38.8991587" lon="-77.1032781"/>
  <node id="-50" version="1" lat="38.8993487" lon="-77.1033820"/>
  <node id="-51" version="1" lat="38.9004297" lon="-77.1029780"/>
  <node id="-52" version="1" lat="38.9005383" lon="-77.1030415"/>
  <node id="-53" version="1" lat="38.9006513" lon="-77.1030415"/>
  <node id="-54" version="1" lat="38.9006830" lon="-77.1028222"/>
  <node id="-55" version="1" lat="38.9006061" lon="-77.1024470"/>
  <node id="-56" version="1" lat="38.9006785" lon="-77.1023201"/>
  <node id="-57" version="1" lat="38.9012710" lon="-77.1022681"/>
  <node id="-58" version="1" lat="38.9014791" lon="-77.1023316"/>
  <node id="-59" version="1" lat="38.9016600" lon="-77.1024528"/>
  <node id="-60" version="1" lat="38.9021666" lon="-77.1029722"/>
  <node id="-61" version="1" lat="38.9026235" lon="-77.1037052"/>
  <node id="-62" version="1" lat="38.9028677" lon="-77.1041611"/>
  <node id="-63" version="1" lat="38.9038809" lon="-77.1068275"/>
  <node id="-64" version="1" lat="38.9040800" lon="-77.1080626"/>
  <node id="-65" version="1" lat="38.9042699" lon="-77.1085012"/>
  <node id="-66" version="1" lat="38.9050389" lon="-77.1090957"/>
  <node id="-67" version="1" lat="38.9057581" lon="-77.1095920"/>
  <node id="-68" version="1" lat="38.9065542" lon="-77.1101922"/>
  <node id="-69" version="1" lat="38.9080288" lon="-77.1107867"/>
  <node id="-70" version="1" lat="38.9083002" lon="-77.1109483"/>
  <node id="-71" version="1" lat="38.9084494" lon="-77.1110926"/>
  <node id="-72" version="1" lat="38.9086213" lon="-77.1113292"/>
  <node id="-73" version="1" lat="38.9088610" lon="-77.1117274"/>
  <node id="-74" version="1" lat="38.9091686" lon="-77.1120449"/>
  <node id="-75" version="1" lat="38.9098245" lon="-77.1126509"/>
  <node id="-76" version="1" lat="38.9101818" lon="-77.1129221"/>
  <node id="-77" version="1" lat="38.9105346" lon="-77.1131068"/>
  <node id="-78" version="1" lat="38.9113579" lon="-77.1134704"/>
  <node id="-79" version="1" lat="38.9117016" lon="-77.1137128"/>
  <node id="-80" version="1" lat="38.9120002" lon="-77.1139783"/>
  <node id="-81" version="1" lat="38.9122942" lon="-77.1142669"/>
  <node id="-82" version="1" lat="38.9125746" lon="-77.1146016"/>
  <node id="-83" version="1" lat="38.9128279" lon="-77.1149825"/>
  <node id="-84" version="1" lat="38.9130586" lon="-77.1154096"/>
  <node id="-85" version="1" lat="38.9136693" lon="-77.1167601"/>
  <node id="-86" version="1" lat="38.9138954" lon="-77.1171930"/>
  <node id="-87" version="1" lat="38.9143839" lon="-77.1179548"/>
  <node id="-88" version="1" lat="38.9146463" lon="-77.1183242"/>
  <node id="-89" version="1" lat="38.9148182" lon="-77.1185204"/>
  <node id="-90" version="1" lat="38.9154605" lon="-77.1189186"/>
  <node id="-91" version="1" lat="38.9158811" lon="-77.1190110"/>
  <node id="-92" version="1" lat="38.9162882" lon="-77.1190283"/>
  <node id="-93" version="1" lat="38.9170798" lon="-77.1189475"/>
  <node id="-94" version="1" lat="38.9173286" lon="-77.1189821"/>
  <node id="-95" version="1" lat="38.9177447" lon="-77.1191668"/>
  <node id="-96" version="1" lat="38.9184413" lon="-77.1196112"/>
  <node id="-97" version="1" lat="38.9186584" lon="-77.1196689"/>
  <node id="-98" version="1" lat="38.9190881" lon="-77.1197093"/>
  <node id="-99" version="1" lat="38.9193595" lon="-77.1197786"/>
  <node id="-100" version="1" lat="38.9196309" lon="-77.1199113"/>
  <node id="-101" version="1" lat="38.9203818" lon="-77.1205000"/>
  <node id="-102" version="1" lat="38.9205898" lon="-77.1205692"/>
  <node id="-103" version="1" lat="38.9213814" lon="-77.1206904"/>
  <node id="-104" version="1" lat="38.9217568" lon="-77.1208174"/>
  <node id="-105" version="1" lat="38.9221413" lon="-77.1209848"/>
  <node id="-106" version="1" lat="38.9232585" lon="-77.1216023"/>
  <node id="-107" version="1" lat="38.9246924" lon="-77.1222776"/>
  <node id="-108" version="1" lat="38.9252985" lon="-77.1226123"/>
  <node id="-109" version="1" lat="38.9252985" lon="-77.1227508"/>
  <node id="-110" version="1" lat="38.9250407" lon="-77.1232010"/>
  <node id="-111" version="1" lat="38.9242808" lon="-77.1244188"/>
  <node id="-112" version="1" lat="38.9240320" lon="-77.1247881"/>
  <node id="-113" version="1" lat="38.9238692" lon="-77.1249613"/>
  <node id="-114" version="1" lat="38.9237697" lon="-77.1250305"/>
  <node id="-115" version="1" lat="38.9236702" lon="-77.1248747"/>
  <node id="-116" version="1" lat="38.9236159" lon="-77.1246785"/>
  <node id="-117" version="1" lat="38.9235073" lon="-77.1246092"/>
  <node id="-118" version="1" lat="38.9231319" lon="-77.1247593"/>
  <node id="-119" version="1" lat="38.9233174" lon="-77.1250305"/>
  <node id="-120" version="1" lat="38.9349738" lon="-77.1599129"/>
  <node id="-121" version="1" lat="38.9351954" lon="-77.1603919"/>
  <node id="-122" version="1" lat="38.9500000" lon="-77.1899992"/>
  <node id="-123" version="1" lat="38.9699521" lon="-77.2199297"/>
  <node id="-124" version="1" lat="38.9978922" lon="-77.2528729"/>
  <node id="-125" version="1" lat="38.9772707" lon="-77.0906618" >
    <tag k="railway" v="switch"/>
    <tag k="start_date" v="1913"/>
    <tag k="end_date" v="1921"/>
  </node>
  <node id="-126" version="1" lat="38.9772300" lon="-77.0907888"/>
  <node id="-127" version="1" lat="38.9772300" lon="-77.0912216"/>
  <node id="-128" version="1" lat="38.9773114" lon="-77.0915275"/>
  <node id="-129" version="1" lat="38.9779220" lon="-77.0924279"/>
  <node id="-130" version="1" lat="38.9780668" lon="-77.0928550"/>
  <node id="-131" version="1" lat="38.9782748" lon="-77.0938419"/>
  <node id="-132" version="1" lat="38.9783924" lon="-77.0948461"/>
  <node id="-133" version="1" lat="38.9784015" lon="-77.0953193"/>
  <node id="-134" version="1" lat="38.9783608" lon="-77.0963351"/>
  <node id="-135" version="1" lat="38.9782386" lon="-77.0974144"/>
  <node id="-136" version="1" lat="38.9772119" lon="-77.1053904"/>
  <node id="-137" version="1" lat="38.9771893" lon="-77.1058926"/>
  <node id="-138" version="1" lat="38.9772028" lon="-77.1064235"/>
  <node id="-139" version="1" lat="38.9772481" lon="-77.1069025"/>
  <node id="-140" version="1" lat="38.9774199" lon="-77.1079703"/>
  <node id="-141" version="1" lat="38.9775918" lon="-77.1084147"/>
  <node id="-142" version="1" lat="38.9780622" lon="-77.1092804"/>
  <node id="-143" version="1" lat="38.9783789" lon="-77.1096728"/>
  <node id="-144" version="1" lat="38.9787181" lon="-77.1100076"/>
  <node id="-145" version="1" lat="38.9797494" lon="-77.1108098"/>
  <node id="-146" version="1" lat="38.9800389" lon="-77.1110984"/>
  <node id="-147" version="1" lat="38.9812014" lon="-77.1123738"/>
  <node id="-148" version="1" lat="38.9821648" lon="-77.1133204"/>
  <node id="-149" version="1" lat="38.9831328" lon="-77.1141572"/>
  <node id="-150" version="1" lat="38.9835037" lon="-77.1144111"/>
  <node id="-151" version="1" lat="38.9838746" lon="-77.1146535"/>
  <node id="-152" version="1" lat="38.9842365" lon="-77.1148440"/>
  <node id="-153" version="1" lat="38.9850145" lon="-77.1151441"/>
  <node id="-154" version="1" lat="38.9858060" lon="-77.1152884"/>
  <node id="-155" version="1" lat="38.9881039" lon="-77.1154904"/>
  <node id="-156" version="1" lat="38.9885155" lon="-77.1156116"/>
  <node id="-157" version="1" lat="38.9888819" lon="-77.1158309"/>
  <node id="-158" version="1" lat="38.9897865" lon="-77.1167486"/>
  <node id="-159" version="1" lat="38.9901348" lon="-77.1170083"/>
  <node id="-160" version="1" lat="38.9928216" lon="-77.1185723"/>
  <node id="-161" version="1" lat="38.9929980" lon="-77.1187916"/>
  <node id="-162" version="1" lat="38.9931020" lon="-77.1189475"/>
  <node id="-163" version="1" lat="38.9932196" lon="-77.1194323"/>
  <node id="-164" version="1" lat="38.9932196" lon="-77.1199113"/>
  <node id="-165" version="1" lat="38.9931880" lon="-77.1204192"/>
  <node id="-166" version="1" lat="38.9932016" lon="-77.1208982"/>
  <node id="-167" version="1" lat="38.9932694" lon="-77.1214003"/>
  <node id="-168" version="1" lat="38.9934322" lon="-77.1218620"/>
  <node id="-169" version="1" lat="38.9937217" lon="-77.1223411"/>
  <node id="-170" version="1" lat="38.9945495" lon="-77.1234607"/>
  <node id="-171" version="1" lat="38.9947802" lon="-77.1238589"/>
  <node id="-172" version="1" lat="38.9952234" lon="-77.1247593"/>
  <node id="-173" version="1" lat="38.9954406" lon="-77.1252498"/>
  <node id="-174" version="1" lat="38.9955898" lon="-77.1256827"/>
  <node id="-175" version="1" lat="38.9956984" lon="-77.1261386"/>
  <node id="-176" version="1" lat="38.9959110" lon="-77.1272814"/>
  <node id="-177" version="1" lat="38.9961598" lon="-77.1282106"/>
  <node id="-178" version="1" lat="38.9963588" lon="-77.1287300"/>
  <node id="-179" version="1" lat="38.9965578" lon="-77.1291629"/>
  <node id="-180" version="1" lat="38.9970192" lon="-77.1299305"/>
  <node id="-181" version="1" lat="38.9972906" lon="-77.1302767"/>
  <node id="-182" version="1" lat="38.9976162" lon="-77.1306288"/>
  <node id="-183" version="1" lat="38.9979464" lon="-77.1309347"/>
  <node id="-184" version="1" lat="38.9983490" lon="-77.1312290"/>
  <node id="-185" version="1" lat="38.9987516" lon="-77.1314772"/>
  <node id="-186" version="1" lat="38.9991089" lon="-77.1316619"/>
  <node id="-187" version="1" lat="38.9994798" lon="-77.1318119"/>
  <node id="-188" version="1" lat="39.0019179" lon="-77.1326603"/>
  <node id="-189" version="1" lat="39.0022797" lon="-77.1328508"/>
  <node id="-190" version="1" lat="39.0025918" lon="-77.1331278"/>
  <node id="-191" version="1" lat="39.0027999" lon="-77.1334395"/>
  <node id="-192" version="1" lat="39.0028904" lon="-77.1336299"/>
  <node id="-193" version="1" lat="39.0030487" lon="-77.1341782"/>
  <node id="-194" version="1" lat="39.0034693" lon="-77.1361982"/>
  <node id="-195" version="1" lat="39.0036955" lon="-77.1371389"/>
  <node id="-196" version="1" lat="39.0039895" lon="-77.1380393"/>
  <node id="-197" version="1" lat="39.0044192" lon="-77.1389627"/>
  <node id="-198" version="1" lat="39.0048987" lon="-77.1397188"/>
  <node id="-199" version="1" lat="39.0054189" lon="-77.1404517"/>
  <node id="-200" version="1" lat="39.0055681" lon="-77.1407403"/>
  <node id="-201" version="1" lat="39.0056314" lon="-77.1409192"/>
  <node id="-202" version="1" lat="39.0056586" lon="-77.1410981"/>
  <node id="-203" version="1" lat="39.0056586" lon="-77.1414329"/>
  <node id="-204" version="1" lat="39.0056088" lon="-77.1417387"/>
  <node id="-205" version="1" lat="39.0051384" lon="-77.1432393"/>
  <node id="-206" version="1" lat="39.0050389" lon="-77.1436895"/>
  <node id="-207" version="1" lat="39.0049982" lon="-77.1442608"/>
  <node id="-208" version="1" lat="39.0050253" lon="-77.1447399"/>
  <node id="-209" version="1" lat="39.0050887" lon="-77.1451727"/>
  <node id="-210" version="1" lat="39.0052334" lon="-77.1456748"/>
  <node id="-211" version="1" lat="39.0054234" lon="-77.1461250"/>
  <node id="-212" version="1" lat="39.0059797" lon="-77.1469619"/>
  <node id="-213" version="1" lat="39.0063009" lon="-77.1473486"/>
  <node id="-214" version="1" lat="39.0071105" lon="-77.1484740"/>
  <node id="-215" version="1" lat="39.0076986" lon="-77.1491319"/>
  <node id="-216" version="1" lat="39.0082142" lon="-77.1498764"/>
  <node id="-217" version="1" lat="39.0084494" lon="-77.1502516"/>
  <node id="-218" version="1" lat="39.0097521" lon="-77.1527679"/>
  <node id="-219" version="1" lat="39.0100009" lon="-77.1531777"/>
  <node id="-220" version="1" lat="39.0102452" lon="-77.1535355"/>
  <node id="-221" version="1" lat="39.0116112" lon="-77.1552785"/>
  <node id="-222" version="1" lat="39.0121449" lon="-77.1560172"/>
  <node id="-223" version="1" lat="39.0122897" lon="-77.1562885"/>
  <node id="-224" version="1" lat="39.0124480" lon="-77.1568021"/>
  <node id="-225" version="1" lat="39.0125113" lon="-77.1571715"/>
  <node id="-226" version="1" lat="39.0125204" lon="-77.1576390"/>
  <node id="-227" version="1" lat="39.0124706" lon="-77.1580718"/>
  <node id="-228" version="1" lat="39.0119685" lon="-77.1600918"/>
  <node id="-229" version="1" lat="39.0118102" lon="-77.1610903"/>
  <node id="-230" version="1" lat="39.0116881" lon="-77.1616212"/>
  <node id="-231" version="1" lat="39.0114122" lon="-77.1625389"/>
  <node id="-232" version="1" lat="39.0106387" lon="-77.1638317"/>
  <node id="-233" version="1" lat="39.0105256" lon="-77.1641260"/>
  <node id="-234" version="1" lat="39.0103401" lon="-77.1651245"/>
  <node id="-235" version="1" lat="39.0100597" lon="-77.1661172"/>
  <node id="-236" version="1" lat="39.0096300" lon="-77.1674677"/>
  <node id="-237" version="1" lat="39.0094038" lon="-77.1684026"/>
  <node id="-238" version="1" lat="39.0091822" lon="-77.1699378"/>
  <node id="-239" version="1" lat="39.0090510" lon="-77.1704226"/>
  <node id="-240" version="1" lat="39.0088384" lon="-77.1709017"/>
  <node id="-241" version="1" lat="39.0071965" lon="-77.1737296"/>
  <node id="-242" version="1" lat="39.0069341" lon="-77.1741221"/>
  <node id="-243" version="1" lat="39.0066582" lon="-77.1744915"/>
  <node id="-244" version="1" lat="39.0051656" lon="-77.1762171"/>
  <node id="-245" version="1" lat="39.0048896" lon="-77.1765980"/>
  <node id="-246" version="1" lat="39.0046680" lon="-77.1769905"/>
  <node id="-247" version="1" lat="39.0043197" lon="-77.1778620"/>
  <node id="-248" version="1" lat="39.0041388" lon="-77.1783294"/>
  <node id="-249" version="1" lat="39.0038583" lon="-77.1792817"/>
  <node id="-250" version="1" lat="39.0037181" lon="-77.1795876"/>
  <node id="-251" version="1" lat="39.0036322" lon="-77.1796973"/>
  <node id="-252" version="1" lat="39.0032884" lon="-77.1799974"/>
  <node id="-253" version="1" lat="39.0021802" lon="-77.1807073"/>
  <node id="-254" version="1" lat="39.0020400" lon="-77.1808285"/>
  <node id="-255" version="1" lat="39.0006559" lon="-77.1836622"/>
  <node id="-256" version="1" lat="38.9991089" lon="-77.1869577"/>
  <node id="-257" version="1" lat="38.9988420" lon="-77.1874425"/>
  <node id="-258" version="1" lat="38.9977881" lon="-77.1886660"/>
  <node id="-259" version="1" lat="38.9977746" lon="-77.1888219"/>
  <node id="-260" version="1" lat="38.9978560" lon="-77.1889892"/>
  <node id="-261" version="1" lat="38.9980233" lon="-77.1894625"/>
  <node id="-262" version="1" lat="38.9981319" lon="-77.1899357"/>
  <node id="-263" version="1" lat="38.9983581" lon="-77.1918114"/>
  <node id="-264" version="1" lat="38.9990094" lon="-77.1958803"/>
  <node id="-265" version="1" lat="38.9990004" lon="-77.2250028"/>
  <node id="-266" version="1" lat="39.0009680" lon="-77.2466340"/>
  <node id="-267" version="1" lat="38.8830016" lon="-77.1709074"/>
  <node id="-268" version="1" lat="38.8830197" lon="-77.1710863"/>
  <node id="-269" version="1" lat="38.8899584" lon="-77.1998222"/>
  <node id="-270" version="1" lat="38.8959653" lon="-77.2298219"/>
  <node id="-271" version="1" lat="38.9009996" lon="-77.2649986"/>
  <node id="-272" version="1" lat="38.8799982" lon="-77.2850023"/>
  <node id="-273" version="1" lat="38.8460648" lon="-77.3059583"/>
  <node id="-274" version="1" lat="38.8052153" lon="-77.0470358"/>
  <node id="-275" version="1" lat="38.8049982" lon="-77.0470011"/>
  <node id="-276" version="1" lat="38.7902795" lon="-77.0519068"/>
  <node id="-277" version="1" lat="38.7898544" lon="-77.0520165"/>
  <node id="-278" version="1" lat="38.7700018" lon="-77.0540019"/>
  <node id="-279" version="1" lat="38.7502126" lon="-77.0599349"/>
  <node id="-280" version="1" lat="38.7498643" lon="-77.0600676"/>
  <node id="-281" version="1" lat="38.7302696" lon="-77.0698674"/>
  <node id="-282" version="1" lat="38.7298806" lon="-77.0701041"/>
  <node id="-283" version="1" lat="38.7095395" lon="-77.0877934"/>
  <node id="-284" version="1" lat="39.0025059" lon="-77.1097017"/>
  <node id="-285" version="1" lat="39.0140718" lon="-77.1110176"/>
  <node id="-286" version="1" lat="39.0300706" lon="-77.1150171"/>
  <node id="-287" version="1" lat="39.0440022" lon="-77.1180010"/>
  <node id="-288" version="1" lat="39.0568618" lon="-77.1229471"/>
  <node id="-289" version="1" lat="39.0570608" lon="-77.1230452"/>
  <node id="-290" version="1" lat="39.0698118" lon="-77.1328566"/>
  <node id="-291" version="1" lat="39.0700470" lon="-77.1330701"/>
  <node id="-292" version="1" lat="39.0843043" lon="-77.1527275"/>
  <node id="-293" version="1" lat="39.0340013" lon="-76.9050015"/>
  <node id="-294" version="1" lat="39.0521350" lon="-76.8979373"/>
  <node id="-295" version="1" lat="39.0699340" lon="-76.8900305"/>
  <node id="-296" version="1" lat="39.0700470" lon="-76.8899324"/>
  <node id="-297" version="1" lat="39.0850461" lon="-76.8679318"/>
  <node id="-298" version="1" lat="39.0988059" lon="-76.8482744"/>
  <node id="-301" version="1" lat="38.9058983" lon="-77.0720952"/>
  <node id="-302" version="1" lat="38.9058983" lon="-77.0758120"/>
  <node id="-303" version="1" lat="38.9059978" lon="-77.0770990"/>
  <node id="-304" version="1" lat="38.9063009" lon="-77.0776992"/>
  <node id="-305" version="1" lat="38.9067984" lon="-77.0782014"/>
  <node id="-306" version="1" lat="38.9068934" lon="-77.0788939"/>
  <node id="-307" version="1" lat="38.9068211" lon="-77.0798231"/>
  <node id="-308" version="1" lat="38.9067577" lon="-77.0802848"/>
  <node id="-309" version="1" lat="38.9064321" lon="-77.0816757"/>
  <node id="-310" version="1" lat="38.9063461" lon="-77.0821490"/>
  <node id="-311" version="1" lat="38.9062466" lon="-77.0831359"/>
  <node id="-312" version="1" lat="38.9062330" lon="-77.0836611"/>
  <node id="-313" version="1" lat="38.9062602" lon="-77.0840824"/>
  <node id="-314" version="1" lat="38.9063506" lon="-77.0846018"/>
  <node id="-315" version="1" lat="38.9065044" lon="-77.0851155"/>
  <node id="-316" version="1" lat="38.9066854" lon="-77.0856003"/>
  <node id="-317" version="1" lat="38.9070925" lon="-77.0863852"/>
  <node id="-318" version="1" lat="38.9072417" lon="-77.0867315"/>
  <node id="-319" version="1" lat="38.9072960" lon="-77.0870431"/>
  <node id="-320" version="1" lat="38.9073412" lon="-77.0875453"/>
  <node id="-321" version="1" lat="38.9074407" lon="-77.0880878"/>
  <node id="-322" version="1" lat="38.9076036" lon="-77.0885668"/>
  <node id="-323" version="1" lat="38.9079971" lon="-77.0894787"/>
  <node id="-324" version="1" lat="38.9092636" lon="-77.0918450"/>
  <node id="-325" version="1" lat="38.9099557" lon="-77.0930166"/>
  <node id="-326" version="1" lat="38.9107291" lon="-77.0941073"/>
  <node id="-327" version="1" lat="38.9118147" lon="-77.0954636"/>
  <node id="-328" version="1" lat="38.9124254" lon="-77.0961273"/>
  <node id="-329" version="1" lat="38.9130903" lon="-77.0966987"/>
  <node id="-330" version="1" lat="38.9140809" lon="-77.0974374"/>
  <node id="-331" version="1" lat="38.9151212" lon="-77.0981185"/>
  <node id="-332" version="1" lat="38.9161751" lon="-77.0987072"/>
  <node id="-333" version="1" lat="38.9172562" lon="-77.0992208"/>
  <node id="-334" version="1" lat="38.9179528" lon="-77.0996652"/>
  <node id="-335" version="1" lat="38.9186675" lon="-77.1000807"/>
  <node id="-336" version="1" lat="38.9190655" lon="-77.1002654"/>
  <node id="-337" version="1" lat="38.9198571" lon="-77.1004790"/>
  <node id="-338" version="1" lat="38.9200154" lon="-77.1005944"/>
  <node id="-339" version="1" lat="38.9203139" lon="-77.1008945"/>
  <node id="-340" version="1" lat="38.9206079" lon="-77.1011023"/>
  <node id="-341" version="1" lat="38.9209607" lon="-77.1012581"/>
  <node id="-342" version="1" lat="38.9217252" lon="-77.1014832"/>
  <node id="-343" version="1" lat="38.9221277" lon="-77.1016563"/>
  <node id="-344" version="1" lat="38.9237923" lon="-77.1027702"/>
  <node id="-345" version="1" lat="38.9244843" lon="-77.1032897"/>
  <node id="-346" version="1" lat="38.9251176" lon="-77.1038899"/>
  <node id="-347" version="1" lat="38.9271440" lon="-77.1060138"/>
  <node id="-348" version="1" lat="38.9274968" lon="-77.1063023"/>
  <node id="-349" version="1" lat="38.9285100" lon="-77.1069833"/>
  <node id="-350" version="1" lat="38.9295097" lon="-77.1077683"/>
  <node id="-351" version="1" lat="38.9301429" lon="-77.1083800"/>
  <node id="-352" version="1" lat="38.9313190" lon="-77.1095805"/>
  <node id="-353" version="1" lat="38.9325900" lon="-77.1107867"/>
  <node id="-354" version="1" lat="38.9353311" lon="-77.1139667"/>
  <node id="-355" version="1" lat="38.9362086" lon="-77.1149190"/>
  <node id="-356" version="1" lat="38.9367288" lon="-77.1156462"/>
  <node id="-357" version="1" lat="38.9373032" lon="-77.1163157"/>
  <node id="-358" version="1" lat="38.9374842" lon="-77.1165812"/>
  <node id="-359" version="1" lat="38.9375656" lon="-77.1168236"/>
  <node id="-360" version="1" lat="38.9376741" lon="-77.1173026"/>
  <node id="-361" version="1" lat="38.9378098" lon="-77.1177182"/>
  <node id="-362" version="1" lat="38.9379229" lon="-77.1179028"/>
  <node id="-363" version="1" lat="38.9381174" lon="-77.1181337"/>
  <node id="-364" version="1" lat="38.9384250" lon="-77.1183819"/>
  <node id="-365" version="1" lat="38.9387778" lon="-77.1185550"/>
  <node id="-366" version="1" lat="38.9398905" lon="-77.1189071"/>
  <node id="-367" version="1" lat="38.9406640" lon="-77.1192130"/>
  <node id="-368" version="1" lat="38.9417089" lon="-77.1198016"/>
  <node id="-369" version="1" lat="38.9444997" lon="-77.1212907"/>
  <node id="-370" version="1" lat="38.9448842" lon="-77.1215504"/>
  <node id="-371" version="1" lat="38.9452415" lon="-77.1218678"/>
  <node id="-372" version="1" lat="38.9467297" lon="-77.1234665"/>
  <node id="-373" version="1" lat="38.9470735" lon="-77.1237839"/>
  <node id="-374" version="1" lat="38.9477791" lon="-77.1243264"/>
  <node id="-375" version="1" lat="38.9584359" lon="-77.1312925" >
    <tag k="railway" v="switch"/>
    <tag k="start_date" v="1897"/>
    <tag k="end_date" v="1902"/>
  </node>
  <node id="-376" version="1" lat="38.9235390" lon="-77.0515086"/>
  <node id="-377" version="1" lat="38.9663515" lon="-77.0764180"/>
  <node id="-378" version="1" lat="38.9667089" lon="-77.0766200"/>
  <node id="-379" version="1" lat="38.9670798" lon="-77.0767585"/>
  <node id="-380" version="1" lat="38.9675773" lon="-77.0767412"/>
  <node id="-381" version="1" lat="38.9679392" lon="-77.0768393"/>
  <node id="-382" version="1" lat="38.9682196" lon="-77.0770817"/>
  <node id="-383" version="1" lat="38.9683282" lon="-77.0770990"/>
  <node id="-384" version="1" lat="38.9776959" lon="-77.0771106"/>
  <node id="-385" version="1" lat="38.9780939" lon="-77.0772202"/>
  <node id="-386" version="1" lat="38.9883300" lon="-77.0772318"/>
  <node id="-387" version="1" lat="38.9898589" lon="-77.0772029"/>
  <node id="-388" version="1" lat="38.9915415" lon="-77.0772375"/>
  <node id="-389" version="1" lat="38.9938981" lon="-77.0772375"/>
  <node id="-390" version="1" lat="38.8866112" lon="-77.0961447" >
    <tag k="railway" v="switch"/>
    <tag k="start_date" v="1907"/>
    <tag k="end_date" v="1932"/>
  </node>
  <node id="-391" version="1" lat="38.8861317" lon="-77.0967910"/>
  <node id="-392" version="1" lat="38.8858694" lon="-77.0972297"/>
  <node id="-393" version="1" lat="38.8856794" lon="-77.0973913"/>
  <node id="-394" version="1" lat="38.8857291" lon="-77.0976972"/>
  <node id="-395" version="1" lat="38.8856206" lon="-77.0977780"/>
  <node id="-396" version="1" lat="38.8854939" lon="-77.0979684"/>
  <node id="-397" version="1" lat="38.8849014" lon="-77.0994228"/>
  <node id="-398" version="1" lat="38.8846978" lon="-77.0997172"/>
  <node id="-399" version="1" lat="38.8845983" lon="-77.1001789"/>
  <node id="-400" version="1" lat="38.8840601" lon="-77.1015582"/>
  <node id="-401" version="1" lat="38.8827257" lon="-77.1048018"/>
  <node id="-402" version="1" lat="38.8825719" lon="-77.1052635"/>
  <node id="-403" version="1" lat="38.8824634" lon="-77.1057310"/>
  <node id="-404" version="1" lat="38.8824000" lon="-77.1061984"/>
  <node id="-405" version="1" lat="38.8823819" lon="-77.1066775"/>
  <node id="-406" version="1" lat="38.8824588" lon="-77.1082588"/>
  <node id="-407" version="1" lat="38.8822508" lon="-77.1107405"/>
  <node id="-408" version="1" lat="38.8829971" lon="-77.1399092"/>
  <node id="-409" version="1" lat="38.8869911" lon="-77.0949327"/>
  <node id="-410" version="1" lat="38.8871178" lon="-77.0953136"/>
  <node id="-411" version="1" lat="38.8870952" lon="-77.0954867"/>
  <node id="-412" version="1" lat="38.9391713" lon="-76.9395780"/>
  <node id="-413" version="1" lat="38.9548806" lon="-76.9251091"/>
  <node id="-414" version="1" lat="38.9550660" lon="-76.9249648"/>
  <node id="-415" version="1" lat="38.9750000" lon="-76.9149976"/>
  <node id="-416" version="1" lat="38.9939298" lon="-76.9110153"/>
  <node id="-417" version="1" lat="38.9020038" lon="-76.9428273"/>
  <node id="-418" version="1" lat="38.9021033" lon="-76.9427176" >
    <tag k="railway" v="railway_crossing"/>
    <tag k="start_date" v="1908"/>
    <tag k="end_date" v="1935"/>
  </node>
  <node id="-419" version="1" lat="38.9079473" lon="-76.9360632"/>
  <node id="-420" version="1" lat="38.9080695" lon="-76.9358381"/>
  <node id="-421" version="1" lat="38.9149629" lon="-76.9200822"/>
  <node id="-422" version="1" lat="38.9299711" lon="-76.8800806"/>
  <node id="-423" version="1" lat="38.8602452" lon="-77.0518145" >
    <tag k="railway" v="switch"/>
    <tag k="start_date" v="1896"/>
    <tag k="end_date" v="1921"/>
  </node>
  <node id="-424" version="1" lat="38.8601637" lon="-77.0517972"/>
  <node id="-425" version="1" lat="38.8579293" lon="-77.0519876"/>
  <node id="-426" version="1" lat="38.8571422" lon="-77.0520280"/>
  <node id="-427" version="1" lat="38.8555184" lon="-77.0521954"/>
  <node id="-428" version="1" lat="38.8547042" lon="-77.0522416"/>
  <node id="-429" version="1" lat="38.8527682" lon="-77.0524493"/>
  <node id="-430" version="1" lat="38.8508187" lon="-77.0525821"/>
  <node id="-431" version="1" lat="38.8481409" lon="-77.0529284"/>
  <node id="-432" version="1" lat="38.8472680" lon="-77.0529688"/>
  <node id="-433" version="1" lat="38.8464492" lon="-77.0529688"/>
  <node id="-434" version="1" lat="38.8452008" lon="-77.0528707"/>
  <node id="-435" version="1" lat="38.8400579" lon="-77.0521896"/>
  <node id="-436" version="1" lat="38.8385381" lon="-77.0519415"/>
  <node id="-437" version="1" lat="38.8346210" lon="-77.0514682"/>
  <node id="-438" version="1" lat="38.8338520" lon="-77.0513528"/>
  <node id="-439" version="1" lat="38.8331011" lon="-77.0511508"/>
  <node id="-440" version="1" lat="38.8326986" lon="-77.0510815"/>
  <node id="-441" version="1" lat="38.8240230" lon="-77.0499619"/>
  <node id="-442" version="1" lat="38.8229284" lon="-77.0498407"/>
  <node id="-443" version="1" lat="38.8223087" lon="-77.0498291"/>
  <node id="-444" version="1" lat="38.8219197" lon="-77.0497022"/>
  <node id="-445" version="1" lat="38.8215488" lon="-77.0496214"/>
  <node id="-446" version="1" lat="38.8195947" lon="-77.0493386"/>
  <node id="-447" version="1" lat="38.9000995" lon="-76.9836080" >
    <tag k="railway" v="switch"/>
    <tag k="start_date" v="1910"/>
    <tag k="end_date" v="1923"/>
  </node>
  <node id="-448" version="1" lat="38.9002895" lon="-76.9833426"/>
  <node id="-449" version="1" lat="38.9004116" lon="-76.9832444"/>
  <node id="-450" version="1" lat="38.9094988" lon="-76.9773922"/>
  <node id="-451" version="1" lat="38.9126018" lon="-76.9763072"/>
  <node id="-452" version="1" lat="38.9129727" lon="-76.9760706"/>
  <node id="-453" version="1" lat="38.9143342" lon="-76.9749971"/>
  <node id="-454" version="1" lat="38.9169305" lon="-76.9728905"/>
  <node id="-455" version="1" lat="38.9175502" lon="-76.9722903"/>
  <node id="-456" version="1" lat="38.9196219" lon="-76.9705993"/>
  <node id="-457" version="1" lat="38.9199113" lon="-76.9703107"/>
  <node id="-458" version="1" lat="38.9221730" lon="-76.9684696"/>
  <node id="-459" version="1" lat="38.9229284" lon="-76.9677828"/>
  <node id="-460" version="1" lat="38.9235209" lon="-76.9671422"/>
  <node id="-461" version="1" lat="38.9285508" lon="-76.9609091"/>
  <node id="-462" version="1" lat="38.9306314" lon="-76.9577983"/>
  <node id="-463" version="1" lat="38.9309209" lon="-76.9574924"/>
  <node id="-464" version="1" lat="38.9314321" lon="-76.9567479"/>
  <node id="-465" version="1" lat="38.9322417" lon="-76.9555302"/>
  <node id="-466" version="1" lat="38.9324181" lon="-76.9551666"/>
  <node id="-467" version="1" lat="38.9329564" lon="-76.9544047"/>
  <node id="-468" version="1" lat="38.9336711" lon="-76.9532966"/>
  <node id="-469" version="1" lat="38.9338882" lon="-76.9530311"/>
  <node id="-470" version="1" lat="38.9347566" lon="-76.9512882"/>
  <node id="-471" version="1" lat="38.9359010" lon="-76.9487372"/>
  <node id="-472" version="1" lat="38.9360503" lon="-76.9482582"/>
  <node id="-473" version="1" lat="38.9362810" lon="-76.9478542"/>
  <node id="-474" version="1" lat="38.9372716" lon="-76.9455976"/>
  <node id="-475" version="1" lat="38.9374616" lon="-76.9451012"/>
  <node id="-476" version="1" lat="38.9376787" lon="-76.9446972"/>
  <node id="-477" version="1" lat="38.9381898" lon="-76.9439123"/>
  <node id="-478" version="1" lat="38.9384114" lon="-76.9435314"/>
  <node id="-479" version="1" lat="38.9388321" lon="-76.9427465"/>
  <node id="-480" version="1" lat="38.9390402" lon="-76.9422906"/>
  <node id="-481" version="1" lat="38.9390718" lon="-76.9421174"/>
  <node id="-482" version="1" lat="38.9390899" lon="-76.9416499"/>
  <node id="-483" version="1" lat="38.9390718" lon="-76.9406572"/>
  <node id="-484" version="1" lat="38.9390990" lon="-76.9401320"/>
  <node id="-485" version="1" lat="38.9196897" lon="-77.0005702" >
    <tag k="railway" v="switch"/>
    <tag k="start_date" v="1897"/>
    <tag k="end_date" v="1925"/>
  </node>
  <node id="-486" version="1" lat="38.9205220" lon="-76.9982385"/>
  <node id="-487" version="1" lat="38.9217342" lon="-76.9945218"/>
  <node id="-488" version="1" lat="38.9223268" lon="-76.9926518"/>
  <node id="-489" version="1" lat="38.9241315" lon="-76.9867477"/>
  <node id="-490" version="1" lat="38.9245884" lon="-76.9853683"/>
  <node id="-491" version="1" lat="38.9280306" lon="-76.9781771"/>
  <node id="-492" version="1" lat="38.9282522" lon="-76.9778886"/>
  <node id="-493" version="1" lat="38.9284603" lon="-76.9774615"/>
  <node id="-494" version="1" lat="38.9288809" lon="-76.9765727"/>
  <node id="-495" version="1" lat="38.9289986" lon="-76.9761918"/>
  <node id="-496" version="1" lat="38.9292383" lon="-76.9758166"/>
  <node id="-497" version="1" lat="38.9301113" lon="-76.9741487"/>
  <node id="-498" version="1" lat="38.9329383" lon="-76.9682099"/>
  <node id="-499" version="1" lat="38.9338610" lon="-76.9661611"/>
  <node id="-500" version="1" lat="38.9340782" lon="-76.9657629"/>
  <node id="-501" version="1" lat="38.9347747" lon="-76.9643200"/>
  <node id="-502" version="1" lat="38.9350507" lon="-76.9638583"/>
  <node id="-503" version="1" lat="38.9362991" lon="-76.9612150"/>
  <node id="-504" version="1" lat="38.9365162" lon="-76.9608110"/>
  <node id="-505" version="1" lat="38.9367016" lon="-76.9603781"/>
  <node id="-506" version="1" lat="38.9371540" lon="-76.9595124"/>
  <node id="-507" version="1" lat="38.9386059" lon="-76.9565055"/>
  <node id="-508" version="1" lat="38.9390718" lon="-76.9556687"/>
  <node id="-509" version="1" lat="38.9401303" lon="-76.9541854"/>
  <node id="-510" version="1" lat="38.8615886" lon="-77.0532747" >
    <tag k="railway" v="switch"/>
    <tag k="start_date" v="1907"/>
    <tag k="end_date" v="1921"/>
  </node>
  <node id="-511" version="1" lat="38.8617016" lon="-77.0533035"/>
  <node id="-512" version="1" lat="38.8699430" lon="-77.0609449"/>
  <node id="-513" version="1" lat="38.8702687" lon="-77.0611469"/>
  <node id="-514" version="1" lat="38.8789352" lon="-77.0659602"/>
  <node id="-515" version="1" lat="38.8880722" lon="-77.0690133"/>
  <node id="-516" version="1" lat="38.8982450" lon="-77.0708601" >
    <tag k="railway" v="railway_crossing"/>
    <tag k="start_date" v="1906"/>
    <tag k="end_date" v="1921"/>
  </node>
  <node id="-517" version="1" lat="38.9847205" lon="-77.0266396"/>
  <node id="-518" version="1" lat="38.9849647" lon="-77.0267089"/>
  <node id="-519" version="1" lat="38.9872399" lon="-77.0267493"/>
  <node id="-520" version="1" lat="38.9919034" lon="-77.0267031"/>
  <node id="-521" version="1" lat="38.9935318" lon="-77.0267608"/>
  <node id="-522" version="1" lat="38.9942736" lon="-77.0268589"/>
  <node id="-523" version="1" lat="38.9946309" lon="-77.0269686"/>
  <node id="-524" version="1" lat="38.9948616" lon="-77.0270840"/>
  <node id="-525" version="1" lat="38.9951782" lon="-77.0273380"/>
  <node id="-526" version="1" lat="38.9960919" lon="-77.0283826"/>
  <node id="-527" version="1" lat="38.9973584" lon="-77.0296696"/>
  <node id="-528" version="1" lat="38.9985752" lon="-77.0310086"/>
  <node id="-529" version="1" lat="39.0006604" lon="-77.0332190"/>
  <node id="-530" version="1" lat="39.0009182" lon="-77.0335480"/>
  <node id="-531" version="1" lat="39.0059978" lon="-77.0419973"/>
  <node id="-532" version="1" lat="39.0098969" lon="-77.0468684"/>
  <node id="-533" version="1" lat="39.0100371" lon="-77.0470819"/>
  <node id="-534" version="1" lat="39.0124254" lon="-77.0523397"/>
  <node id="-535" version="1" lat="38.9635109" lon="-76.9352206"/>
  <node id="-536" version="1" lat="38.9638909" lon="-76.9351917"/>
  <node id="-537" version="1" lat="38.9668310" lon="-76.9347358"/>
  <node id="-538" version="1" lat="38.9676452" lon="-76.9345857"/>
  <node id="-539" version="1" lat="38.9680432" lon="-76.9345569"/>
  <node id="-540" version="1" lat="38.9684006" lon="-76.9344818"/>
  <node id="-541" version="1" lat="38.9708205" lon="-76.9341529"/>
  <node id="-542" version="1" lat="38.9715804" lon="-76.9340201"/>
  <node id="-543" version="1" lat="38.9728017" lon="-76.9338989"/>
  <node id="-544" version="1" lat="38.9747196" lon="-76.9335873"/>
  <node id="-545" version="1" lat="38.9755202" lon="-76.9334892"/>
  <node id="-546" version="1" lat="38.9767007" lon="-76.9332583"/>
  <node id="-547" version="1" lat="38.9770716" lon="-76.9331198"/>
  <node id="-548" version="1" lat="38.9775014" lon="-76.9330275"/>
  <node id="-549" version="1" lat="38.9778496" lon="-76.9328601"/>
  <node id="-550" version="1" lat="38.9785508" lon="-76.9326408"/>
  <node id="-551" version="1" lat="38.9787000" lon="-76.9324676"/>
  <node id="-552" version="1" lat="38.9790800" lon="-76.9324215"/>
  <node id="-553" version="1" lat="38.9831011" lon="-76.9309209"/>
  <node id="-554" version="1" lat="38.9833002" lon="-76.9308574"/>
  <node id="-555" version="1" lat="38.9834947" lon="-76.9308574"/>
  <node id="-556" version="1" lat="38.9842953" lon="-76.9305515"/>
  <node id="-557" version="1" lat="38.9854894" lon="-76.9301821"/>
  <node id="-558" version="1" lat="38.9858694" lon="-76.9301071"/>
  <node id="-559" version="1" lat="38.9869821" lon="-76.9295415"/>
  <node id="-560" version="1" lat="38.9880722" lon="-76.9291202"/>
  <node id="-561" version="1" lat="38.9883119" lon="-76.9291375"/>
  <node id="-562" version="1" lat="38.9897503" lon="-76.9285604"/>
  <node id="-563" version="1" lat="38.9898182" lon="-76.9284103"/>
  <node id="-564" version="1" lat="38.9918039" lon="-76.9275504"/>
  <node id="-565" version="1" lat="38.9921703" lon="-76.9274119"/>
  <node id="-566" version="1" lat="38.9924281" lon="-76.9273888"/>
  <node id="-567" version="1" lat="38.9927990" lon="-76.9271579"/>
  <node id="-568" version="1" lat="38.9929799" lon="-76.9271002"/>
  <node id="-569" version="1" lat="38.9933599" lon="-76.9270598"/>
  <node id="-570" version="1" lat="38.9945088" lon="-76.9266558"/>
  <node id="-571" version="1" lat="38.9956396" lon="-76.9263384"/>
  <node id="-572" version="1" lat="38.9961100" lon="-76.9262691"/>
  <node id="-573" version="1" lat="38.9962819" lon="-76.9261826"/>
  <node id="-574" version="1" lat="38.9966980" lon="-76.9261191"/>
  <node id="-575" version="1" lat="38.9969287" lon="-76.9260498"/>
  <node id="-576" version="1" lat="38.9971323" lon="-76.9258594"/>
  <node id="-577" version="1" lat="38.9975439" lon="-76.9258305"/>
  <node id="-578" version="1" lat="38.9976886" lon="-76.9257901"/>
  <node id="-579" version="1" lat="38.9978153" lon="-76.9256862"/>
  <node id="-580" version="1" lat="38.9980821" lon="-76.9255823"/>
  <node id="-581" version="1" lat="38.9947214" lon="-77.0772548"/>
  <node id="-582" version="1" lat="38.9974806" lon="-77.0772318"/>
  <node id="-583" version="1" lat="38.9997105" lon="-77.0769894"/>
  <node id="-584" version="1" lat="38.9998914" lon="-77.0769028"/>
  <node id="-585" version="1" lat="39.0002081" lon="-77.0771510"/>
  <node id="-586" version="1" lat="39.0049982" lon="-77.0789978"/>
  <node id="-587" version="1" lat="39.0130722" lon="-77.0779820"/>
  <node id="-588" version="1" lat="39.0209291" lon="-77.0762160"/>
  <node id="-589" version="1" lat="39.0273566" lon="-77.0745365"/>
  <node id="-590" version="1" lat="39.0019676" lon="-76.9150842"/>
  <node id="-591" version="1" lat="39.0020671" lon="-76.9149687"/>
  <node id="-592" version="1" lat="39.0177266" lon="-76.9076275"/>
  <node id="-593" version="1" lat="39.0181428" lon="-76.9074774"/>
  <node id="-594" version="1" lat="38.9093088" lon="-77.0643500" >
    <tag k="railway" v="switch"/>
    <tag k="start_date" v="1890"/>
    <tag k="end_date" v="1935"/>
  </node>
  <node id="-595" version="1" lat="38.9147322" lon="-77.0672184"/>
  <node id="-596" version="1" lat="38.9158495" lon="-77.0678590"/>
  <node id="-597" version="1" lat="38.9175321" lon="-77.0692211"/>
  <node id="-598" version="1" lat="38.9201285" lon="-77.0714373"/>
  <node id="-599" version="1" lat="38.9227022" lon="-77.0730013"/>
  <node id="-600" version="1" lat="38.9229691" lon="-77.0731398"/>
  <node id="-601" version="1" lat="38.9231681" lon="-77.0731802"/>
  <node id="-602" version="1" lat="38.9235435" lon="-77.0731860"/>
  <node id="-603" version="1" lat="38.9284512" lon="-77.0731802"/>
  <node id="-604" version="1" lat="38.9330152" lon="-77.0724704"/>
  <node id="-605" version="1" lat="38.9334178" lon="-77.0724184"/>
  <node id="-606" version="1" lat="38.9342320" lon="-77.0724300"/>
  <node id="-607" version="1" lat="38.9346390" lon="-77.0725108"/>
  <node id="-608" version="1" lat="38.9353944" lon="-77.0728339"/>
  <node id="-609" version="1" lat="38.9365388" lon="-77.0733822"/>
  <node id="-610" version="1" lat="38.9388909" lon="-77.0746750" >
    <tag k="railway" v="switch"/>
    <tag k="start_date" v="1943"/>
    <tag k="end_date" v="1960"/>
  </node>
  <node id="-611" version="1" lat="38.9793604" lon="-77.0917353"/>
  <node id="-612" version="1" lat="38.9812104" lon="-77.0926414"/>
  <node id="-613" version="1" lat="38.9838520" lon="-77.0938534"/>
  <node id="-614" version="1" lat="38.9842410" lon="-77.0940150"/>
  <node id="-615" version="1" lat="38.9846210" lon="-77.0941420"/>
  <node id="-616" version="1" lat="38.9847521" lon="-77.0941593"/>
  <node id="-617" version="1" lat="38.9865388" lon="-77.0972297"/>
  <node id="-618" version="1" lat="38.9880812" lon="-77.0997402"/>
  <node id="-619" version="1" lat="38.9892573" lon="-77.1017371"/>
  <node id="-620" version="1" lat="38.9916501" lon="-77.1057021"/>
  <node id="-621" version="1" lat="38.9921612" lon="-77.1064928"/>
  <node id="-622" version="1" lat="38.9929302" lon="-77.1075432"/>
  <node id="-623" version="1" lat="38.9932513" lon="-77.1079299"/>
  <node id="-624" version="1" lat="38.9935091" lon="-77.1081549"/>
  <node id="-625" version="1" lat="38.9938800" lon="-77.1083916"/>
  <node id="-626" version="1" lat="38.9942600" lon="-77.1085416"/>
  <node id="-627" version="1" lat="38.9950651" lon="-77.1087494"/>
  <node id="-628" version="1" lat="38.9959246" lon="-77.1088417"/>
  <node id="-629" version="1" lat="38.9981997" lon="-77.1091707"/>
  <node id="-630" version="1" lat="38.9984395" lon="-77.1090495"/>
  <node id="-631" version="1" lat="38.9989416" lon="-77.1091765"/>
  <node id="-632" version="1" lat="38.9993487" lon="-77.1091880"/>
  <node id="-633" version="1" lat="38.9998010" lon="-77.1092804"/>
  <node id="-634" version="1" lat="39.0000588" lon="-77.1092977"/>
  <node id="-635" version="1" lat="39.0012213" lon="-77.1094939"/>
  <node id="-636" version="1" lat="39.0015922" lon="-77.1095401"/>
  <node id="-637" version="1" lat="39.0019812" lon="-77.1095516"/>
  <node id="-638" version="1" lat="39.0023385" lon="-77.1097075"/>
  <node id="-639" version="1" lat="38.9619459" lon="-77.0861832" >
    <tag k="railway" v="switch"/>
    <tag k="start_date" v="1891"/>
    <tag k="end_date" v="1902"/>
  </node>
  <node id="-640" version="1" lat="38.9617921" lon="-77.0868527"/>
  <node id="-641" version="1" lat="38.9617604" lon="-77.0871990"/>
  <node id="-642" version="1" lat="38.9617921" lon="-77.0877415"/>
  <node id="-643" version="1" lat="38.9619821" lon="-77.0887573"/>
  <node id="-644" version="1" lat="38.9620409" lon="-77.0892190"/>
  <node id="-645" version="1" lat="38.9625294" lon="-77.0917584"/>
  <node id="-646" version="1" lat="38.9626515" lon="-77.0922086"/>
  <node id="-647" version="1" lat="38.9627510" lon="-77.0927626"/>
  <node id="-648" version="1" lat="38.9627917" lon="-77.0932474"/>
  <node id="-649" version="1" lat="38.9626787" lon="-77.0947999"/>
  <node id="-650" version="1" lat="38.9626289" lon="-77.0951000"/>
  <node id="-651" version="1" lat="38.9625520" lon="-77.0953078"/>
  <node id="-652" version="1" lat="38.9623892" lon="-77.0955675"/>
  <node id="-653" version="1" lat="38.9622580" lon="-77.0957003"/>
  <node id="-654" version="1" lat="38.9608106" lon="-77.0965775"/>
  <node id="-655" version="1" lat="38.9602994" lon="-77.0968603"/>
  <node id="-656" version="1" lat="38.9592419" lon="-77.1106553"/>
  <node id="-659" version="1" lat="38.9593586" lon="-77.1122122"/>
  <node id="-672" version="1" lat="38.8837924" lon="-77.0319486"/>
  <node id="-673" version="1" lat="38.8787896" lon="-77.0389652"/>
  <node id="-675" version="1" lat="38.8718570" lon="-77.0449305"/>
  <node id="-676" version="1" lat="38.8610458" lon="-77.0519242" >
    <tag k="railway" v="switch"/>
    <tag k="start_date" v="1907"/>
    <tag k="end_date" v="1932"/>
  </node>
  <node id="-677" version="1" lat="38.8750045" lon="-77.0830724" >
    <tag k="railway" v="railway_crossing"/>
    <tag k="start_date" v="1907"/>
    <tag k="end_date" v="1932"/>
  </node>
  <node id="-678" version="1" lat="38.8748688" lon="-77.0829801"/>
  <node id="-679" version="1" lat="38.8746110" lon="-77.0826915"/>
  <node id="-680" version="1" lat="38.8744436" lon="-77.0826049"/>
  <node id="-681" version="1" lat="38.8733852" lon="-77.0825184"/>
  <node id="-682" version="1" lat="38.8732721" lon="-77.0824260"/>
  <node id="-683" version="1" lat="38.8728786" lon="-77.0816123"/>
  <node id="-684" version="1" lat="38.8716392" lon="-77.0807408"/>
  <node id="-685" version="1" lat="38.8709019" lon="-77.0801694"/>
  <node id="-686" version="1" lat="38.8702415" lon="-77.0795923"/>
  <node id="-687" version="1" lat="38.8693686" lon="-77.0787323"/>
  <node id="-688" version="1" lat="38.8684910" lon="-77.0777108"/>
  <node id="-689" version="1" lat="38.8676588" lon="-77.0765969"/>
  <node id="-690" version="1" lat="38.8668989" lon="-77.0753618"/>
  <node id="-691" version="1" lat="38.8666320" lon="-77.0748770"/>
  <node id="-692" version="1" lat="38.8662294" lon="-77.0740517"/>
  <node id="-693" version="1" lat="38.8658811" lon="-77.0731745"/>
  <node id="-694" version="1" lat="38.8657092" lon="-77.0726724"/>
  <node id="-695" version="1" lat="38.8655690" lon="-77.0721991"/>
  <node id="-696" version="1" lat="38.8654514" lon="-77.0716624"/>
  <node id="-697" version="1" lat="38.8652750" lon="-77.0706466"/>
  <node id="-698" version="1" lat="38.8651484" lon="-77.0696770"/>
  <node id="-699" version="1" lat="38.8651484" lon="-77.0686266"/>
  <node id="-700" version="1" lat="38.8651800" lon="-77.0681476"/>
  <node id="-701" version="1" lat="38.8652614" lon="-77.0676166"/>
  <node id="-702" version="1" lat="38.8654017" lon="-77.0670683"/>
  <node id="-703" version="1" lat="38.8664420" lon="-77.0639748"/>
  <node id="-704" version="1" lat="38.8664330" lon="-77.0638075"/>
  <node id="-705" version="1" lat="38.9406459" lon="-76.9535217"/>
  <node id="-706" version="1" lat="38.9432423" lon="-76.9499261"/>
  <node id="-707" version="1" lat="38.9448209" lon="-76.9478196"/>
  <node id="-708" version="1" lat="38.9453501" lon="-76.9470693"/>
  <node id="-709" version="1" lat="38.9461552" lon="-76.9460362"/>
  <node id="-710" version="1" lat="38.9469966" lon="-76.9450089"/>
  <node id="-711" version="1" lat="38.9475891" lon="-76.9443740"/>
  <node id="-712" version="1" lat="38.9489370" lon="-76.9430755"/>
  <node id="-713" version="1" lat="38.9500090" lon="-76.9421290"/>
  <node id="-714" version="1" lat="38.9503528" lon="-76.9417827"/>
  <node id="-715" version="1" lat="38.9514836" lon="-76.9408939"/>
  <node id="-716" version="1" lat="38.9517505" lon="-76.9405707"/>
  <node id="-717" version="1" lat="38.9519495" lon="-76.9404206"/>
  <node id="-718" version="1" lat="38.9526325" lon="-76.9400224"/>
  <node id="-719" version="1" lat="38.9533517" lon="-76.9395145"/>
  <node id="-720" version="1" lat="38.9537136" lon="-76.9392894"/>
  <node id="-721" version="1" lat="38.9554279" lon="-76.9383545"/>
  <node id="-722" version="1" lat="38.9559209" lon="-76.9381813"/>
  <node id="-723" version="1" lat="38.9563190" lon="-76.9379274"/>
  <node id="-724" version="1" lat="38.9566944" lon="-76.9378697"/>
  <node id="-725" version="1" lat="38.9577709" lon="-76.9374599"/>
  <node id="-726" version="1" lat="38.9579609" lon="-76.9372521"/>
  <node id="-727" version="1" lat="38.9583590" lon="-76.9371021"/>
  <node id="-728" version="1" lat="38.9586982" lon="-76.9369001"/>
  <node id="-729" version="1" lat="38.9616248" lon="-76.9357054"/>
  <node id="-730" version="1" lat="38.9619911" lon="-76.9355784"/>
  <node id="-731" version="1" lat="38.9000633" lon="-76.9833945"/>
  <node id="-732" version="1" lat="38.8988194" lon="-76.9763880"/>
  <node id="-733" version="1" lat="38.8976705" lon="-76.9697105"/>
  <node id="-734" version="1" lat="38.8975982" lon="-76.9691968"/>
  <node id="-735" version="1" lat="38.8975122" lon="-76.9682272"/>
  <node id="-736" version="1" lat="38.8969332" lon="-76.9610361"/>
  <node id="-737" version="1" lat="38.8968292" lon="-76.9600492"/>
  <node id="-738" version="1" lat="38.8960738" lon="-76.9550165"/>
  <node id="-739" version="1" lat="38.8953953" lon="-76.9502320" >
    <tag k="railway" v="switch"/>
    <tag k="start_date" v="1908"/>
    <tag k="end_date" v="1935"/>
  </node>
  <node id="-740" version="1" lat="38.9562285" lon="-77.0280248" >
    <tag k="railway" v="railway_crossing"/>
    <tag k="start_date" v="1910"/>
    <tag k="end_date" v="1936"/>
  </node>
  <node id="-741" version="1" lat="38.9562285" lon="-77.0273207"/>
  <node id="-742" version="1" lat="38.9565587" lon="-77.0161184"/>
  <node id="-743" version="1" lat="38.9571015" lon="-77.0161588"/>
  <node id="-744" version="1" lat="38.9635562" lon="-77.0161588"/>
  <node id="-745" version="1" lat="38.9672879" lon="-77.0161876"/>
  <node id="-746" version="1" lat="38.9712683" lon="-77.0161472"/>
  <node id="-747" version="1" lat="38.9712819" lon="-77.0179883"/>
  <node id="-748" version="1" lat="38.9714221" lon="-77.0180287"/>
  <node id="-749" version="1" lat="38.9721549" lon="-77.0180287"/>
  <node id="-750" version="1" lat="38.9723584" lon="-77.0180287" >
    <tag k="railway" v="switch"/>
    <tag k="start_date" v="1897"/>
    <tag k="end_date" v="1927"/>
  </node>
  <node id="-751" version="1" lat="38.9723313" lon="-77.0143523"/>
  <node id="-752" version="1" lat="38.9724037" lon="-77.0141503"/>
  <node id="-753" version="1" lat="38.9739009" lon="-77.0128171"/>
  <node id="-754" version="1" lat="38.9741451" lon="-77.0127017"/>
  <node id="-755" version="1" lat="38.9744482" lon="-77.0124247"/>
  <node id="-756" version="1" lat="38.9749186" lon="-77.0118821"/>
  <node id="-757" version="1" lat="38.9750181" lon="-77.0116975"/>
  <node id="-758" version="1" lat="38.9750588" lon="-77.0115301"/>
  <node id="-759" version="1" lat="38.9750588" lon="-77.0110626"/>
  <node id="-760" version="1" lat="38.9751131" lon="-77.0105201"/>
  <node id="-761" version="1" lat="38.9751900" lon="-77.0102084"/>
  <node id="-762" version="1" lat="38.9754795" lon="-77.0094524"/>
  <node id="-763" version="1" lat="38.9756378" lon="-77.0092619"/>
  <node id="-764" version="1" lat="38.9772345" lon="-77.0079865"/>
  <node id="-765" version="1" lat="38.9775285" lon="-77.0076921"/>
  <node id="-766" version="1" lat="38.9777818" lon="-77.0073805"/>
  <node id="-767" version="1" lat="38.9779220" lon="-77.0071092"/>
  <node id="-768" version="1" lat="38.9779718" lon="-77.0068726"/>
  <node id="-769" version="1" lat="38.9780306" lon="-77.0061915"/>
  <node id="-770" version="1" lat="38.9781210" lon="-77.0060761"/>
  <node id="-771" version="1" lat="38.9815904" lon="-77.0031212"/>
  <node id="-772" version="1" lat="38.9818120" lon="-77.0028441"/>
  <node id="-773" version="1" lat="38.9819341" lon="-77.0025729"/>
  <node id="-774" version="1" lat="38.9823141" lon="-77.0013666"/>
  <node id="-775" version="1" lat="38.9825403" lon="-77.0009684"/>
  <node id="-776" version="1" lat="38.9826579" lon="-77.0008357"/>
  <node id="-777" version="1" lat="38.9836439" lon="-77.0001258"/>
  <node id="-778" version="1" lat="38.9839606" lon="-76.9998603"/>
  <node id="-779" version="1" lat="38.9841641" lon="-76.9995198"/>
  <node id="-780" version="1" lat="38.9843903" lon="-76.9990639"/>
  <node id="-781" version="1" lat="38.9849285" lon="-76.9982789"/>
  <node id="-782" version="1" lat="38.9855211" lon="-76.9970496"/>
  <node id="-783" version="1" lat="38.9860820" lon="-76.9964090"/>
  <node id="-784" version="1" lat="38.8697892" lon="-77.0850636"/>
  <node id="-785" version="1" lat="38.8602135" lon="-77.0879377"/>
  <node id="-786" version="1" lat="38.8598562" lon="-77.0880012"/>
  <node id="-787" version="1" lat="38.8522164" lon="-77.0880012"/>
  <node id="-788" version="1" lat="38.9400986" lon="-77.0753387" >
    <tag k="railway" v="railway_crossing"/>
    <tag k="start_date" v="1943"/>
    <tag k="end_date" v="1960"/>
  </node>
  <node id="-789" version="1" lat="38.9413289" lon="-77.0760198"/>
  <node id="-790" version="1" lat="38.9416817" lon="-77.0761698"/>
  <node id="-791" version="1" lat="38.9424190" lon="-77.0766200"/>
  <node id="-792" version="1" lat="38.9487380" lon="-77.0801521"/>
  <node id="-793" version="1" lat="38.9507011" lon="-77.0806427"/>
  <node id="-794" version="1" lat="38.9510494" lon="-77.0807696"/>
  <node id="-795" version="1" lat="38.9607382" lon="-77.0857100"/>
  <node id="-796" version="1" lat="38.8946038" lon="-77.0753272" >
    <tag k="railway" v="railway_crossing"/>
    <tag k="start_date" v="1906"/>
    <tag k="end_date" v="1932"/>
  </node>
  <node id="-797" version="1" lat="38.8930568" lon="-77.0769432"/>
  <node id="-798" version="1" lat="38.8929302" lon="-77.0770182"/>
  <node id="-799" version="1" lat="38.8830016" lon="-77.0800020"/>
  <node id="-800" version="1" lat="38.9302198" lon="-77.0327227"/>
  <node id="-801" version="1" lat="38.9482585" lon="-77.0327227"/>
  <node id="-802" version="1" lat="38.8812692" lon="-76.9959992" >
    <tag k="railway" v="switch"/>
    <tag k="start_date" v="1888"/>
    <tag k="end_date" v="1900"/>
  </node>
  <node id="-803" version="1" lat="38.8812783" lon="-77.0004605"/>
  <node id="-804" version="1" lat="38.8813597" lon="-77.0005702"/>
  <node id="-805" version="1" lat="38.8826081" lon="-77.0005702"/>
  <node id="-806" version="1" lat="38.8827393" lon="-77.0006510"/>
  <node id="-807" version="1" lat="38.8832278" lon="-77.0016379"/>
  <node id="-808" version="1" lat="38.8832368" lon="-77.0081134"/>
  <node id="-809" version="1" lat="38.8833318" lon="-77.0083500"/>
  <node id="-810" version="1" lat="38.8850688" lon="-77.0106817"/>
  <node id="-811" version="1" lat="38.8875611" lon="-77.0148025"/>
  <node id="-812" version="1" lat="38.8877284" lon="-77.0934840"/>
  <node id="-813" version="1" lat="38.8879410" lon="-77.0930281"/>
  <node id="-814" version="1" lat="38.8881310" lon="-77.0925318"/>
  <node id="-815" version="1" lat="38.8885878" lon="-77.0910427"/>
  <node id="-816" version="1" lat="38.8885788" lon="-77.0905118"/>
  <node id="-817" version="1" lat="38.8900489" lon="-77.0895710"/>
  <node id="-818" version="1" lat="38.8908721" lon="-77.0874298"/>
  <node id="-819" version="1" lat="38.8910304" lon="-77.0863910"/>
  <node id="-820" version="1" lat="38.8911706" lon="-77.0859408"/>
  <node id="-821" version="1" lat="38.8913651" lon="-77.0855080"/>
  <node id="-822" version="1" lat="38.8915099" lon="-77.0850809"/>
  <node id="-823" version="1" lat="38.8916501" lon="-77.0841805"/>
  <node id="-824" version="1" lat="38.8923828" lon="-77.0822298"/>
  <node id="-825" version="1" lat="38.8938800" lon="-77.0787727"/>
  <node id="-826" version="1" lat="38.8940519" lon="-77.0782995"/>
  <node id="-827" version="1" lat="38.8942012" lon="-77.0777800"/>
  <node id="-828" version="1" lat="38.8943007" lon="-77.0772606"/>
  <node id="-829" version="1" lat="38.8658902" lon="-76.9893160"/>
  <node id="-830" version="1" lat="38.8643523" lon="-76.9900316"/>
  <node id="-831" version="1" lat="38.8639995" lon="-76.9902221"/>
  <node id="-832" version="1" lat="38.8638683" lon="-76.9903202"/>
  <node id="-833" version="1" lat="38.8636286" lon="-76.9906492"/>
  <node id="-834" version="1" lat="38.8622806" lon="-76.9931424"/>
  <node id="-835" version="1" lat="38.8621494" lon="-76.9932982"/>
  <node id="-836" version="1" lat="38.8610910" lon="-76.9940716"/>
  <node id="-837" version="1" lat="38.8593088" lon="-76.9952086"/>
  <node id="-838" version="1" lat="38.8589696" lon="-76.9953875"/>
  <node id="-839" version="1" lat="38.8582278" lon="-76.9956183"/>
  <node id="-840" version="1" lat="38.8562511" lon="-76.9960396"/>
  <node id="-841" version="1" lat="38.8558621" lon="-76.9960974"/>
  <node id="-842" version="1" lat="38.8554777" lon="-76.9960916"/>
  <node id="-843" version="1" lat="38.8523521" lon="-76.9958723"/>
  <node id="-844" version="1" lat="38.8504207" lon="-76.9959300"/>
  <node id="-845" version="1" lat="38.9002216" lon="-77.0319493" >
    <tag k="railway" v="railway_crossing"/>
    <tag k="start_date" v="1865"/>
    <tag k="end_date" v="1961"/>
  </node>
  <node id="-846" version="1" lat="38.9037407" lon="-77.0319609"/>
  <node id="-847" version="1" lat="38.9044780" lon="-77.0319089"/>
  <node id="-848" version="1" lat="38.9051882" lon="-77.0319262"/>
  <node id="-849" version="1" lat="38.9055184" lon="-77.0317416"/>
  <node id="-850" version="1" lat="38.9056541" lon="-77.0317531"/>
  <node id="-851" version="1" lat="38.9060024" lon="-77.0319493"/>
  <node id="-852" version="1" lat="38.9170029" lon="-77.0319551" >
    <tag k="railway" v="railway_crossing"/>
    <tag k="start_date" v="1893"/>
    <tag k="end_date" v="1962"/>
  </node>
  <node id="-853" version="1" lat="38.8766058" lon="-77.0176305" >
    <tag k="railway" v="switch"/>
    <tag k="start_date" v="1875"/>
    <tag k="end_date" v="1900"/>
  </node>
  <node id="-854" version="1" lat="38.8765289" lon="-77.0174920"/>
  <node id="-855" version="1" lat="38.8765515" lon="-77.0121072"/>
  <node id="-856" version="1" lat="38.8765379" lon="-77.0094408"/>
  <node id="-857" version="1" lat="38.8764701" lon="-77.0089387"/>
  <node id="-858" version="1" lat="38.8764384" lon="-77.0064282"/>
  <node id="-859" version="1" lat="38.8764610" lon="-77.0039580"/>
  <node id="-860" version="1" lat="38.8764520" lon="-76.9961897" >
    <tag k="railway" v="switch"/>
    <tag k="start_date" v="1888"/>
    <tag k="end_date" v="1900"/>
  </node>
  <node id="-861" version="1" lat="38.9633300" lon="-77.0868989"/>
  <node id="-862" version="1" lat="38.9651484" lon="-77.0877877"/>
  <node id="-863" version="1" lat="38.9659309" lon="-77.0881397"/>
  <node id="-864" version="1" lat="38.9666908" lon="-77.0884225"/>
  <node id="-865" version="1" lat="38.9674869" lon="-77.0886303"/>
  <node id="-866" version="1" lat="38.9682513" lon="-77.0887861"/>
  <node id="-867" version="1" lat="38.9748779" lon="-77.0898596"/>
  <node id="-868" version="1" lat="38.9760132" lon="-77.0901020"/>
  <node id="-869" version="1" lat="38.9764022" lon="-77.0902290"/>
  <node id="-870" version="1" lat="38.8859508" lon="-77.0953482"/>
  <node id="-871" version="1" lat="38.8858106" lon="-77.0949096"/>
  <node id="-872" version="1" lat="38.8856794" lon="-77.0946210"/>
  <node id="-873" version="1" lat="38.8851909" lon="-77.0938188"/>
  <node id="-874" version="1" lat="38.8849104" lon="-77.0934090"/>
  <node id="-875" version="1" lat="38.8846481" lon="-77.0930570"/>
  <node id="-876" version="1" lat="38.8843496" lon="-77.0927107"/>
  <node id="-877" version="1" lat="38.8840510" lon="-77.0924510"/>
  <node id="-878" version="1" lat="38.8833499" lon="-77.0919835"/>
  <node id="-879" version="1" lat="38.8801701" lon="-77.0899923"/>
  <node id="-880" version="1" lat="38.8798263" lon="-77.0897268"/>
  <node id="-881" version="1" lat="38.8794871" lon="-77.0893979"/>
  <node id="-882" version="1" lat="38.8792066" lon="-77.0890574"/>
  <node id="-883" version="1" lat="38.8752307" lon="-77.0834706"/>
  <node id="-884" version="1" lat="38.9418672" lon="-77.0255142" >
    <tag k="railway" v="switch"/>
    <tag k="start_date" v="1893"/>
    <tag k="end_date" v="1960"/>
  </node>
  <node id="-885" version="1" lat="38.9453456" lon="-77.0264145"/>
  <node id="-886" version="1" lat="38.9460693" lon="-77.0265877"/>
  <node id="-887" version="1" lat="38.9468202" lon="-77.0267262"/>
  <node id="-888" version="1" lat="38.8812602" lon="-76.9806993" >
    <tag k="railway" v="switch"/>
    <tag k="start_date" v="1908"/>
    <tag k="end_date" v="1923"/>
  </node>
  <node id="-897" version="1" lat="38.8783879" lon="-76.9804915"/>
  <node id="-898" version="1" lat="38.8779582" lon="-76.9800586"/>
  <node id="-899" version="1" lat="38.8777411" lon="-76.9796604"/>
  <node id="-900" version="1" lat="38.8757282" lon="-76.9756204"/>
  <node id="-901" version="1" lat="38.8746381" lon="-76.9729656"/>
  <node id="-902" version="1" lat="38.8742265" lon="-76.9720306"/>
  <node id="-903" version="1" lat="38.8734304" lon="-76.9703280"/>
  <node id="-904" version="1" lat="38.8729510" lon="-76.9691795"/>
  <node id="-905" version="1" lat="38.8877194" lon="-77.0319609" >
    <tag k="railway" v="switch"/>
    <tag k="start_date" v="1895"/>
    <tag k="end_date" v="1933"/>
  </node>
  <node id="-906" version="1" lat="38.8875701" lon="-77.0283191"/>
  <node id="-907" version="1" lat="38.8875249" lon="-77.0281171"/>
  <node id="-908" version="1" lat="38.8871992" lon="-77.0275977"/>
  <node id="-909" version="1" lat="38.8866021" lon="-77.0271013"/>
  <node id="-910" version="1" lat="38.8813733" lon="-77.0271013"/>
  <node id="-911" version="1" lat="38.8812511" lon="-77.0270321"/>
  <node id="-912" version="1" lat="38.8781482" lon="-77.0228420"/>
  <node id="-913" version="1" lat="38.9622163" lon="-77.1195816"/>
  <node id="-914" version="1" lat="38.9627013" lon="-77.1213195"/>
  <node id="-915" version="1" lat="38.9639220" lon="-77.1255791"/>
  <node id="-916" version="1" lat="38.9645727" lon="-77.1267486"/>
  <node id="-917" version="1" lat="38.9645644" lon="-77.1275640"/>
  <node id="-918" version="1" lat="38.9635613" lon="-77.1285487"/>
  <node id="-919" version="1" lat="38.9629478" lon="-77.1288522"/>
  <node id="-920" version="1" lat="38.9622989" lon="-77.1290343"/>
  <node id="-921" version="1" lat="38.9613197" lon="-77.1290039"/>
  <node id="-922" version="1" lat="38.9608831" lon="-77.1289280"/>
  <node id="-923" version="1" lat="38.9604938" lon="-77.1291253"/>
  <node id="-925" version="1" lat="38.9586485" lon="-77.1309404"/>
  <node id="-929" version="1" lat="38.9092410" lon="-77.0053893" >
    <tag k="railway" v="railway_crossing"/>
    <tag k="start_date" v="1908"/>
    <tag k="end_date" v="1958"/>
  </node>
  <node id="-930" version="1" lat="38.9084087" lon="-77.0033578"/>
  <node id="-931" version="1" lat="38.9080242" lon="-77.0025325"/>
  <node id="-932" version="1" lat="38.9074453" lon="-77.0011416"/>
  <node id="-933" version="1" lat="38.9047992" lon="-76.9949892"/>
  <node id="-934" version="1" lat="38.9046680" lon="-76.9949604"/>
  <node id="-935" version="1" lat="38.9001990" lon="-76.9949604" >
    <tag k="railway" v="railway_crossing"/>
    <tag k="start_date" v="1908"/>
    <tag k="end_date" v="1949"/>
  </node>
  <node id="-936" version="1" lat="38.9313914" lon="-77.0005587" >
    <tag k="railway" v="switch"/>
    <tag k="start_date" v="1899"/>
    <tag k="end_date" v="1925"/>
  </node>
  <node id="-937" version="1" lat="38.9324860" lon="-76.9978172"/>
  <node id="-938" version="1" lat="38.9323684" lon="-76.9973728"/>
  <node id="-939" version="1" lat="38.9323684" lon="-76.9951797"/>
  <node id="-940" version="1" lat="38.9323865" lon="-76.9941582"/>
  <node id="-941" version="1" lat="38.9325312" lon="-76.9911109"/>
  <node id="-942" version="1" lat="38.9326398" lon="-76.9910128"/>
  <node id="-943" version="1" lat="38.9351366" lon="-76.9912090"/>
  <node id="-944" version="1" lat="38.9354804" lon="-76.9911974"/>
  <node id="-945" version="1" lat="38.9362493" lon="-76.9909608"/>
  <node id="-946" version="1" lat="38.9381762" lon="-76.9902856"/>
  <node id="-947" version="1" lat="38.9383888" lon="-76.9902394"/>
  <node id="-948" version="1" lat="38.9610096" lon="-77.0280305"/>
  <node id="-949" version="1" lat="38.9646599" lon="-77.0277362"/>
  <node id="-950" version="1" lat="38.9706667" lon="-77.0271995"/>
  <node id="-951" version="1" lat="38.9736295" lon="-77.0268820" >
    <tag k="railway" v="switch"/>
    <tag k="start_date" v="1893"/>
    <tag k="end_date" v="1960"/>
  </node>
  <node id="-952" version="1" lat="38.9226705" lon="-77.0426784" >
    <tag k="railway" v="switch"/>
    <tag k="start_date" v="1900"/>
    <tag k="end_date" v="1961"/>
  </node>
  <node id="-953" version="1" lat="38.9243984" lon="-77.0400697"/>
  <node id="-954" version="1" lat="38.9250950" lon="-77.0389327"/>
  <node id="-955" version="1" lat="38.9255428" lon="-77.0381305"/>
  <node id="-956" version="1" lat="38.9266012" lon="-77.0363414"/>
  <node id="-957" version="1" lat="38.9270536" lon="-77.0366703"/>
  <node id="-958" version="1" lat="38.9274290" lon="-77.0368377"/>
  <node id="-959" version="1" lat="38.9312511" lon="-77.0383498"/>
  <node id="-960" version="1" lat="38.9324679" lon="-77.0387596"/>
  <node id="-961" version="1" lat="38.9036186" lon="-77.0531996" >
    <tag k="railway" v="switch"/>
    <tag k="start_date" v="1901"/>
    <tag k="end_date" v="1958"/>
  </node>
  <node id="-962" version="1" lat="38.9028994" lon="-77.0510238"/>
  <node id="-963" version="1" lat="38.9029673" lon="-77.0508738"/>
  <node id="-964" version="1" lat="38.9030261" lon="-77.0505390"/>
  <node id="-965" version="1" lat="38.9030170" lon="-77.0503659"/>
  <node id="-966" version="1" lat="38.9029763" lon="-77.0501985"/>
  <node id="-967" version="1" lat="38.9029130" lon="-77.0500427"/>
  <node id="-968" version="1" lat="38.9027230" lon="-77.0498003"/>
  <node id="-969" version="1" lat="38.9026054" lon="-77.0497195"/>
  <node id="-970" version="1" lat="38.9024742" lon="-77.0496733"/>
  <node id="-971" version="1" lat="38.9023521" lon="-77.0495636"/>
  <node id="-972" version="1" lat="38.8988194" lon="-77.0394579" >
    <tag k="railway" v="switch"/>
    <tag k="start_date" v="1895"/>
    <tag k="end_date" v="1961"/>
  </node>
  <node id="-973" version="1" lat="38.8935815" lon="-76.9949604" >
    <tag k="railway" v="railway_crossing"/>
    <tag k="start_date" v="1908"/>
    <tag k="end_date" v="1961"/>
  </node>
  <node id="-974" version="1" lat="38.8935815" lon="-76.9884214"/>
  <node id="-975" version="1" lat="38.8936584" lon="-76.9883117"/>
  <node id="-976" version="1" lat="38.8942012" lon="-76.9883002"/>
  <node id="-977" version="1" lat="38.8947214" lon="-76.9883117"/>
  <node id="-978" version="1" lat="38.8947892" lon="-76.9885253"/>
  <node id="-979" version="1" lat="38.8947802" lon="-76.9949604" >
    <tag k="railway" v="railway_crossing"/>
    <tag k="start_date" v="1908"/>
    <tag k="end_date" v="1961"/>
  </node>
  <node id="-980" version="1" lat="38.8765515" lon="-76.9914975"/>
  <node id="-981" version="1" lat="38.8762846" lon="-76.9915783"/>
  <node id="-982" version="1" lat="38.8743803" lon="-76.9915726"/>
  <node id="-983" version="1" lat="38.8740501" lon="-76.9915322"/>
  <node id="-984" version="1" lat="38.8736611" lon="-76.9914283"/>
  <node id="-985" version="1" lat="38.8728695" lon="-76.9911109"/>
  <node id="-986" version="1" lat="38.8724986" lon="-76.9909089"/>
  <node id="-987" version="1" lat="38.8721820" lon="-76.9906896"/>
  <node id="-988" version="1" lat="38.8698978" lon="-76.9889120"/>
  <node id="-989" version="1" lat="38.8688212" lon="-76.9882078"/>
  <node id="-990" version="1" lat="38.8686901" lon="-76.9881790"/>
  <node id="-991" version="1" lat="38.8684820" lon="-76.9881790"/>
  <node id="-992" version="1" lat="38.8681608" lon="-76.9882713"/>
  <node id="-993" version="1" lat="38.9002443" lon="-77.0091119" >
    <tag k="railway" v="railway_crossing"/>
    <tag k="start_date" v="1890"/>
    <tag k="end_date" v="1949"/>
  </node>
  <node id="-994" version="1" lat="38.9002714" lon="-77.0087944"/>
  <node id="-995" version="1" lat="38.9002895" lon="-77.0035309"/>
  <node id="-996" version="1" lat="38.9002714" lon="-77.0021920"/>
  <node id="-997" version="1" lat="38.9002081" lon="-77.0017880"/>
  <node id="-998" version="1" lat="38.9190022" lon="-77.0219013" >
    <tag k="railway" v="switch"/>
    <tag k="start_date" v="1896"/>
    <tag k="end_date" v="1935"/>
  </node>
  <node id="-999" version="1" lat="38.9198390" lon="-77.0219128"/>
  <node id="-1000" version="1" lat="38.9202370" lon="-77.0219532"/>
  <node id="-1001" version="1" lat="38.9299982" lon="-77.0233672" >
    <tag k="railway" v="switch"/>
    <tag k="start_date" v="1893"/>
    <tag k="end_date" v="1895"/>
  </node>
  <node id="-1002" version="1" lat="38.9769088" lon="-77.0265357"/>
  <node id="-1003" version="1" lat="38.9781301" lon="-77.0264319"/>
  <node id="-1004" version="1" lat="38.9841958" lon="-77.0266050"/>
  <node id="-1005" version="1" lat="38.9137869" lon="-77.0158586" >
    <tag k="railway" v="switch"/>
    <tag k="start_date" v="1908"/>
    <tag k="end_date" v="1935"/>
  </node>
  <node id="-1006" version="1" lat="38.9137778" lon="-77.0158182"/>
  <node id="-1007" version="1" lat="38.9139316" lon="-77.0157778"/>
  <node id="-1008" version="1" lat="38.9155509" lon="-77.0156797"/>
  <node id="-1009" version="1" lat="38.9174417" lon="-77.0159510"/>
  <node id="-1010" version="1" lat="38.9174914" lon="-77.0160780"/>
  <node id="-1011" version="1" lat="38.9173602" lon="-77.0174573"/>
  <node id="-1012" version="1" lat="38.9174959" lon="-77.0175843"/>
  <node id="-1013" version="1" lat="38.9193098" lon="-77.0178613"/>
  <node id="-1014" version="1" lat="38.9193505" lon="-77.0180633"/>
  <node id="-1015" version="1" lat="38.9138683" lon="-77.0162511" >
    <tag k="railway" v="switch"/>
    <tag k="start_date" v="1908"/>
    <tag k="end_date" v="1935"/>
  </node>
  <node id="-1016" version="1" lat="38.9096608" lon="-77.0443189" >
    <tag k="railway" v="switch"/>
    <tag k="start_date" v="1883"/>
    <tag k="end_date" v="1935"/>
  </node>
  <node id="-1019" version="1" lat="38.9096481" lon="-77.0528418"/>
  <node id="-1020" version="1" lat="38.9094219" lon="-77.0538114"/>
  <node id="-1021" version="1" lat="38.9093993" lon="-77.0539903"/>
  <node id="-1022" version="1" lat="38.9093541" lon="-77.0571934" >
    <tag k="railway" v="switch"/>
    <tag k="start_date" v="1873"/>
    <tag k="end_date" v="1935"/>
  </node>
  <node id="-1023" version="1" lat="38.8973584" lon="-77.0417088" >
    <tag k="railway" v="switch"/>
    <tag k="start_date" v="1916"/>
    <tag k="end_date" v="1958"/>
  </node>
  <node id="-1024" version="1" lat="38.8950199" lon="-77.0417088"/>
  <node id="-1025" version="1" lat="38.8930704" lon="-77.0417492"/>
  <node id="-1026" version="1" lat="38.8926678" lon="-77.0417319"/>
  <node id="-1027" version="1" lat="38.8926497" lon="-77.0418877"/>
  <node id="-1028" version="1" lat="38.8935001" lon="-77.0434806"/>
  <node id="-1029" version="1" lat="38.8973584" lon="-77.0434690" >
    <tag k="railway" v="switch"/>
    <tag k="start_date" v="1916"/>
    <tag k="end_date" v="1958"/>
  </node>
  <node id="-1030" version="1" lat="38.9200787" lon="-77.0319320"/>
  <node id="-1031" version="1" lat="38.9205084" lon="-77.0318397"/>
  <node id="-1032" version="1" lat="38.9209200" lon="-77.0318512"/>
  <node id="-1033" version="1" lat="38.9293016" lon="-77.0327111"/>
  <node id="-1034" version="1" lat="38.8973584" lon="-77.0533728"/>
  <node id="-1035" version="1" lat="38.8973901" lon="-77.0546540"/>
  <node id="-1036" version="1" lat="38.8975348" lon="-77.0547521"/>
  <node id="-1037" version="1" lat="38.8982676" lon="-77.0547521" >
    <tag k="railway" v="switch"/>
    <tag k="start_date" v="1901"/>
    <tag k="end_date" v="1958"/>
  </node>
  <node id="-1038" version="1" lat="38.9422200" lon="-77.0135501"/>
  <node id="-1039" version="1" lat="38.9421295" lon="-77.0133192"/>
  <node id="-1040" version="1" lat="38.9002216" lon="-77.0394521" >
    <tag k="railway" v="switch"/>
    <tag k="start_date" v="1873"/>
    <tag k="end_date" v="1961"/>
  </node>
  <node id="-1041" version="1" lat="38.9019450" lon="-77.0394521"/>
  <node id="-1042" version="1" lat="38.9023295" lon="-77.0395099"/>
  <node id="-1043" version="1" lat="38.9027004" lon="-77.0395214"/>
  <node id="-1044" version="1" lat="38.9028496" lon="-77.0395791"/>
  <node id="-1045" version="1" lat="38.9079112" lon="-77.0425225"/>
  <node id="-1046" version="1" lat="38.9082911" lon="-77.0427014"/>
  <node id="-1048" version="1" lat="38.9143477" lon="-77.0462220"/>
  <node id="-1049" version="1" lat="38.9144382" lon="-77.0460893"/>
  <node id="-1050" version="1" lat="38.9146418" lon="-77.0461527"/>
  <node id="-1051" version="1" lat="38.9158269" lon="-77.0462624"/>
  <node id="-1052" version="1" lat="38.9162204" lon="-77.0462682"/>
  <node id="-1053" version="1" lat="38.9165099" lon="-77.0463028"/>
  <node id="-1054" version="1" lat="38.9166591" lon="-77.0462682"/>
  <node id="-1055" version="1" lat="38.9173286" lon="-77.0458757"/>
  <node id="-1056" version="1" lat="38.9195133" lon="-77.0444906"/>
  <node id="-1057" version="1" lat="38.9198571" lon="-77.0443001"/>
  <node id="-1058" version="1" lat="38.9205989" lon="-77.0439308"/>
  <node id="-1059" version="1" lat="38.9220916" lon="-77.0432901"/>
  <node id="-1060" version="1" lat="38.9223222" lon="-77.0431689"/>
  <node id="-1061" version="1" lat="38.9224579" lon="-77.0430073"/>
  <node id="-1062" version="1" lat="38.9206803" lon="-77.0270379" >
    <tag k="railway" v="switch"/>
    <tag k="start_date" v="1902"/>
    <tag k="end_date" v="1933"/>
  </node>
  <node id="-1063" version="1" lat="38.9265560" lon="-77.0270379"/>
  <node id="-1064" version="1" lat="38.9269721" lon="-77.0270956"/>
  <node id="-1065" version="1" lat="38.9296816" lon="-77.0277420"/>
  <node id="-1066" version="1" lat="38.9001990" lon="-76.9841621"/>
  <node id="-1067" version="1" lat="38.8727791" lon="-76.9689718"/>
  <node id="-1068" version="1" lat="38.8705717" lon="-76.9634889"/>
  <node id="-1069" version="1" lat="38.8686720" lon="-76.9589584"/>
  <node id="-1070" version="1" lat="38.9266600" lon="-77.0091119"/>
  <node id="-1071" version="1" lat="38.9269721" lon="-77.0066013"/>
  <node id="-1072" version="1" lat="38.9270400" lon="-77.0062204"/>
  <node id="-1073" version="1" lat="38.9271078" lon="-77.0060299"/>
  <node id="-1074" version="1" lat="38.9272390" lon="-77.0058222"/>
  <node id="-1075" version="1" lat="38.9292021" lon="-77.0041658"/>
  <node id="-1076" version="1" lat="38.9295278" lon="-77.0038484"/>
  <node id="-1077" version="1" lat="38.9298082" lon="-77.0035194"/>
  <node id="-1078" version="1" lat="38.9300615" lon="-77.0031616"/>
  <node id="-1079" version="1" lat="38.9308486" lon="-77.0017187"/>
  <node id="-1080" version="1" lat="38.9310566" lon="-77.0013205"/>
  <node id="-1081" version="1" lat="38.8898091" lon="-76.9949662" >
    <tag k="railway" v="railway_crossing"/>
    <tag k="start_date" v="1908"/>
    <tag k="end_date" v="1962"/>
  </node>
  <node id="-1082" version="1" lat="38.8898091" lon="-77.0059318" >
    <tag k="railway" v="switch"/>
    <tag k="start_date" v="1908"/>
    <tag k="end_date" v="1962"/>
  </node>
  <node id="-1083" version="1" lat="38.8860413" lon="-77.0175612"/>
  <node id="-1084" version="1" lat="38.8785915" lon="-77.0175612"/>
  <node id="-1085" version="1" lat="38.8777818" lon="-77.0176536"/>
  <node id="-1086" version="1" lat="38.8775014" lon="-77.0176016" >
    <tag k="railway" v="switch"/>
    <tag k="start_date" v="1875"/>
    <tag k="end_date" v="1935"/>
  </node>
  <node id="-1087" version="1" lat="38.9683011" lon="-77.1403882"/>
  <node id="-1088" version="1" lat="38.9722092" lon="-77.1450746"/>
  <node id="-1089" version="1" lat="38.9722680" lon="-77.1452420" >
    <tag k="railway" v="switch"/>
    <tag k="start_date" v="1897"/>
    <tag k="end_date" v="1960"/>
  </node>
  <node id="-1090" version="1" lat="38.9661570" lon="-77.1379238"/>
  <node id="-1091" version="1" lat="38.9664827" lon="-77.1382182"/>
  <node id="-1092" version="1" lat="38.9667858" lon="-77.1385702"/>
  <node id="-1093" version="1" lat="38.8876018" lon="-77.0039292"/>
  <node id="-1094" version="1" lat="38.8875520" lon="-77.0035194"/>
  <node id="-1095" version="1" lat="38.8873847" lon="-77.0030692"/>
  <node id="-1096" version="1" lat="38.8860322" lon="-76.9997622"/>
  <node id="-1097" version="1" lat="38.8860277" lon="-76.9995602"/>
  <node id="-1098" version="1" lat="38.8861001" lon="-76.9993813"/>
  <node id="-1099" version="1" lat="38.8841551" lon="-76.9949719" >
    <tag k="railway" v="switch"/>
    <tag k="start_date" v="1901"/>
    <tag k="end_date" v="1962"/>
  </node>
  <node id="-1101" version="1" lat="38.9170391" lon="-77.0416626" >
    <tag k="railway" v="switch"/>
    <tag k="start_date" v="1893"/>
    <tag k="end_date" v="1899"/>
  </node>
  <node id="-1102" version="1" lat="38.9170119" lon="-77.0411316"/>
  <node id="-1103" version="1" lat="38.8983490" lon="-77.0434690" >
    <tag k="railway" v="switch"/>
    <tag k="start_date" v="1916"/>
    <tag k="end_date" v="1958"/>
  </node>
  <node id="-1104" version="1" lat="38.8983490" lon="-77.0498176"/>
  <node id="-1105" version="1" lat="38.8983309" lon="-77.0519126"/>
  <node id="-1106" version="1" lat="38.8982947" lon="-77.0520915"/>
  <node id="-1107" version="1" lat="38.8983309" lon="-77.0530207" >
    <tag k="railway" v="switch"/>
    <tag k="start_date" v="1901"/>
    <tag k="end_date" v="1958"/>
  </node>
  <node id="-1108" version="1" lat="38.9096691" lon="-77.0270348" >
    <tag k="railway" v="switch"/>
    <tag k="start_date" v="1876"/>
    <tag k="end_date" v="1933"/>
  </node>
  <node id="-1109" version="1" lat="38.9170029" lon="-77.0270379" >
    <tag k="railway" v="railway_crossing"/>
    <tag k="start_date" v="1893"/>
    <tag k="end_date" v="1961"/>
  </node>
  <node id="-1110" version="1" lat="38.9085806" lon="-77.0270379" >
    <tag k="railway" v="switch"/>
    <tag k="start_date" v="1875"/>
    <tag k="end_date" v="1933"/>
  </node>
  <node id="-1111" version="1" lat="38.9011715" lon="-77.0270379" >
    <tag k="railway" v="railway_crossing"/>
    <tag k="start_date" v="1875"/>
    <tag k="end_date" v="1949"/>
  </node>
  <node id="-1112" version="1" lat="38.9096691" lon="-77.0240951" >
    <tag k="railway" v="railway_crossing"/>
    <tag k="start_date" v="1876"/>
    <tag k="end_date" v="1933"/>
  </node>
  <node id="-1113" version="1" lat="38.9169984" lon="-77.0239502" >
    <tag k="railway" v="switch"/>
    <tag k="start_date" v="1872"/>
    <tag k="end_date" v="1933"/>
  </node>
  <node id="-1114" version="1" lat="38.9491722" lon="-77.0327400"/>
  <node id="-1115" version="1" lat="38.9492898" lon="-77.0328093"/>
  <node id="-1116" version="1" lat="38.9498598" lon="-77.0333287"/>
  <node id="-1117" version="1" lat="38.9500498" lon="-77.0334326"/>
  <node id="-1118" version="1" lat="38.9554505" lon="-77.0334210"/>
  <node id="-1119" version="1" lat="38.9074679" lon="-77.0091003" >
    <tag k="railway" v="switch"/>
    <tag k="start_date" v="1890"/>
    <tag k="end_date" v="1958"/>
  </node>
  <node id="-1120" version="1" lat="38.9231952" lon="-77.0435960"/>
  <node id="-1121" version="1" lat="38.9232495" lon="-77.0438096"/>
  <node id="-1122" version="1" lat="38.9232405" lon="-77.0471108"/>
  <node id="-1123" version="1" lat="38.8875339" lon="-77.0176016" >
    <tag k="railway" v="switch"/>
    <tag k="start_date" v="1875"/>
    <tag k="end_date" v="1960"/>
  </node>
  <node id="-1124" version="1" lat="38.8909987" lon="-77.0176016"/>
  <node id="-1125" version="1" lat="38.8916675" lon="-77.0198679"/>
  <node id="-1126" version="1" lat="38.8922353" lon="-77.0199001"/>
  <node id="-1127" version="1" lat="38.8920888" lon="-77.0219186" >
    <tag k="railway" v="switch"/>
    <tag k="start_date" v="1872"/>
    <tag k="end_date" v="1935"/>
  </node>
  <node id="-1130" version="1" lat="38.9058802" lon="-77.0702714" >
    <tag k="railway" v="switch"/>
    <tag k="start_date" v="1906"/>
    <tag k="end_date" v="1923"/>
  </node>
  <node id="-1131" version="1" lat="38.9736114" lon="-77.0263799"/>
  <node id="-1132" version="1" lat="38.9736114" lon="-77.0180287"/>
  <node id="-1133" version="1" lat="38.9990139" lon="-76.9230602"/>
  <node id="-1134" version="1" lat="38.8864529" lon="-77.0220975" >
    <tag k="railway" v="switch"/>
    <tag k="start_date" v="1875"/>
    <tag k="end_date" v="1960"/>
  </node>
  <node id="-1136" version="1" lat="38.8775963" lon="-77.0220052" >
    <tag k="railway" v="switch"/>
    <tag k="start_date" v="1875"/>
    <tag k="end_date" v="1935"/>
  </node>
  <node id="-1137" version="1" lat="38.8774652" lon="-77.0220283"/>
  <node id="-1138" version="1" lat="38.8722680" lon="-77.0191368"/>
  <node id="-1139" version="1" lat="38.8722001" lon="-77.0190041"/>
  <node id="-1140" version="1" lat="38.8722001" lon="-77.0178786"/>
  <node id="-1142" version="1" lat="38.8923376" lon="-77.0180980"/>
  <node id="-1143" version="1" lat="38.8918401" lon="-77.0162107"/>
  <node id="-1144" version="1" lat="38.8909218" lon="-77.0130249"/>
  <node id="-1145" version="1" lat="38.8907907" lon="-77.0124304"/>
  <node id="-1146" version="1" lat="38.8908811" lon="-77.0122400" >
    <tag k="railway" v="switch"/>
    <tag k="start_date" v="1895"/>
    <tag k="end_date" v="1933"/>
  </node>
  <node id="-1147" version="1" lat="38.8928533" lon="-77.0199108" >
    <tag k="railway" v="switch"/>
    <tag k="start_date" v="1936"/>
    <tag k="end_date" v="1961"/>
  </node>
  <node id="-1149" version="1" lat="38.8935964" lon="-77.0198894"/>
  <node id="-1150" version="1" lat="38.8935906" lon="-77.0155585"/>
  <node id="-1151" version="1" lat="38.8935589" lon="-77.0150333"/>
  <node id="-1152" version="1" lat="38.8935318" lon="-77.0136309"/>
  <node id="-1153" version="1" lat="38.8936494" lon="-77.0125228" >
    <tag k="railway" v="switch"/>
    <tag k="start_date" v="1936"/>
    <tag k="end_date" v="1961"/>
  </node>
  <node id="-1154" version="1" lat="38.9096436" lon="-77.0219186" >
    <tag k="railway" v="railway_crossing"/>
    <tag k="start_date" v="1876"/>
    <tag k="end_date" v="1933"/>
  </node>
  <node id="-1155" version="1" lat="38.9162792" lon="-77.0219128" >
    <tag k="railway" v="railway_crossing"/>
    <tag k="start_date" v="1873"/>
    <tag k="end_date" v="1960"/>
  </node>
  <node id="-1158" version="1" lat="38.9077156" lon="-77.0571935"/>
  <node id="-1160" version="1" lat="38.9076154" lon="-77.0634270" >
    <tag k="railway" v="switch"/>
    <tag k="start_date" v="1890"/>
    <tag k="end_date" v="1935"/>
  </node>
  <node id="-1161" version="1" lat="38.8945902" lon="-77.0019842" >
    <tag k="railway" v="switch"/>
    <tag k="start_date" v="1908"/>
    <tag k="end_date" v="1961"/>
  </node>
  <node id="-1162" version="1" lat="38.8942193" lon="-77.0010723"/>
  <node id="-1163" version="1" lat="38.8941514" lon="-77.0007722"/>
  <node id="-1164" version="1" lat="38.8941062" lon="-77.0003105"/>
  <node id="-1165" version="1" lat="38.8940808" lon="-76.9984531"/>
  <node id="-1168" version="1" lat="38.8935881" lon="-76.9984639"/>
  <node id="-1169" version="1" lat="38.8960195" lon="-77.0059549" >
    <tag k="railway" v="switch"/>
    <tag k="start_date" v="1908"/>
    <tag k="end_date" v="1961"/>
  </node>
  <node id="-1170" version="1" lat="38.8959879" lon="-77.0054124"/>
  <node id="-1171" version="1" lat="38.8958929" lon="-77.0050950"/>
  <node id="-1172" version="1" lat="38.8956803" lon="-77.0046564"/>
  <node id="-1173" version="1" lat="38.8955989" lon="-77.0301429"/>
  <node id="-1174" version="1" lat="38.8955582" lon="-77.0297908"/>
  <node id="-1175" version="1" lat="38.8951601" lon="-77.0282672"/>
  <node id="-1176" version="1" lat="38.8939705" lon="-77.0239790" >
    <tag k="railway" v="switch"/>
    <tag k="start_date" v="1895"/>
    <tag k="end_date" v="1933"/>
  </node>
  <node id="-1177" version="1" lat="38.8948073" lon="-77.0162857" >
    <tag k="railway" v="switch"/>
    <tag k="start_date" v="1865"/>
    <tag k="end_date" v="1961"/>
  </node>
  <node id="-1178" version="1" lat="38.8947756" lon="-77.0164646"/>
  <node id="-1179" version="1" lat="38.8948028" lon="-77.0167590"/>
  <node id="-1180" version="1" lat="38.8947802" lon="-77.0186578"/>
  <node id="-1181" version="1" lat="38.8948118" lon="-77.0188194"/>
  <node id="-1182" version="1" lat="38.8948797" lon="-77.0189290"/>
  <node id="-1183" version="1" lat="38.8973457" lon="-77.0189452"/>
  <node id="-1185" version="1" lat="38.8973403" lon="-77.0217916"/>
  <node id="-1186" version="1" lat="38.8972906" lon="-77.0219186" >
    <tag k="railway" v="railway_crossing"/>
    <tag k="start_date" v="1865"/>
    <tag k="end_date" v="1960"/>
  </node>
  <node id="-1187" version="1" lat="38.8973313" lon="-76.9949604" >
    <tag k="railway" v="switch"/>
    <tag k="start_date" v="1908"/>
    <tag k="end_date" v="1962"/>
  </node>
  <node id="-1188" version="1" lat="38.8973403" lon="-77.0032135"/>
  <node id="-1189" version="1" lat="38.9136964" lon="-77.0158471"/>
  <node id="-1190" version="1" lat="38.9108106" lon="-77.0090946" >
    <tag k="railway" v="railway_crossing"/>
    <tag k="start_date" v="1908"/>
    <tag k="end_date" v="1958"/>
  </node>
  <node id="-1191" version="1" lat="38.9005111" lon="-77.0707447" >
    <tag k="railway" v="switch"/>
    <tag k="start_date" v="1923"/>
    <tag k="end_date" v="1956"/>
  </node>
  <node id="-1192" version="1" lat="38.8993396" lon="-77.0713276"/>
  <node id="-1193" version="1" lat="38.9050615" lon="-77.0686901" >
    <tag k="railway" v="switch"/>
    <tag k="start_date" v="1923"/>
    <tag k="end_date" v="1956"/>
  </node>
  <node id="-1194" version="1" lat="38.9049213" lon="-77.0687074"/>
  <node id="-1195" version="1" lat="38.9038267" lon="-77.0691864"/>
  <node id="-1196" version="1" lat="38.9316537" lon="-77.0236096"/>
  <node id="-1197" version="1" lat="38.9321196" lon="-77.0236212"/>
  <node id="-1198" version="1" lat="38.9333816" lon="-77.0238694"/>
  <node id="-1199" version="1" lat="38.9335987" lon="-77.0239386"/>
  <node id="-1200" version="1" lat="38.9338610" lon="-77.0239328"/>
  <node id="-1201" version="1" lat="38.9362267" lon="-77.0242676"/>
  <node id="-1202" version="1" lat="38.8948299" lon="-77.0736304"/>
  <node id="-1203" version="1" lat="38.8949385" lon="-77.0726146"/>
  <node id="-1204" version="1" lat="38.8951013" lon="-77.0716220"/>
  <node id="-1205" version="1" lat="38.8951782" lon="-77.0715008"/>
  <node id="-1206" version="1" lat="38.8961779" lon="-77.0715296"/>
  <node id="-1207" version="1" lat="38.8970011" lon="-77.0715123"/>
  <node id="-1208" version="1" lat="38.8980279" lon="-77.0714430"/>
  <node id="-1209" version="1" lat="38.8981409" lon="-77.0716277" >
    <tag k="railway" v="switch"/>
    <tag k="start_date" v="1906"/>
    <tag k="end_date" v="1932"/>
  </node>
  <node id="-1210" version="1" lat="38.8812828" lon="-76.9881270"/>
  <node id="-1211" version="1" lat="38.9037045" lon="-77.0547521"/>
  <node id="-1212" version="1" lat="38.9041116" lon="-77.0546483" >
    <tag k="railway" v="switch"/>
    <tag k="start_date" v="1895"/>
    <tag k="end_date" v="1958"/>
  </node>
  <node id="-1213" version="1" lat="38.8936222" lon="-77.0058914"/>
  <node id="-1214" version="1" lat="38.8935815" lon="-77.0053835"/>
  <node id="-1215" version="1" lat="38.9196083" lon="-77.0416511"/>
  <node id="-1216" version="1" lat="38.9385878" lon="-77.0246716"/>
  <node id="-1217" version="1" lat="38.8472318" lon="-76.9960396"/>
  <node id="-1218" version="1" lat="38.8468609" lon="-76.9961320"/>
  <node id="-1219" version="1" lat="38.8466121" lon="-76.9962590"/>
  <node id="-1220" version="1" lat="38.8450109" lon="-76.9974479"/>
  <node id="-1223" version="1" lat="38.9085922" lon="-77.0241165" >
    <tag k="railway" v="railway_crossing"/>
    <tag k="start_date" v="1875"/>
    <tag k="end_date" v="1933"/>
  </node>
  <node id="-1224" version="1" lat="38.9085716" lon="-77.0219186" >
    <tag k="railway" v="railway_crossing"/>
    <tag k="start_date" v="1875"/>
    <tag k="end_date" v="1933"/>
  </node>
  <node id="-1225" version="1" lat="38.9028838" lon="-77.0219290" >
    <tag k="railway" v="switch"/>
    <tag k="start_date" v="1888"/>
    <tag k="end_date" v="1958"/>
  </node>
  <node id="-1226" version="1" lat="38.8983354" lon="-77.0532054"/>
  <node id="-1227" version="1" lat="38.8984847" lon="-77.0532977"/>
  <node id="-1228" version="1" lat="38.9032251" lon="-77.0532977"/>
  <node id="-1229" version="1" lat="38.9054324" lon="-77.0148083" >
    <tag k="railway" v="railway_crossing"/>
    <tag k="start_date" v="1908"/>
    <tag k="end_date" v="1958"/>
  </node>
  <node id="-1234" version="1" lat="38.9002216" lon="-77.0128517" >
    <tag k="railway" v="switch"/>
    <tag k="start_date" v="1908"/>
    <tag k="end_date" v="1949"/>
  </node>
  <node id="-1239" version="1" lat="38.8947983" lon="-77.0018457"/>
  <node id="-1240" version="1" lat="38.9146599" lon="-77.0181326" >
    <tag k="railway" v="switch"/>
    <tag k="start_date" v="1908"/>
    <tag k="end_date" v="1962"/>
  </node>
  <node id="-1241" version="1" lat="38.9145649" lon="-77.0180460"/>
  <node id="-1242" version="1" lat="38.9141713" lon="-77.0179306"/>
  <node id="-1243" version="1" lat="38.9096390" lon="-77.0162915" >
    <tag k="railway" v="switch"/>
    <tag k="start_date" v="1876"/>
    <tag k="end_date" v="1935"/>
  </node>
  <node id="-1244" version="1" lat="38.8983264" lon="-77.0270379" >
    <tag k="railway" v="railway_crossing"/>
    <tag k="start_date" v="1891"/>
    <tag k="end_date" v="1958"/>
  </node>
  <node id="-1245" version="1" lat="38.8983219" lon="-77.0334787"/>
  <node id="-1246" version="1" lat="38.8982178" lon="-77.0336288" >
    <tag k="railway" v="switch"/>
    <tag k="start_date" v="1891"/>
    <tag k="end_date" v="1958"/>
  </node>
  <node id="-1247" version="1" lat="38.8973584" lon="-77.0270379" >
    <tag k="railway" v="railway_crossing"/>
    <tag k="start_date" v="1875"/>
    <tag k="end_date" v="1961"/>
  </node>
  <node id="-1248" version="1" lat="38.8973584" lon="-77.0336173" >
    <tag k="railway" v="switch"/>
    <tag k="start_date" v="1895"/>
    <tag k="end_date" v="1961"/>
  </node>
  <node id="-1249" version="1" lat="38.9100688" lon="-77.0439308"/>
  <node id="-1250" version="1" lat="38.9101456" lon="-77.0437807"/>
  <node id="-1251" version="1" lat="38.9120138" lon="-77.0448715"/>
  <node id="-1252" version="1" lat="38.9127510" lon="-77.0453332"/>
  <node id="-1253" version="1" lat="38.9141985" lon="-77.0461585"/>
  <node id="-1254" version="1" lat="38.9158721" lon="-77.0090888" >
    <tag k="railway" v="switch"/>
    <tag k="start_date" v="1890"/>
    <tag k="end_date" v="1894"/>
  </node>
  <node id="-1257" version="1" lat="38.9561380" lon="-77.0334210"/>
  <node id="-1258" version="1" lat="38.9562149" lon="-77.0332306"/>
  <node id="-1259" version="1" lat="38.9058395" lon="-77.0135674"/>
  <node id="-1260" version="1" lat="38.9063009" lon="-77.0122919"/>
  <node id="-1261" version="1" lat="38.9072598" lon="-77.0095101"/>
  <node id="-1262" version="1" lat="38.8875882" lon="-77.0121476" >
    <tag k="railway" v="switch"/>
    <tag k="start_date" v="1941"/>
    <tag k="end_date" v="1960"/>
  </node>
  <node id="-1263" version="1" lat="38.8876108" lon="-77.0059203" >
    <tag k="railway" v="switch"/>
    <tag k="start_date" v="1908"/>
    <tag k="end_date" v="1962"/>
  </node>
  <node id="-1264" version="1" lat="38.8812692" lon="-76.9832271"/>
  <node id="-1265" version="1" lat="38.8812783" lon="-76.9829212"/>
  <node id="-1266" version="1" lat="38.8800887" lon="-76.9852009"/>
  <node id="-1267" version="1" lat="38.8801610" lon="-76.9850509"/>
  <node id="-1268" version="1" lat="38.8802515" lon="-76.9849528"/>
  <node id="-1269" version="1" lat="38.8805410" lon="-76.9848027"/>
  <node id="-1270" version="1" lat="38.8764520" lon="-76.9949777" >
    <tag k="railway" v="switch"/>
    <tag k="start_date" v="1895"/>
    <tag k="end_date" v="1900"/>
  </node>
  <node id="-1271" version="1" lat="38.8812692" lon="-76.9949892" >
    <tag k="railway" v="railway_crossing"/>
    <tag k="start_date" v="1895"/>
    <tag k="end_date" v="1935"/>
  </node>
  <node id="-1272" version="1" lat="38.9575719" lon="-77.0282095"/>
  <node id="-1273" version="1" lat="38.9579700" lon="-77.0282383"/>
  <node id="-1274" version="1" lat="38.9583499" lon="-77.0282325"/>
  <node id="-1275" version="1" lat="38.8787995" lon="-76.9915322"/>
  <node id="-1276" version="1" lat="38.8812014" lon="-76.9915322"/>
  <node id="-1277" version="1" lat="38.8812692" lon="-76.9916476"/>
  <node id="-1278" version="1" lat="38.9178759" lon="-77.0241233"/>
  <node id="-1279" version="1" lat="38.9182377" lon="-77.0242618"/>
  <node id="-1280" version="1" lat="38.9189388" lon="-77.0245792"/>
  <node id="-1281" version="1" lat="38.9195585" lon="-77.0249602"/>
  <node id="-1282" version="1" lat="38.9201420" lon="-77.0255431"/>
  <node id="-1283" version="1" lat="38.9202868" lon="-77.0257566"/>
  <node id="-1284" version="1" lat="38.9205129" lon="-77.0261433"/>
  <node id="-1285" version="1" lat="38.9206215" lon="-77.0263915"/>
  <node id="-1286" version="1" lat="38.9207346" lon="-77.0268359"/>
  <node id="-1287" version="1" lat="38.8762168" lon="-77.0175612"/>
  <node id="-1288" version="1" lat="38.8721323" lon="-77.0175497"/>
  <node id="-1289" version="1" lat="38.8720689" lon="-77.0174227"/>
  <node id="-1290" version="1" lat="38.8987516" lon="-77.0392213"/>
  <node id="-1291" version="1" lat="38.8988013" lon="-77.0336288" >
    <tag k="railway" v="switch"/>
    <tag k="start_date" v="1865"/>
    <tag k="end_date" v="1962"/>
  </node>
  <node id="-1292" version="1" lat="38.9002443" lon="-77.0336403" >
    <tag k="railway" v="switch"/>
    <tag k="start_date" v="1865"/>
    <tag k="end_date" v="1961"/>
  </node>
  <node id="-1293" version="1" lat="38.9155690" lon="-77.0035078" >
    <tag k="railway" v="switch"/>
    <tag k="start_date" v="1889"/>
    <tag k="end_date" v="1894"/>
  </node>
  <node id="-1294" version="1" lat="38.9155690" lon="-77.0088406"/>
  <node id="-1295" version="1" lat="38.9204089" lon="-77.0090888" >
    <tag k="railway" v="switch"/>
    <tag k="start_date" v="1890"/>
    <tag k="end_date" v="1894"/>
  </node>
  <node id="-1301" version="1" lat="38.9049029" lon="-77.0161785" >
    <tag k="railway" v="railway_crossing"/>
    <tag k="start_date" v="1888"/>
    <tag k="end_date" v="1933"/>
  </node>
  <node id="-1302" version="1" lat="38.9084947" lon="-77.0161703" >
    <tag k="railway" v="switch"/>
    <tag k="start_date" v="1875"/>
    <tag k="end_date" v="1933"/>
  </node>
  <node id="-1303" version="1" lat="38.9085716" lon="-77.0163665"/>
  <node id="-1304" version="1" lat="38.8875701" lon="-77.0219244" >
    <tag k="railway" v="switch"/>
    <tag k="start_date" v="1941"/>
    <tag k="end_date" v="1960"/>
  </node>
  <node id="-1305" version="1" lat="38.9059797" lon="-77.0628321" >
    <tag k="railway" v="switch"/>
    <tag k="start_date" v="1936"/>
    <tag k="end_date" v="1960"/>
  </node>
  <node id="-1306" version="1" lat="38.9060385" lon="-77.0629822"/>
  <node id="-1307" version="1" lat="38.9059300" lon="-77.0677493"/>
  <node id="-1308" version="1" lat="38.9057852" lon="-77.0678475"/>
  <node id="-1309" version="1" lat="38.9050796" lon="-77.0678359" >
    <tag k="railway" v="switch"/>
    <tag k="start_date" v="1936"/>
    <tag k="end_date" v="1960"/>
  </node>
  <node id="-1310" version="1" lat="38.8955175" lon="-76.9502089"/>
  <node id="-1311" version="1" lat="38.8987606" lon="-76.9465152"/>
  <node id="-1312" version="1" lat="38.9097205" lon="-77.0161588"/>
  <node id="-1313" version="1" lat="38.9136693" lon="-77.0161703"/>
  <node id="-1314" version="1" lat="38.8897006" lon="-76.9856915" >
    <tag k="railway" v="switch"/>
    <tag k="start_date" v="1896"/>
    <tag k="end_date" v="1962"/>
  </node>
  <node id="-1315" version="1" lat="38.8898498" lon="-76.9855992"/>
  <node id="-1316" version="1" lat="38.8902253" lon="-76.9855992"/>
  <node id="-1317" version="1" lat="38.8903022" lon="-76.9854087"/>
  <node id="-1318" version="1" lat="38.8903022" lon="-76.9836946"/>
  <node id="-1319" version="1" lat="38.8901484" lon="-76.9836023"/>
  <node id="-1320" version="1" lat="38.8897729" lon="-76.9836023"/>
  <node id="-1321" version="1" lat="38.8897006" lon="-76.9837927"/>
  <node id="-1322" version="1" lat="38.9094445" lon="-77.0052566"/>
  <node id="-1323" version="1" lat="38.9125113" lon="-77.0044024"/>
  <node id="-1324" version="1" lat="38.9126018" lon="-77.0043101"/>
  <node id="-1325" version="1" lat="38.9126018" lon="-77.0035078" >
    <tag k="railway" v="switch"/>
    <tag k="start_date" v="1888"/>
    <tag k="end_date" v="1958"/>
  </node>
  <node id="-1326" version="1" lat="38.9126018" lon="-77.0021573"/>
  <node id="-1327" version="1" lat="38.9126787" lon="-77.0020304"/>
  <node id="-1328" version="1" lat="38.9154786" lon="-77.0020477"/>
  <node id="-1329" version="1" lat="38.9155690" lon="-77.0019380" >
    <tag k="railway" v="switch"/>
    <tag k="start_date" v="1888"/>
    <tag k="end_date" v="1958"/>
  </node>
  <node id="-1330" version="1" lat="38.9299711" lon="-77.0323591"/>
  <node id="-1331" version="1" lat="38.9297313" lon="-77.0319205"/>
  <node id="-1332" version="1" lat="38.9296816" lon="-77.0317820"/>
  <node id="-1333" version="1" lat="38.8812692" lon="-76.9839890"/>
  <node id="-1334" version="1" lat="38.8813009" lon="-76.9835734"/>
  <node id="-1335" version="1" lat="38.8813009" lon="-76.9834811"/>
  <node id="-1336" version="1" lat="38.8812918" lon="-76.9832906"/>
  <node id="-1337" version="1" lat="38.9156097" lon="-77.0005702"/>
  <node id="-1338" version="1" lat="38.8898996" lon="-76.9915841" >
    <tag k="railway" v="switch"/>
    <tag k="start_date" v="1896"/>
    <tag k="end_date" v="1962"/>
  </node>
  <node id="-1339" version="1" lat="38.8891804" lon="-76.9915957"/>
  <node id="-1340" version="1" lat="38.8890990" lon="-76.9914110"/>
  <node id="-1341" version="1" lat="38.8890990" lon="-76.9882944"/>
  <node id="-1342" version="1" lat="38.8892482" lon="-76.9882021"/>
  <node id="-1343" version="1" lat="38.8897729" lon="-76.9882021" >
    <tag k="railway" v="switch"/>
    <tag k="start_date" v="1896"/>
    <tag k="end_date" v="1962"/>
  </node>
  <node id="-1344" version="1" lat="38.9146101" lon="-77.0458007"/>
  <node id="-1345" version="1" lat="38.9153248" lon="-77.0445310"/>
  <node id="-1346" version="1" lat="38.9166184" lon="-77.0420089"/>
  <node id="-1347" version="1" lat="38.8934051" lon="-77.0219186" >
    <tag k="railway" v="railway_crossing"/>
    <tag k="start_date" v="1895"/>
    <tag k="end_date" v="1960"/>
  </node>
  <node id="-1348" version="1" lat="38.9384838" lon="-77.0747789"/>
  <node id="-1349" version="1" lat="38.9383979" lon="-77.0748943"/>
  <node id="-1350" version="1" lat="38.9383979" lon="-77.0761987"/>
  <node id="-1351" version="1" lat="38.9400262" lon="-77.0761987"/>
  <node id="-1352" version="1" lat="38.9400986" lon="-77.0760140"/>
  <node id="-1353" version="1" lat="38.9722815" lon="-77.1454498"/>
  <node id="-1354" version="1" lat="38.9722589" lon="-77.1456402"/>
  <node id="-1355" version="1" lat="38.9720689" lon="-77.1461019"/>
  <node id="-1356" version="1" lat="38.9719920" lon="-77.1464424"/>
  <node id="-1357" version="1" lat="38.9720011" lon="-77.1467310"/>
  <node id="-1358" version="1" lat="38.9720644" lon="-77.1469907"/>
  <node id="-1359" version="1" lat="38.9721504" lon="-77.1472274"/>
  <node id="-1360" version="1" lat="38.9723403" lon="-77.1474524"/>
  <node id="-1361" version="1" lat="38.9724489" lon="-77.1474698"/>
  <node id="-1362" version="1" lat="38.9725620" lon="-77.1473312"/>
  <node id="-1363" version="1" lat="38.9725891" lon="-77.1471927"/>
  <node id="-1364" version="1" lat="38.9725982" lon="-77.1469503"/>
  <node id="-1365" version="1" lat="38.9725710" lon="-77.1464020"/>
  <node id="-1366" version="1" lat="38.8429618" lon="-77.0004605" >
    <tag k="railway" v="switch"/>
    <tag k="start_date" v="1912"/>
    <tag k="end_date" v="1923"/>
  </node>
  <node id="-1367" version="1" lat="38.8426181" lon="-77.0019784"/>
  <node id="-1368" version="1" lat="38.8424417" lon="-77.0024574"/>
  <node id="-1369" version="1" lat="38.8422291" lon="-77.0027806"/>
  <node id="-1370" version="1" lat="38.8420300" lon="-77.0029711"/>
  <node id="-1371" version="1" lat="38.8406369" lon="-77.0040388" >
    <tag k="railway" v="switch"/>
    <tag k="start_date" v="1912"/>
    <tag k="end_date" v="1923"/>
  </node>
  <node id="-1372" version="1" lat="38.8961417" lon="-77.0271591"/>
  <node id="-1373" version="1" lat="38.8961417" lon="-77.0293695"/>
  <node id="-1374" version="1" lat="38.8961191" lon="-77.0298947"/>
  <node id="-1375" version="1" lat="38.8961281" lon="-77.0318685"/>
  <node id="-1376" version="1" lat="38.8960195" lon="-77.0319493" >
    <tag k="railway" v="switch"/>
    <tag k="start_date" v="1895"/>
    <tag k="end_date" v="1962"/>
  </node>
  <node id="-1377" version="1" lat="38.9052379" lon="-77.0578918" >
    <tag k="railway" v="switch"/>
    <tag k="start_date" v="1895"/>
    <tag k="end_date" v="1916"/>
  </node>
  <node id="-1378" version="1" lat="38.9052515" lon="-77.0548387"/>
  <node id="-1379" version="1" lat="38.9051022" lon="-77.0547521"/>
  <node id="-1380" version="1" lat="38.9043604" lon="-77.0547521"/>
  <node id="-1381" version="1" lat="38.9052379" lon="-77.0581977"/>
  <node id="-1382" version="1" lat="38.9087253" lon="-77.0690825"/>
  <node id="-1383" version="1" lat="38.9087007" lon="-77.0703578"/>
  <node id="-1385" version="1" lat="38.8428487" lon="-77.0005875"/>
  <node id="-1386" version="1" lat="38.8406912" lon="-77.0037214"/>
  <node id="-1387" version="1" lat="38.8988828" lon="-76.9463767"/>
  <node id="-1388" version="1" lat="38.9017324" lon="-76.9431332"/>
  <node id="-1389" version="1" lat="38.9051746" lon="-77.0628090" >
    <tag k="railway" v="switch"/>
    <tag k="start_date" v="1890"/>
    <tag k="end_date" v="1960"/>
  </node>
  <node id="-1396" version="1" lat="38.8947937" lon="-77.0121707" >
    <tag k="railway" v="railway_crossing"/>
    <tag k="start_date" v="1875"/>
    <tag k="end_date" v="1933"/>
  </node>
  <node id="-1398" version="1" lat="38.8984086" lon="-77.0122184" >
    <tag k="railway" v="switch"/>
    <tag k="start_date" v="1890"/>
    <tag k="end_date" v="1933"/>
  </node>
  <node id="-1399" version="1" lat="38.9206758" lon="-77.0089907" >
    <tag k="railway" v="switch"/>
    <tag k="start_date" v="1890"/>
    <tag k="end_date" v="1894"/>
  </node>
  <node id="-1400" version="1" lat="38.9208341" lon="-77.0090888"/>
  <node id="-1401" version="1" lat="38.9243532" lon="-77.0090946" >
    <tag k="railway" v="switch"/>
    <tag k="start_date" v="1890"/>
    <tag k="end_date" v="1894"/>
  </node>
  <node id="-1402" version="1" lat="38.8866519" lon="-77.0219244" >
    <tag k="railway" v="railway_crossing"/>
    <tag k="start_date" v="1875"/>
    <tag k="end_date" v="1933"/>
  </node>
  <node id="-1403" version="1" lat="38.8867740" lon="-77.0214858"/>
  <node id="-1404" version="1" lat="38.8868690" lon="-77.0210414"/>
  <node id="-1405" version="1" lat="38.8936267" lon="-77.0076748" >
    <tag k="railway" v="switch"/>
    <tag k="start_date" v="1894"/>
    <tag k="end_date" v="1962"/>
  </node>
  <node id="-1406" version="1" lat="38.8934820" lon="-77.0076286"/>
  <node id="-1407" version="1" lat="38.8923693" lon="-77.0080499"/>
  <node id="-1408" version="1" lat="38.8920210" lon="-77.0081019"/>
  <node id="-1409" version="1" lat="38.8920210" lon="-77.0059953"/>
  <node id="-1410" version="1" lat="38.8918717" lon="-77.0059087" >
    <tag k="railway" v="switch"/>
    <tag k="start_date" v="1908"/>
    <tag k="end_date" v="1962"/>
  </node>
  <node id="-1411" version="1" lat="38.8902207" lon="-76.9915957"/>
  <node id="-1412" version="1" lat="38.8903022" lon="-76.9914110"/>
  <node id="-1413" version="1" lat="38.8903022" lon="-76.9882944"/>
  <node id="-1414" version="1" lat="38.8901484" lon="-76.9882021"/>
  <node id="-1415" version="1" lat="38.9300615" lon="-77.0236500"/>
  <node id="-1416" version="1" lat="38.9300479" lon="-77.0235115"/>
  <node id="-1417" version="1" lat="38.8860503" lon="-77.0196274"/>
  <node id="-1418" version="1" lat="38.8860774" lon="-77.0200949"/>
  <node id="-1419" version="1" lat="38.8863398" lon="-77.0219128"/>
  <node id="-1420" version="1" lat="38.9074498" lon="-77.0089214"/>
  <node id="-1421" version="1" lat="38.9085716" lon="-77.0057587"/>
  <node id="-1422" version="1" lat="38.9090510" lon="-77.0054643"/>
  <node id="-1423" version="1" lat="38.8875701" lon="-77.0180806"/>
  <node id="-1424" version="1" lat="38.8986068" lon="-77.0707678" >
    <tag k="railway" v="railway_crossing"/>
    <tag k="start_date" v="1923"/>
    <tag k="end_date" v="1939"/>
  </node>
  <node id="-1425" version="1" lat="38.8982405" lon="-77.0700810"/>
  <node id="-1426" version="1" lat="38.8983354" lon="-77.0699136"/>
  <node id="-1427" version="1" lat="38.8994979" lon="-77.0691980"/>
  <node id="-1428" version="1" lat="38.9003935" lon="-77.0703638"/>
  <node id="-1430" version="1" lat="38.8972815" lon="-77.0239732" >
    <tag k="railway" v="railway_crossing"/>
    <tag k="start_date" v="1872"/>
    <tag k="end_date" v="1933"/>
  </node>
  <node id="-1431" version="1" lat="38.9082007" lon="-77.0157778"/>
  <node id="-1432" version="1" lat="38.9077393" lon="-77.0690421"/>
  <node id="-1436" version="1" lat="38.8946490" lon="-77.0160260"/>
  <node id="-1437" version="1" lat="38.8937217" lon="-77.0075478"/>
  <node id="-1438" version="1" lat="38.8942871" lon="-77.0073516"/>
  <node id="-1439" version="1" lat="38.8947078" lon="-77.0072708"/>
  <node id="-1440" version="1" lat="38.8951104" lon="-77.0070630"/>
  <node id="-1441" version="1" lat="38.8958115" lon="-77.0067975"/>
  <node id="-1442" version="1" lat="38.9051384" lon="-77.0578514"/>
  <node id="-1443" version="1" lat="38.9050299" lon="-77.0574589"/>
  <node id="-1444" version="1" lat="38.9049349" lon="-77.0570145"/>
  <node id="-1445" version="1" lat="38.8382531" lon="-77.0058453"/>
  <node id="-1446" version="1" lat="38.8380451" lon="-77.0062897"/>
  <node id="-1447" version="1" lat="38.8360005" lon="-77.0082000"/>
  <node id="-1448" version="1" lat="38.9002216" lon="-77.0093427"/>
  <node id="-1449" version="1" lat="38.8879139" lon="-77.0156509" >
    <tag k="railway" v="switch"/>
    <tag k="start_date" v="1888"/>
    <tag k="end_date" v="1933"/>
  </node>
  <node id="-1450" version="1" lat="38.8879998" lon="-77.0152007"/>
  <node id="-1451" version="1" lat="38.8888999" lon="-77.0125978"/>
  <node id="-1452" version="1" lat="38.8891487" lon="-77.0123612" >
    <tag k="railway" v="switch"/>
    <tag k="start_date" v="1895"/>
    <tag k="end_date" v="1933"/>
  </node>
  <node id="-1453" version="1" lat="38.9039217" lon="-77.0189290" >
    <tag k="railway" v="switch"/>
    <tag k="start_date" v="1891"/>
    <tag k="end_date" v="1958"/>
  </node>
  <node id="-1456" version="1" lat="38.8984214" lon="-77.0394579" >
    <tag k="railway" v="switch"/>
    <tag k="start_date" v="1901"/>
    <tag k="end_date" v="1958"/>
  </node>
  <node id="-1457" version="1" lat="38.8973584" lon="-77.0394579"/>
  <node id="-1458" version="1" lat="38.9324588" lon="-77.0284172"/>
  <node id="-1459" version="1" lat="38.9000407" lon="-77.0302814" >
    <tag k="railway" v="railway_crossing"/>
    <tag k="start_date" v="1870"/>
    <tag k="end_date" v="1949"/>
  </node>
  <node id="-1460" version="1" lat="38.8975303" lon="-77.0091003" >
    <tag k="railway" v="switch"/>
    <tag k="start_date" v="1908"/>
    <tag k="end_date" v="1958"/>
  </node>
  <node id="-1461" version="1" lat="38.8976796" lon="-77.0091292"/>
  <node id="-1462" version="1" lat="38.9059122" lon="-77.0689738"/>
  <node id="-1466" version="1" lat="38.9021163" lon="-77.0240684" >
    <tag k="railway" v="switch"/>
    <tag k="start_date" v="1872"/>
    <tag k="end_date" v="1933"/>
  </node>
  <node id="-1468" version="1" lat="38.9021078" lon="-77.0219128" >
    <tag k="railway" v="railway_crossing"/>
    <tag k="start_date" v="1870"/>
    <tag k="end_date" v="1949"/>
  </node>
  <node id="-1469" version="1" lat="38.9019450" lon="-77.0212491"/>
  <node id="-1470" version="1" lat="38.9011172" lon="-77.0189002" >
    <tag k="railway" v="railway_crossing"/>
    <tag k="start_date" v="1875"/>
    <tag k="end_date" v="1933"/>
  </node>
  <node id="-1471" version="1" lat="38.9002940" lon="-77.0161876" >
    <tag k="railway" v="switch"/>
    <tag k="start_date" v="1870"/>
    <tag k="end_date" v="1949"/>
  </node>
  <node id="-1472" version="1" lat="38.9002669" lon="-77.0159625"/>
  <node id="-1473" version="1" lat="38.8999322" lon="-77.0301082"/>
  <node id="-1474" version="1" lat="38.8998191" lon="-77.0294618"/>
  <node id="-1475" version="1" lat="38.8998191" lon="-77.0270379" >
    <tag k="railway" v="railway_crossing"/>
    <tag k="start_date" v="1875"/>
    <tag k="end_date" v="1961"/>
  </node>
  <node id="-1476" version="1" lat="38.8998191" lon="-77.0239675" >
    <tag k="railway" v="railway_crossing"/>
    <tag k="start_date" v="1872"/>
    <tag k="end_date" v="1933"/>
  </node>
  <node id="-1483" version="1" lat="38.9051113" lon="-77.0660525"/>
  <node id="-1484" version="1" lat="38.8964085" lon="-77.0336173"/>
  <node id="-1485" version="1" lat="38.8764520" lon="-76.9918727"/>
  <node id="-1486" version="1" lat="38.8998191" lon="-77.0219128" >
    <tag k="railway" v="railway_crossing"/>
    <tag k="start_date" v="1865"/>
    <tag k="end_date" v="1960"/>
  </node>
  <node id="-1487" version="1" lat="38.8998191" lon="-77.0189002" >
    <tag k="railway" v="railway_crossing"/>
    <tag k="start_date" v="1875"/>
    <tag k="end_date" v="1933"/>
  </node>
  <node id="-1490" version="1" lat="38.9603266" lon="-77.1329085"/>
  <node id="-1491" version="1" lat="38.9609598" lon="-77.1334395"/>
  <node id="-1492" version="1" lat="38.9612855" lon="-77.1337858"/>
  <node id="-1493" version="1" lat="38.9618464" lon="-77.1345245"/>
  <node id="-1494" version="1" lat="38.9621902" lon="-77.1348592"/>
  <node id="-1495" version="1" lat="38.8984033" lon="-77.0239732" >
    <tag k="railway" v="railway_crossing"/>
    <tag k="start_date" v="1891"/>
    <tag k="end_date" v="1933"/>
  </node>
  <node id="-1496" version="1" lat="38.8983309" lon="-77.0241695"/>
  <node id="-1497" version="1" lat="38.8973494" lon="-77.0241695"/>
  <node id="-1498" version="1" lat="38.9085897" lon="-77.0244984"/>
  <node id="-1499" version="1" lat="38.8958793" lon="-77.0058914"/>
  <node id="-1504" version="1" lat="38.8983219" lon="-77.0189290" >
    <tag k="railway" v="switch"/>
    <tag k="start_date" v="1894"/>
    <tag k="end_date" v="1908"/>
  </node>
  <node id="-1505" version="1" lat="38.8983477" lon="-77.0214450"/>
  <node id="-1506" version="1" lat="38.8984621" lon="-77.0219128" >
    <tag k="railway" v="railway_crossing"/>
    <tag k="start_date" v="1891"/>
    <tag k="end_date" v="1958"/>
  </node>
  <node id="-1507" version="1" lat="38.9255609" lon="-77.0090772"/>
  <node id="-1508" version="1" lat="38.8935996" lon="-77.0105259" >
    <tag k="railway" v="railway_crossing"/>
    <tag k="start_date" v="1872"/>
    <tag k="end_date" v="1961"/>
  </node>
  <node id="-1515" version="1" lat="38.9638954" lon="-77.1359847"/>
  <node id="-1518" version="1" lat="38.8983219" lon="-77.0189002" >
    <tag k="railway" v="railway_crossing"/>
    <tag k="start_date" v="1894"/>
    <tag k="end_date" v="1908"/>
  </node>
  <node id="-1520" version="1" lat="38.9003212" lon="-77.0164416"/>
  <node id="-1521" version="1" lat="38.8998191" lon="-77.0169898"/>
  <node id="-1522" version="1" lat="38.9087299" lon="-77.0688228"/>
  <node id="-1523" version="1" lat="38.8875701" lon="-77.0124881"/>
  <node id="-1526" version="1" lat="38.8920934" lon="-77.0121649"/>
  <node id="-1527" version="1" lat="38.8928623" lon="-77.0121707" >
    <tag k="railway" v="switch"/>
    <tag k="start_date" v="1908"/>
    <tag k="end_date" v="1933"/>
  </node>
  <node id="-1528" version="1" lat="38.8910892" lon="-77.0121592"/>
  <node id="-1531" version="1" lat="38.8897006" lon="-76.9880116"/>
  <node id="-1532" version="1" lat="38.9631898" lon="-77.1355691"/>
  <node id="-1533" version="1" lat="38.8898091" lon="-76.9939619"/>
  <node id="-1534" version="1" lat="38.8898091" lon="-76.9919419"/>
  <node id="-1535" version="1" lat="38.8897910" lon="-76.9916822"/>
  <node id="-1538" version="1" lat="38.8939705" lon="-77.0106528" >
    <tag k="railway" v="railway_crossing"/>
    <tag k="start_date" v="1908"/>
    <tag k="end_date" v="1949"/>
  </node>
  <node id="-1539" version="1" lat="38.8951420" lon="-77.0090426"/>
  <node id="-1540" version="1" lat="38.8951918" lon="-77.0088579"/>
  <node id="-1546" version="1" lat="38.8975620" lon="-77.0092619"/>
  <node id="-1547" version="1" lat="38.8983400" lon="-77.0396022"/>
  <node id="-1548" version="1" lat="38.8983490" lon="-77.0417088" >
    <tag k="railway" v="switch"/>
    <tag k="start_date" v="1916"/>
    <tag k="end_date" v="1958"/>
  </node>
  <node id="-1549" version="1" lat="38.8947078" lon="-77.0109183"/>
  <node id="-1550" version="1" lat="38.8947892" lon="-77.0111088"/>
  <node id="-1551" version="1" lat="38.8447440" lon="-76.9978172" >
    <tag k="railway" v="switch"/>
    <tag k="start_date" v="1896"/>
    <tag k="end_date" v="1935"/>
  </node>
  <node id="-1552" version="1" lat="38.8441831" lon="-76.9981693"/>
  <node id="-1553" version="1" lat="38.8433508" lon="-76.9995833"/>
  <node id="-1554" version="1" lat="38.8431518" lon="-76.9999988"/>
  <node id="-1555" version="1" lat="38.8431428" lon="-77.0001316" >
    <tag k="railway" v="switch"/>
    <tag k="start_date" v="1896"/>
    <tag k="end_date" v="1935"/>
  </node>
  <node id="-1556" version="1" lat="38.8897322" lon="-77.0124997"/>
  <node id="-1557" version="1" lat="38.8900715" lon="-77.0124766"/>
  <node id="-1558" version="1" lat="38.8904921" lon="-77.0124016"/>
  <node id="-1559" version="1" lat="38.8972092" lon="-77.0221322"/>
  <node id="-1560" version="1" lat="38.8972092" lon="-77.0236096"/>
  <node id="-1561" version="1" lat="38.8972182" lon="-77.0238001"/>
  <node id="-1562" version="1" lat="38.9064094" lon="-77.0628494"/>
  <node id="-1563" version="1" lat="38.9068301" lon="-77.0630399"/>
  <node id="-1564" version="1" lat="38.8984621" lon="-77.0238001"/>
  <node id="-1565" version="1" lat="38.9400986" lon="-77.0748943"/>
  <node id="-1566" version="1" lat="38.9400489" lon="-77.0747270"/>
  <node id="-1567" version="1" lat="38.9392980" lon="-77.0736419"/>
  <node id="-1568" version="1" lat="38.8887281" lon="-77.0121188"/>
  <node id="-1571" version="1" lat="38.9088426" lon="-77.0640922" >
    <tag k="railway" v="switch"/>
    <tag k="start_date" v="1890"/>
    <tag k="end_date" v="1960"/>
  </node>
  <node id="-1573" version="1" lat="38.8920888" lon="-77.0100411"/>
  <node id="-1574" version="1" lat="38.8923286" lon="-77.0100699"/>
  <node id="-1579" version="1" lat="38.8968202" lon="-77.0076517"/>
  <node id="-1582" version="1" lat="38.9642663" lon="-77.1362040"/>
  <node id="-1586" version="1" lat="38.9652072" lon="-77.1370755"/>
  <node id="-1587" version="1" lat="38.8602316" lon="-77.0519415"/>
  <node id="-1588" version="1" lat="38.8611136" lon="-77.0527610"/>
  <node id="-1589" version="1" lat="38.8614031" lon="-77.0528764" >
    <tag k="railway" v="switch"/>
    <tag k="start_date" v="1907"/>
    <tag k="end_date" v="1921"/>
  </node>
  <node id="-1590" version="1" lat="38.8871811" lon="-77.0175785"/>
  <node id="-1591" version="1" lat="38.8994391" lon="-77.0319493" >
    <tag k="railway" v="switch"/>
    <tag k="start_date" v="1870"/>
    <tag k="end_date" v="1949"/>
  </node>
  <node id="-1592" version="1" lat="38.8993260" lon="-77.0320474"/>
  <node id="-1593" version="1" lat="38.8988918" lon="-77.0332825"/>
  <node id="-1594" version="1" lat="38.8876515" lon="-77.0169956"/>
  <node id="-1595" version="1" lat="38.8875701" lon="-77.0168975"/>
  <node id="-1596" version="1" lat="38.8875701" lon="-77.0158933"/>
  <node id="-1597" version="1" lat="38.8877872" lon="-77.0152930"/>
  <node id="-1598" version="1" lat="38.9002216" lon="-77.0312741"/>
  <node id="-1599" version="1" lat="38.9002488" lon="-77.0307893"/>
  <node id="-1600" version="1" lat="38.9002307" lon="-77.0306104"/>
  <node id="-1601" version="1" lat="38.8983400" lon="-77.0544636"/>
  <node id="-1604" version="1" lat="38.9090420" lon="-77.0436076"/>
  <node id="-1606" version="1" lat="38.9091686" lon="-77.0439192"/>
  <node id="-1613" version="1" lat="38.9614574" lon="-77.0859524"/>
  <node id="-1617" version="1" lat="38.8962412" lon="-77.0270379"/>
  <node id="-1621" version="1" lat="38.8935725" lon="-77.0121707" >
    <tag k="railway" v="switch"/>
    <tag k="start_date" v="1865"/>
    <tag k="end_date" v="1933"/>
  </node>
  <node id="-1622" version="1" lat="38.9050208" lon="-77.0702195"/>
  <node id="-1623" version="1" lat="38.8974896" lon="-77.0089272"/>
  <node id="-1624" version="1" lat="38.8971413" lon="-77.0080788"/>
  <node id="-1625" version="1" lat="38.8969468" lon="-77.0078191"/>
  <node id="-1626" version="1" lat="38.9645920" lon="-77.1364579"/>
  <node id="-1627" version="1" lat="38.9655102" lon="-77.1373813"/>
  <node id="-1629" version="1" lat="38.9155690" lon="-77.0007491"/>
  <node id="-1630" version="1" lat="38.8447983" lon="-76.9977595" >
    <tag k="railway" v="switch"/>
    <tag k="start_date" v="1896"/>
    <tag k="end_date" v="1935"/>
  </node>
  <node id="-1631" version="1" lat="38.8447711" lon="-76.9977999"/>
  <node id="-1632" version="1" lat="38.8933508" lon="-77.0114955"/>
  <node id="-1633" version="1" lat="38.8935815" lon="-77.0113223" >
    <tag k="railway" v="railway_crossing"/>
    <tag k="start_date" v="1862"/>
    <tag k="end_date" v="1949"/>
  </node>
  <node id="-1639" version="1" lat="38.8609236" lon="-77.0519819"/>
  <node id="-1643" version="1" lat="38.8987064" lon="-77.0710333" >
    <tag k="railway" v="switch"/>
    <tag k="start_date" v="1896"/>
    <tag k="end_date" v="1932"/>
  </node>
  <node id="-1647" version="1" lat="38.9088701" lon="-77.0161876"/>
  <node id="-1648" version="1" lat="38.9091189" lon="-77.0161126"/>
  <node id="-1649" version="1" lat="38.8982088" lon="-77.0712872"/>
  <node id="-1650" version="1" lat="38.8982676" lon="-77.0711487"/>
  <node id="-1651" version="1" lat="38.8989913" lon="-77.0707389" >
    <tag k="railway" v="switch"/>
    <tag k="start_date" v="1906"/>
    <tag k="end_date" v="1932"/>
  </node>
  <node id="-1654" version="1" lat="38.8984983" lon="-77.0709063"/>
  <node id="-1655" version="1" lat="38.9205898" lon="-77.0089387"/>
  <node id="-1656" version="1" lat="38.8875792" lon="-77.0149583"/>
  <node id="-1657" version="1" lat="38.8875611" lon="-77.0149294"/>
  <node id="-1658" version="1" lat="38.8875972" lon="-77.0148891"/>
  <node id="-1659" version="1" lat="38.8936720" lon="-77.0110626"/>
  <node id="-1660" version="1" lat="38.9206034" lon="-77.0090888"/>
  <node id="-1661" version="1" lat="38.8431156" lon="-77.0002008" >
    <tag k="railway" v="switch"/>
    <tag k="start_date" v="1896"/>
    <tag k="end_date" v="1935"/>
  </node>
  <node id="-1662" version="1" lat="38.8431382" lon="-77.0001662"/>
  <node id="-1663" version="1" lat="38.8982405" lon="-77.0707909"/>
  <node id="-1664" version="1" lat="38.8935860" lon="-77.0107971" >
    <tag k="railway" v="switch"/>
    <tag k="start_date" v="1894"/>
    <tag k="end_date" v="1908"/>
  </node>
  <node id="-1665" version="1" lat="38.8614438" lon="-77.0530784" >
    <tag k="railway" v="switch"/>
    <tag k="start_date" v="1907"/>
    <tag k="end_date" v="1921"/>
  </node>
  <node id="-1666" version="1" lat="38.8614076" lon="-77.0529976" >
    <tag k="railway" v="switch"/>
    <tag k="start_date" v="1907"/>
    <tag k="end_date" v="1921"/>
  </node>
  <node id="-1667" version="1" lat="38.8614076" lon="-77.0530323"/>
  <node id="-1668" version="1" lat="38.9245205" lon="-77.0088926"/>
  <node id="-1669" version="1" lat="38.9245205" lon="-77.0087021"/>
  <node id="-1670" version="1" lat="38.8614393" lon="-77.0529572"/>
  <node id="-1672" version="1" lat="38.8866021" lon="-77.0220975"/>
  <node id="-1673" version="1" lat="38.8952596" lon="-76.9499261"/>
  <node id="-1674" version="1" lat="38.8986611" lon="-77.0708659"/>
  <node id="-1675" version="1" lat="38.8957979" lon="-76.9516979"/>
  <node id="-1676" version="1" lat="38.9012982" lon="-76.9449973"/>
  <node id="-1677" version="1" lat="38.9021983" lon="-76.9430004" >
    <tag k="railway" v="switch"/>
    <tag k="start_date" v="1900"/>
    <tag k="end_date" v="1949"/>
  </node>
  <node id="-1678" version="1" lat="38.9030984" lon="-76.9421982"/>
  <node id="-1679" version="1" lat="38.9051022" lon="-76.9396992"/>
  <node id="-1680" version="1" lat="38.9080016" lon="-76.9374022"/>
  <node id="-1681" version="1" lat="38.9096978" lon="-76.9356996"/>
  <node id="-1682" version="1" lat="38.9111996" lon="-76.9342972"/>
  <node id="-1683" version="1" lat="38.9005021" lon="-76.9380024"/>
  <node id="-1684" version="1" lat="38.8990004" lon="-76.9335007"/>
  <node id="-1685" version="1" lat="38.8977022" lon="-76.9289990"/>
  <node id="-1686" version="1" lat="38.8962005" lon="-76.9255015"/>
  <node id="-1687" version="1" lat="38.8952008" lon="-76.9189972"/>
  <node id="-1688" version="1" lat="38.8946988" lon="-76.9135028"/>
  <node id="-1689" version="1" lat="38.8944997" lon="-76.9090011"/>
  <node id="-1690" version="1" lat="38.8790981" lon="-76.9846007"/>
  <node id="-1691" version="1" lat="38.8787995" lon="-76.9837004" >
    <tag k="railway" v="switch"/>
    <tag k="start_date" v="1901"/>
    <tag k="end_date" v="1962"/>
  </node>
  <node id="-1692" version="1" lat="38.8784015" lon="-76.9837004"/>
  <node id="-1693" version="1" lat="38.8784015" lon="-76.9818016" >
    <tag k="railway" v="switch"/>
    <tag k="start_date" v="1903"/>
    <tag k="end_date" v="1923"/>
  </node>
  <node id="-1694" version="1" lat="38.8790981" lon="-76.9818016"/>
  <node id="-1695" version="1" lat="38.8795006" lon="-76.9830020"/>
  <node id="-1696" version="1" lat="38.8780984" lon="-76.9807974"/>
  <node id="-1700" version="1" lat="38.9078742" lon="-77.0635772" >
    <tag k="railway" v="switch"/>
  </node>
  <node id="-1701" version="1" lat="38.9099029" lon="-77.0441258"/>
  <node id="-1704" version="1" lat="38.9091076" lon="-77.0438110"/>
  <node id="-1705" version="1" lat="38.9090759" lon="-77.0437331"/>
  <node id="-1706" version="1" lat="38.9090250" lon="-77.0434777"/>
  <node id="-1707" version="1" lat="38.9090228" lon="-77.0433897"/>
  <node id="-1708" version="1" lat="38.9090295" lon="-77.0433002"/>
  <node id="-1710" version="1" lat="38.9095105" lon="-77.0442586"/>
  <node id="-1711" version="1" lat="38.9094297" lon="-77.0442135"/>
  <node id="-1712" version="1" lat="38.9093681" lon="-77.0441635"/>
  <node id="-1713" version="1" lat="38.9092952" lon="-77.0440837"/>
  <node id="-1714" version="1" lat="38.9090244" lon="-77.0432385"/>
  <node id="-1715" version="1" lat="38.9090151" lon="-77.0431898"/>
  <node id="-1716" version="1" lat="38.9167734" lon="-77.0230651"/>
  <node id="-1717" version="1" lat="38.8983219" lon="-77.0189146"/>
  <node id="-1718" version="1" lat="38.8920850" lon="-77.0240092"/>
  <node id="-1719" version="1" lat="38.8922771" lon="-77.0216811"/>
  <node id="-1720" version="1" lat="38.8934962" lon="-77.0319164"/>
  <node id="-1721" version="1" lat="38.8922325" lon="-77.0319279"/>
  <node id="-1722" version="1" lat="38.8922520" lon="-77.0308006"/>
  <node id="-1723" version="1" lat="38.8946653" lon="-77.0308220"/>
  <node id="-1724" version="1" lat="38.8946569" lon="-77.0281076"/>
  <node id="-1725" version="1" lat="38.8935463" lon="-77.0281291"/>
  <node id="-1727" version="1" lat="38.8794411" lon="-77.0352316"/>
  <node id="-1728" version="1" lat="38.8791237" lon="-77.0386863"/>
  <node id="-1729" version="1" lat="38.8793075" lon="-77.0379138"/>
  <node id="-1730" version="1" lat="38.8791154" lon="-77.0367551"/>
  <node id="-1731" version="1" lat="38.8790736" lon="-77.0362186"/>
  <node id="-1732" version="1" lat="38.8791822" lon="-77.0356929"/>
  <node id="-1733" version="1" lat="38.8792908" lon="-77.0383108"/>
  <node id="-1734" version="1" lat="38.8988895" lon="-77.0712641"/>
  <node id="-1735" version="1" lat="38.9594755" lon="-77.1321344"/>
  <node id="-1736" version="1" lat="38.9642101" lon="-77.1281694"/>
  <node id="-1737" version="1" lat="38.9632380" lon="-77.1238303"/>
  <node id="-1738" version="1" lat="38.9604940" lon="-77.1149767"/>
  <way id="-100001" version="1">
    <nd ref="-124"/>
    <nd ref="-123"/>
    <nd ref="-122"/>
    <nd ref="-121"/>
    <nd ref="-120"/>
    <nd ref="-119"/>
    <nd ref="-118"/>
    <nd ref="-117"/>
    <nd ref="-116"/>
    <nd ref="-115"/>
    <nd ref="-114"/>
    <nd ref="-113"/>
    <nd ref="-112"/>
    <nd ref="-111"/>
    <nd ref="-110"/>
    <nd ref="-109"/>
    <nd ref="-108"/>
    <nd ref="-107"/>
    <nd ref="-106"/>
    <nd ref="-105"/>
    <nd ref="-104"/>
    <nd ref="-103"/>
    <nd ref="-102"/>
    <nd ref="-101"/>
    <nd ref="-100"/>
    <nd ref="-99"/>
    <nd ref="-98"/>
    <nd ref="-97"/>
    <nd ref="-96"/>
    <nd ref="-95"/>
    <nd ref="-94"/>
    <nd ref="-93"/>
    <nd ref="-92"/>
    <nd ref="-91"/>
    <nd ref="-90"/>
    <nd ref="-89"/>
    <nd ref="-88"/>
    <nd ref="-87"/>
    <nd ref="-86"/>
    <nd ref="-85"/>
    <nd ref="-84"/>
    <nd ref="-83"/>
    <nd ref="-82"/>
    <nd ref="-81"/>
    <nd ref="-80"/>
    <nd ref="-79"/>
    <nd ref="-78"/>
    <nd ref="-77"/>
    <nd ref="-76"/>
    <nd ref="-75"/>
    <nd ref="-74"/>
    <nd ref="-73"/>
    <nd ref="-72"/>
    <nd ref="-71"/>
    <nd ref="-70"/>
    <nd ref="-69"/>
    <nd ref="-68"/>
    <nd ref="-67"/>
    <nd ref="-66"/>
    <nd ref="-65"/>
    <nd ref="-64"/>
    <nd ref="-63"/>
    <nd ref="-62"/>
    <nd ref="-61"/>
    <nd ref="-60"/>
    <nd ref="-59"/>
    <nd ref="-58"/>
    <nd ref="-57"/>
    <nd ref="-56"/>
    <nd ref="-55"/>
    <nd ref="-54"/>
    <nd ref="-53"/>
    <nd ref="-52"/>
    <nd ref="-51"/>
    <nd ref="-50"/>
    <nd ref="-49"/>
    <nd ref="-48"/>
    <nd ref="-47"/>
    <nd ref="-46"/>
    <nd ref="-45"/>
    <nd ref="-44"/>
    <nd ref="-43"/>
    <nd ref="-42"/>
    <nd ref="-41"/>
    <nd ref="-40"/>
    <nd ref="-39"/>
    <nd ref="-38"/>
    <nd ref="-37"/>
    <nd ref="-36"/>
    <nd ref="-35"/>
    <nd ref="-34"/>
    <nd ref="-33"/>
    <nd ref="-32"/>
    <nd ref="-31"/>
    <nd ref="-30"/>
    <nd ref="-29"/>
    <nd ref="-28"/>
    <nd ref="-27"/>
    <nd ref="-26"/>
    <nd ref="-25"/>
    <nd ref="-24"/>
    <nd ref="-23"/>
    <nd ref="-22"/>
    <nd ref="-21"/>
    <nd ref="-20"/>
    <nd ref="-19"/>
    <nd ref="-18"/>
    <nd ref="-17"/>
    <nd ref="-16"/>
    <nd ref="-15"/>
    <nd ref="-14"/>
    <nd ref="-13"/>
    <nd ref="-12"/>
    <nd ref="-11"/>
    <nd ref="-10"/>
    <nd ref="-9"/>
    <nd ref="-8"/>
    <nd ref="-7"/>
    <nd ref="-6"/>
    <nd ref="-5"/>
    <nd ref="-4"/>
    <nd ref="-3"/>
    <nd ref="-2"/>
    <nd ref="-1"/>
    <tag k="railway" v="tram"/>
    <tag k="gauge" v="1435"/>
    <tag k="start_date" v="1906"/>
    <tag k="end_date" v="1923"/>
  </way>
  <way id="-100002" version="1">
    <nd ref="-266"/>
    <nd ref="-265"/>
    <nd ref="-264"/>
    <nd ref="-263"/>
    <nd ref="-262"/>
    <nd ref="-261"/>
    <nd ref="-260"/>
    <nd ref="-259"/>
    <nd ref="-258"/>
    <nd ref="-257"/>
    <nd ref="-256"/>
    <nd ref="-255"/>
    <nd ref="-254"/>
    <nd ref="-253"/>
    <nd ref="-252"/>
    <nd ref="-251"/>
    <nd ref="-250"/>
    <nd ref="-249"/>
    <nd ref="-248"/>
    <nd ref="-247"/>
    <nd ref="-246"/>
    <nd ref="-245"/>
    <nd ref="-244"/>
    <nd ref="-243"/>
    <nd ref="-242"/>
    <nd ref="-241"/>
    <nd ref="-240"/>
    <nd ref="-239"/>
    <nd ref="-238"/>
    <nd ref="-237"/>
    <nd ref="-236"/>
    <nd ref="-235"/>
    <nd ref="-234"/>
    <nd ref="-233"/>
    <nd ref="-232"/>
    <nd ref="-231"/>
    <nd ref="-230"/>
    <nd ref="-229"/>
    <nd ref="-228"/>
    <nd ref="-227"/>
    <nd ref="-226"/>
    <nd ref="-225"/>
    <nd ref="-224"/>
    <nd ref="-223"/>
    <nd ref="-222"/>
    <nd ref="-221"/>
    <nd ref="-220"/>
    <nd ref="-219"/>
    <nd ref="-218"/>
    <nd ref="-217"/>
    <nd ref="-216"/>
    <nd ref="-215"/>
    <nd ref="-214"/>
    <nd ref="-213"/>
    <nd ref="-212"/>
    <nd ref="-211"/>
    <nd ref="-210"/>
    <nd ref="-209"/>
    <nd ref="-208"/>
    <nd ref="-207"/>
    <nd ref="-206"/>
    <nd ref="-205"/>
    <nd ref="-204"/>
    <nd ref="-203"/>
    <nd ref="-202"/>
    <nd ref="-201"/>
    <nd ref="-200"/>
    <nd ref="-199"/>
    <nd ref="-198"/>
    <nd ref="-197"/>
    <nd ref="-196"/>
    <nd ref="-195"/>
    <nd ref="-194"/>
    <nd ref="-193"/>
    <nd ref="-192"/>
    <nd ref="-191"/>
    <nd ref="-190"/>
    <nd ref="-189"/>
    <nd ref="-188"/>
    <nd ref="-187"/>
    <nd ref="-186"/>
    <nd ref="-185"/>
    <nd ref="-184"/>
    <nd ref="-183"/>
    <nd ref="-182"/>
    <nd ref="-181"/>
    <nd ref="-180"/>
    <nd ref="-179"/>
    <nd ref="-178"/>
    <nd ref="-177"/>
    <nd ref="-176"/>
    <nd ref="-175"/>
    <nd ref="-174"/>
    <nd ref="-173"/>
    <nd ref="-172"/>
    <nd ref="-171"/>
    <nd ref="-170"/>
    <nd ref="-169"/>
    <nd ref="-168"/>
    <nd ref="-167"/>
    <nd ref="-166"/>
    <nd ref="-165"/>
    <nd ref="-164"/>
    <nd ref="-163"/>
    <nd ref="-162"/>
    <nd ref="-161"/>
    <nd ref="-160"/>
    <nd ref="-159"/>
    <nd ref="-158"/>
    <nd ref="-157"/>
    <nd ref="-156"/>
    <nd ref="-155"/>
    <nd ref="-154"/>
    <nd ref="-153"/>
    <nd ref="-152"/>
    <nd ref="-151"/>
    <nd ref="-150"/>
    <nd ref="-149"/>
    <nd ref="-148"/>
    <nd ref="-147"/>
    <nd ref="-146"/>
    <nd ref="-145"/>
    <nd ref="-144"/>
    <nd ref="-143"/>
    <nd ref="-142"/>
    <nd ref="-141"/>
    <nd ref="-140"/>
    <nd ref="-139"/>
    <nd ref="-138"/>
    <nd ref="-137"/>
    <nd ref="-136"/>
    <nd ref="-135"/>
    <nd ref="-134"/>
    <nd ref="-133"/>
    <nd ref="-132"/>
    <nd ref="-131"/>
    <nd ref="-130"/>
    <nd ref="-129"/>
    <nd ref="-128"/>
    <nd ref="-127"/>
    <nd ref="-126"/>
    <nd ref="-125"/>
    <tag k="railway" v="tram"/>
    <tag k="gauge" v="1435"/>
    <tag k="start_date" v="1913"/>
    <tag k="end_date" v="1921"/>
  </way>
  <way id="-100003" version="1">
    <nd ref="-273"/>
    <nd ref="-272"/>
    <nd ref="-271"/>
    <nd ref="-270"/>
    <nd ref="-269"/>
    <nd ref="-268"/>
    <nd ref="-267"/>
    <tag k="railway" v="tram"/>
    <tag k="gauge" v="1435"/>
    <tag k="start_date" v="1904"/>
    <tag k="end_date" v="1932"/>
  </way>
  <way id="-100004" version="1">
    <nd ref="-283"/>
    <nd ref="-282"/>
    <nd ref="-281"/>
    <nd ref="-280"/>
    <nd ref="-279"/>
    <nd ref="-278"/>
    <nd ref="-277"/>
    <nd ref="-276"/>
    <nd ref="-275"/>
    <nd ref="-274"/>
    <tag k="railway" v="tram"/>
    <tag k="gauge" v="1435"/>
    <tag k="start_date" v="1892"/>
    <tag k="end_date" v="1932"/>
  </way>
  <way id="-100005" version="1">
    <nd ref="-292"/>
    <nd ref="-291"/>
    <nd ref="-290"/>
    <nd ref="-289"/>
    <nd ref="-288"/>
    <nd ref="-287"/>
    <nd ref="-286"/>
    <nd ref="-285"/>
    <nd ref="-284"/>
    <tag k="railway" v="tram"/>
    <tag k="gauge" v="1435"/>
    <tag k="start_date" v="1900"/>
    <tag k="end_date" v="1935"/>
  </way>
  <way id="-100006" version="1">
    <nd ref="-298"/>
    <nd ref="-297"/>
    <nd ref="-296"/>
    <nd ref="-295"/>
    <nd ref="-294"/>
    <nd ref="-293"/>
    <tag k="railway" v="tram"/>
    <tag k="gauge" v="1435"/>
    <tag k="start_date" v="1902"/>
    <tag k="end_date" v="1948"/>
  </way>
  <way id="-100007" version="1">
    <nd ref="-375"/>
    <nd ref="-374"/>
    <nd ref="-373"/>
    <nd ref="-372"/>
    <nd ref="-371"/>
    <nd ref="-370"/>
    <nd ref="-369"/>
    <nd ref="-368"/>
    <nd ref="-367"/>
    <nd ref="-366"/>
    <nd ref="-365"/>
    <nd ref="-364"/>
    <nd ref="-363"/>
    <nd ref="-362"/>
    <nd ref="-361"/>
    <nd ref="-360"/>
    <nd ref="-359"/>
    <nd ref="-358"/>
    <nd ref="-357"/>
    <nd ref="-356"/>
    <nd ref="-355"/>
    <nd ref="-354"/>
    <nd ref="-353"/>
    <nd ref="-352"/>
    <nd ref="-351"/>
    <nd ref="-350"/>
    <nd ref="-349"/>
    <nd ref="-348"/>
    <nd ref="-347"/>
    <nd ref="-346"/>
    <nd ref="-345"/>
    <nd ref="-344"/>
    <nd ref="-343"/>
    <nd ref="-342"/>
    <nd ref="-341"/>
    <nd ref="-340"/>
    <nd ref="-339"/>
    <nd ref="-338"/>
    <nd ref="-337"/>
    <nd ref="-336"/>
    <nd ref="-335"/>
    <nd ref="-334"/>
    <nd ref="-333"/>
    <nd ref="-332"/>
    <nd ref="-331"/>
    <nd ref="-330"/>
    <nd ref="-329"/>
    <nd ref="-328"/>
    <nd ref="-327"/>
    <nd ref="-326"/>
    <nd ref="-325"/>
    <nd ref="-324"/>
    <nd ref="-323"/>
    <nd ref="-322"/>
    <nd ref="-321"/>
    <nd ref="-320"/>
    <nd ref="-319"/>
    <nd ref="-318"/>
    <nd ref="-317"/>
    <nd ref="-316"/>
    <nd ref="-315"/>
    <nd ref="-314"/>
    <nd ref="-313"/>
    <nd ref="-312"/>
    <nd ref="-311"/>
    <nd ref="-310"/>
    <nd ref="-309"/>
    <nd ref="-308"/>
    <nd ref="-307"/>
    <nd ref="-306"/>
    <nd ref="-305"/>
    <nd ref="-304"/>
    <nd ref="-303"/>
    <nd ref="-302"/>
    <nd ref="-301"/>
    <nd ref="-1130"/>
    <tag k="railway" v="tram"/>
    <tag k="gauge" v="1435"/>
    <tag k="start_date" v="1895"/>
    <tag k="end_date" v="1960"/>
  </way>
  <way id="-100008" version="1">
    <nd ref="-389"/>
    <nd ref="-388"/>
    <nd ref="-387"/>
    <nd ref="-386"/>
    <nd ref="-385"/>
    <nd ref="-384"/>
    <nd ref="-383"/>
    <nd ref="-382"/>
    <nd ref="-381"/>
    <nd ref="-380"/>
    <nd ref="-379"/>
    <nd ref="-378"/>
    <nd ref="-377"/>
    <nd ref="-376"/>
    <tag k="railway" v="tram"/>
    <tag k="gauge" v="1435"/>
    <tag k="start_date" v="1892"/>
    <tag k="end_date" v="1935"/>
  </way>
  <way id="-100009" version="1">
    <nd ref="-267"/>
    <nd ref="-408"/>
    <nd ref="-407"/>
    <nd ref="-406"/>
    <nd ref="-405"/>
    <nd ref="-404"/>
    <nd ref="-403"/>
    <nd ref="-402"/>
    <nd ref="-401"/>
    <nd ref="-400"/>
    <nd ref="-399"/>
    <nd ref="-398"/>
    <nd ref="-397"/>
    <nd ref="-396"/>
    <nd ref="-395"/>
    <nd ref="-394"/>
    <nd ref="-393"/>
    <nd ref="-392"/>
    <nd ref="-391"/>
    <nd ref="-390"/>
    <tag k="railway" v="tram"/>
    <tag k="gauge" v="1435"/>
    <tag k="start_date" v="1896"/>
    <tag k="end_date" v="1932"/>
  </way>
  <way id="-100010" version="1">
    <nd ref="-390"/>
    <nd ref="-411"/>
    <nd ref="-410"/>
    <nd ref="-409"/>
    <tag k="railway" v="tram"/>
    <tag k="gauge" v="1435"/>
    <tag k="start_date" v="1896"/>
    <tag k="end_date" v="1932"/>
  </way>
  <way id="-100011" version="1">
    <nd ref="-416"/>
    <nd ref="-415"/>
    <nd ref="-414"/>
    <nd ref="-413"/>
    <nd ref="-412"/>
    <tag k="railway" v="tram"/>
    <tag k="gauge" v="1435"/>
    <tag k="start_date" v="1912"/>
    <tag k="end_date" v="1923"/>
  </way>
  <way id="-100012" version="1">
    <nd ref="-418"/>
    <nd ref="-417"/>
    <nd ref="-1388"/>
    <nd ref="-1387"/>
    <nd ref="-1311"/>
    <tag k="railway" v="tram"/>
    <tag k="gauge" v="1435"/>
    <tag k="start_date" v="1898"/>
    <tag k="end_date" v="1949"/>
  </way>
  <way id="-100013" version="1">
    <nd ref="-422"/>
    <nd ref="-421"/>
    <nd ref="-420"/>
    <nd ref="-419"/>
    <nd ref="-418"/>
    <tag k="railway" v="tram"/>
    <tag k="gauge" v="1435"/>
    <tag k="start_date" v="1908"/>
    <tag k="end_date" v="1935"/>
  </way>
  <way id="-100014" version="1">
    <nd ref="-274"/>
    <nd ref="-446"/>
    <nd ref="-445"/>
    <nd ref="-444"/>
    <nd ref="-443"/>
    <nd ref="-442"/>
    <nd ref="-441"/>
    <nd ref="-440"/>
    <nd ref="-439"/>
    <nd ref="-438"/>
    <nd ref="-437"/>
    <nd ref="-436"/>
    <nd ref="-435"/>
    <nd ref="-434"/>
    <nd ref="-433"/>
    <nd ref="-432"/>
    <nd ref="-431"/>
    <nd ref="-430"/>
    <nd ref="-429"/>
    <nd ref="-428"/>
    <nd ref="-427"/>
    <nd ref="-426"/>
    <nd ref="-425"/>
    <nd ref="-424"/>
    <nd ref="-423"/>
    <tag k="railway" v="tram"/>
    <tag k="gauge" v="1435"/>
    <tag k="start_date" v="1896"/>
    <tag k="end_date" v="1932"/>
  </way>
  <way id="-100015" version="1">
    <nd ref="-412"/>
    <nd ref="-484"/>
    <nd ref="-483"/>
    <nd ref="-482"/>
    <nd ref="-481"/>
    <nd ref="-480"/>
    <nd ref="-479"/>
    <nd ref="-478"/>
    <nd ref="-477"/>
    <nd ref="-476"/>
    <nd ref="-475"/>
    <nd ref="-474"/>
    <nd ref="-473"/>
    <nd ref="-472"/>
    <nd ref="-471"/>
    <nd ref="-470"/>
    <nd ref="-469"/>
    <nd ref="-468"/>
    <nd ref="-467"/>
    <nd ref="-466"/>
    <nd ref="-465"/>
    <nd ref="-464"/>
    <nd ref="-463"/>
    <nd ref="-462"/>
    <nd ref="-461"/>
    <nd ref="-460"/>
    <nd ref="-459"/>
    <nd ref="-458"/>
    <nd ref="-457"/>
    <nd ref="-456"/>
    <nd ref="-455"/>
    <nd ref="-454"/>
    <nd ref="-453"/>
    <nd ref="-452"/>
    <nd ref="-451"/>
    <nd ref="-450"/>
    <nd ref="-449"/>
    <nd ref="-448"/>
    <nd ref="-447"/>
    <tag k="railway" v="tram"/>
    <tag k="gauge" v="1435"/>
    <tag k="start_date" v="1910"/>
    <tag k="end_date" v="1923"/>
  </way>
  <way id="-100016" version="1">
    <nd ref="-509"/>
    <nd ref="-508"/>
    <nd ref="-507"/>
    <nd ref="-506"/>
    <nd ref="-505"/>
    <nd ref="-504"/>
    <nd ref="-503"/>
    <nd ref="-502"/>
    <nd ref="-501"/>
    <nd ref="-500"/>
    <nd ref="-499"/>
    <nd ref="-498"/>
    <nd ref="-497"/>
    <nd ref="-496"/>
    <nd ref="-495"/>
    <nd ref="-494"/>
    <nd ref="-493"/>
    <nd ref="-492"/>
    <nd ref="-491"/>
    <nd ref="-490"/>
    <nd ref="-489"/>
    <nd ref="-488"/>
    <nd ref="-487"/>
    <nd ref="-486"/>
    <nd ref="-485"/>
    <tag k="railway" v="tram"/>
    <tag k="gauge" v="1435"/>
    <tag k="start_date" v="1897"/>
    <tag k="end_date" v="1958"/>
  </way>
  <way id="-100017" version="1">
    <nd ref="-516"/>
    <nd ref="-515"/>
    <nd ref="-514"/>
    <nd ref="-513"/>
    <nd ref="-512"/>
    <nd ref="-511"/>
    <nd ref="-510"/>
    <tag k="railway" v="tram"/>
    <tag k="gauge" v="1435"/>
    <tag k="start_date" v="1896"/>
    <tag k="end_date" v="1921"/>
  </way>
  <way id="-100018" version="1">
    <nd ref="-534"/>
    <nd ref="-533"/>
    <nd ref="-532"/>
    <nd ref="-531"/>
    <nd ref="-530"/>
    <nd ref="-529"/>
    <nd ref="-528"/>
    <nd ref="-527"/>
    <nd ref="-526"/>
    <nd ref="-525"/>
    <nd ref="-524"/>
    <nd ref="-523"/>
    <nd ref="-522"/>
    <nd ref="-521"/>
    <nd ref="-520"/>
    <nd ref="-519"/>
    <nd ref="-518"/>
    <nd ref="-517"/>
    <tag k="railway" v="tram"/>
    <tag k="gauge" v="1435"/>
    <tag k="start_date" v="1897"/>
    <tag k="end_date" v="1924"/>
  </way>
  <way id="-100019" version="1">
    <nd ref="-580"/>
    <nd ref="-579"/>
    <nd ref="-578"/>
    <nd ref="-577"/>
    <nd ref="-576"/>
    <nd ref="-575"/>
    <nd ref="-574"/>
    <nd ref="-573"/>
    <nd ref="-572"/>
    <nd ref="-571"/>
    <nd ref="-570"/>
    <nd ref="-569"/>
    <nd ref="-568"/>
    <nd ref="-567"/>
    <nd ref="-566"/>
    <nd ref="-565"/>
    <nd ref="-564"/>
    <nd ref="-563"/>
    <nd ref="-562"/>
    <nd ref="-561"/>
    <nd ref="-560"/>
    <nd ref="-559"/>
    <nd ref="-558"/>
    <nd ref="-557"/>
    <nd ref="-556"/>
    <nd ref="-555"/>
    <nd ref="-554"/>
    <nd ref="-553"/>
    <nd ref="-552"/>
    <nd ref="-551"/>
    <nd ref="-550"/>
    <nd ref="-549"/>
    <nd ref="-548"/>
    <nd ref="-547"/>
    <nd ref="-546"/>
    <nd ref="-545"/>
    <nd ref="-544"/>
    <nd ref="-543"/>
    <nd ref="-542"/>
    <nd ref="-541"/>
    <nd ref="-540"/>
    <nd ref="-539"/>
    <nd ref="-538"/>
    <nd ref="-537"/>
    <nd ref="-536"/>
    <nd ref="-535"/>
    <tag k="railway" v="tram"/>
    <tag k="gauge" v="1435"/>
    <tag k="start_date" v="1900"/>
    <tag k="end_date" v="1958"/>
  </way>
  <way id="-100020" version="1">
    <nd ref="-589"/>
    <nd ref="-588"/>
    <nd ref="-587"/>
    <nd ref="-586"/>
    <nd ref="-585"/>
    <nd ref="-584"/>
    <nd ref="-583"/>
    <nd ref="-582"/>
    <nd ref="-581"/>
    <nd ref="-389"/>
    <tag k="railway" v="tram"/>
    <tag k="gauge" v="1435"/>
    <tag k="start_date" v="1895"/>
    <tag k="end_date" v="1935"/>
  </way>
  <way id="-100021" version="1">
    <nd ref="-293"/>
    <nd ref="-593"/>
    <nd ref="-592"/>
    <nd ref="-591"/>
    <nd ref="-590"/>
    <tag k="railway" v="tram"/>
    <tag k="gauge" v="1435"/>
    <tag k="start_date" v="1902"/>
    <tag k="end_date" v="1949"/>
  </way>
  <way id="-100022" version="1">
    <nd ref="-610"/>
    <nd ref="-609"/>
    <nd ref="-608"/>
    <nd ref="-607"/>
    <nd ref="-606"/>
    <nd ref="-605"/>
    <nd ref="-604"/>
    <nd ref="-603"/>
    <nd ref="-602"/>
    <nd ref="-601"/>
    <nd ref="-600"/>
    <nd ref="-599"/>
    <nd ref="-598"/>
    <nd ref="-597"/>
    <nd ref="-596"/>
    <nd ref="-595"/>
    <nd ref="-594"/>
    <tag k="railway" v="tram"/>
    <tag k="gauge" v="1435"/>
    <tag k="start_date" v="1890"/>
    <tag k="end_date" v="1960"/>
  </way>
  <way id="-100023" version="1">
    <nd ref="-284"/>
    <nd ref="-638"/>
    <nd ref="-637"/>
    <nd ref="-636"/>
    <nd ref="-635"/>
    <nd ref="-634"/>
    <nd ref="-633"/>
    <nd ref="-632"/>
    <nd ref="-631"/>
    <nd ref="-630"/>
    <nd ref="-629"/>
    <nd ref="-628"/>
    <nd ref="-627"/>
    <nd ref="-626"/>
    <nd ref="-625"/>
    <nd ref="-624"/>
    <nd ref="-623"/>
    <nd ref="-622"/>
    <nd ref="-621"/>
    <nd ref="-620"/>
    <nd ref="-619"/>
    <nd ref="-618"/>
    <nd ref="-617"/>
    <nd ref="-616"/>
    <nd ref="-615"/>
    <nd ref="-614"/>
    <nd ref="-613"/>
    <nd ref="-612"/>
    <nd ref="-611"/>
    <nd ref="-125"/>
    <tag k="railway" v="tram"/>
    <tag k="gauge" v="1435"/>
    <tag k="start_date" v="1891"/>
    <tag k="end_date" v="1935"/>
  </way>
  <way id="-100024" version="1">
    <nd ref="-639"/>
    <nd ref="-640"/>
    <nd ref="-641"/>
    <nd ref="-642"/>
    <nd ref="-643"/>
    <nd ref="-644"/>
    <nd ref="-645"/>
    <nd ref="-646"/>
    <nd ref="-647"/>
    <nd ref="-648"/>
    <nd ref="-649"/>
    <nd ref="-650"/>
    <nd ref="-651"/>
    <nd ref="-652"/>
    <nd ref="-653"/>
    <nd ref="-654"/>
    <nd ref="-655"/>
    <nd ref="-656"/>
    <nd ref="-659"/>
    <nd ref="-1738"/>
    <nd ref="-913"/>
    <nd ref="-914"/>
    <nd ref="-1737"/>
    <nd ref="-915"/>
    <nd ref="-916"/>
    <nd ref="-917"/>
    <nd ref="-1736"/>
    <nd ref="-918"/>
    <nd ref="-919"/>
    <nd ref="-920"/>
    <nd ref="-921"/>
    <nd ref="-922"/>
    <nd ref="-923"/>
    <nd ref="-925"/>
    <nd ref="-375"/>
    <tag k="railway" v="tram"/>
    <tag k="gauge" v="1435"/>
    <tag k="start_date" v="1891"/>
    <tag k="end_date" v="1902"/>
  </way>
  <way id="-100025" version="1">
    <nd ref="-676"/>
    <nd ref="-675"/>
    <nd ref="-673"/>
    <nd ref="-1728"/>
    <nd ref="-1733"/>
    <nd ref="-1729"/>
    <nd ref="-1730"/>
    <nd ref="-1731"/>
    <nd ref="-1732"/>
    <nd ref="-1727"/>
    <nd ref="-672"/>
    <nd ref="-905"/>
    <tag k="railway" v="tram"/>
    <tag k="gauge" v="1435"/>
    <tag k="start_date" v="1896"/>
    <tag k="end_date" v="1932"/>
  </way>
  <way id="-100026" version="1">
    <nd ref="-510"/>
    <nd ref="-704"/>
    <nd ref="-703"/>
    <nd ref="-702"/>
    <nd ref="-701"/>
    <nd ref="-700"/>
    <nd ref="-699"/>
    <nd ref="-698"/>
    <nd ref="-697"/>
    <nd ref="-696"/>
    <nd ref="-695"/>
    <nd ref="-694"/>
    <nd ref="-693"/>
    <nd ref="-692"/>
    <nd ref="-691"/>
    <nd ref="-690"/>
    <nd ref="-689"/>
    <nd ref="-688"/>
    <nd ref="-687"/>
    <nd ref="-686"/>
    <nd ref="-685"/>
    <nd ref="-684"/>
    <nd ref="-683"/>
    <nd ref="-682"/>
    <nd ref="-681"/>
    <nd ref="-680"/>
    <nd ref="-679"/>
    <nd ref="-678"/>
    <nd ref="-677"/>
    <tag k="railway" v="tram"/>
    <tag k="gauge" v="1435"/>
    <tag k="start_date" v="1907"/>
    <tag k="end_date" v="1932"/>
    <tag k="end_date:edtf" v="1932~"/>
  </way>
  <way id="-100027" version="1">
    <nd ref="-535"/>
    <nd ref="-730"/>
    <nd ref="-729"/>
    <nd ref="-728"/>
    <nd ref="-727"/>
    <nd ref="-726"/>
    <nd ref="-725"/>
    <nd ref="-724"/>
    <nd ref="-723"/>
    <nd ref="-722"/>
    <nd ref="-721"/>
    <nd ref="-720"/>
    <nd ref="-719"/>
    <nd ref="-718"/>
    <nd ref="-717"/>
    <nd ref="-716"/>
    <nd ref="-715"/>
    <nd ref="-714"/>
    <nd ref="-713"/>
    <nd ref="-712"/>
    <nd ref="-711"/>
    <nd ref="-710"/>
    <nd ref="-709"/>
    <nd ref="-708"/>
    <nd ref="-707"/>
    <nd ref="-706"/>
    <nd ref="-705"/>
    <nd ref="-509"/>
    <tag k="railway" v="tram"/>
    <tag k="gauge" v="1435"/>
    <tag k="start_date" v="1899"/>
    <tag k="end_date" v="1958"/>
  </way>
  <way id="-100028" version="1">
    <nd ref="-739"/>
    <nd ref="-738"/>
    <nd ref="-737"/>
    <nd ref="-736"/>
    <nd ref="-735"/>
    <nd ref="-734"/>
    <nd ref="-733"/>
    <nd ref="-732"/>
    <nd ref="-731"/>
    <tag k="railway" v="tram"/>
    <tag k="gauge" v="1435"/>
    <tag k="start_date" v="1898"/>
    <tag k="end_date" v="1949"/>
  </way>
  <way id="-100029" version="1">
    <nd ref="-749"/>
    <nd ref="-748"/>
    <nd ref="-747"/>
    <nd ref="-746"/>
    <nd ref="-745"/>
    <nd ref="-744"/>
    <nd ref="-743"/>
    <nd ref="-742"/>
    <nd ref="-741"/>
    <nd ref="-740"/>
    <tag k="railway" v="tram"/>
    <tag k="gauge" v="1435"/>
    <tag k="start_date" v="1910"/>
    <tag k="end_date" v="1936"/>
  </way>
  <way id="-100030" version="1">
    <nd ref="-783"/>
    <nd ref="-782"/>
    <nd ref="-781"/>
    <nd ref="-780"/>
    <nd ref="-779"/>
    <nd ref="-778"/>
    <nd ref="-777"/>
    <nd ref="-776"/>
    <nd ref="-775"/>
    <nd ref="-774"/>
    <nd ref="-773"/>
    <nd ref="-772"/>
    <nd ref="-771"/>
    <nd ref="-770"/>
    <nd ref="-769"/>
    <nd ref="-768"/>
    <nd ref="-767"/>
    <nd ref="-766"/>
    <nd ref="-765"/>
    <nd ref="-764"/>
    <nd ref="-763"/>
    <nd ref="-762"/>
    <nd ref="-761"/>
    <nd ref="-760"/>
    <nd ref="-759"/>
    <nd ref="-758"/>
    <nd ref="-757"/>
    <nd ref="-756"/>
    <nd ref="-755"/>
    <nd ref="-754"/>
    <nd ref="-753"/>
    <nd ref="-752"/>
    <nd ref="-751"/>
    <nd ref="-750"/>
    <tag k="railway" v="tram"/>
    <tag k="gauge" v="1435"/>
    <tag k="start_date" v="1897"/>
    <tag k="end_date" v="1927"/>
  </way>
  <way id="-100031" version="1">
    <nd ref="-787"/>
    <nd ref="-786"/>
    <nd ref="-785"/>
    <nd ref="-784"/>
    <nd ref="-677"/>
    <tag k="railway" v="tram"/>
    <tag k="gauge" v="1435"/>
    <tag k="start_date" v="1892"/>
    <tag k="end_date" v="1932"/>
    <tag k="end_date:edtf" v="1932~"/>
  </way>
  <way id="-100032" version="1">
    <nd ref="-795"/>
    <nd ref="-794"/>
    <nd ref="-793"/>
    <nd ref="-792"/>
    <nd ref="-791"/>
    <nd ref="-790"/>
    <nd ref="-789"/>
    <nd ref="-788"/>
    <tag k="railway" v="tram"/>
    <tag k="gauge" v="1435"/>
    <tag k="start_date" v="1890"/>
    <tag k="end_date" v="1960"/>
  </way>
  <way id="-100033" version="1">
    <nd ref="-677"/>
    <nd ref="-799"/>
    <nd ref="-798"/>
    <nd ref="-797"/>
    <nd ref="-796"/>
    <tag k="railway" v="tram"/>
    <tag k="gauge" v="1435"/>
    <tag k="start_date" v="1892"/>
    <tag k="end_date" v="1932"/>
    <tag k="end_date:edtf" v="1932~"/>
  </way>
  <way id="-100034" version="1">
    <nd ref="-801"/>
    <nd ref="-800"/>
    <tag k="railway" v="tram"/>
    <tag k="gauge" v="1435"/>
    <tag k="start_date" v="1906"/>
    <tag k="end_date" v="1962"/>
  </way>
  <way id="-100035" version="1">
    <nd ref="-811"/>
    <nd ref="-810"/>
    <nd ref="-809"/>
    <nd ref="-808"/>
    <nd ref="-807"/>
    <nd ref="-806"/>
    <nd ref="-805"/>
    <nd ref="-804"/>
    <nd ref="-803"/>
    <nd ref="-802"/>
    <tag k="railway" v="tram"/>
    <tag k="gauge" v="1435"/>
    <tag k="start_date" v="1888"/>
    <tag k="end_date" v="1935"/>
    <tag k="end_date:edtf" v="1935~"/>
  </way>
  <way id="-100036" version="1">
    <nd ref="-796"/>
    <nd ref="-828"/>
    <nd ref="-827"/>
    <nd ref="-826"/>
    <nd ref="-825"/>
    <nd ref="-824"/>
    <nd ref="-823"/>
    <nd ref="-822"/>
    <nd ref="-821"/>
    <nd ref="-820"/>
    <nd ref="-819"/>
    <nd ref="-818"/>
    <nd ref="-817"/>
    <nd ref="-816"/>
    <nd ref="-815"/>
    <nd ref="-814"/>
    <nd ref="-813"/>
    <nd ref="-812"/>
    <nd ref="-409"/>
    <tag k="railway" v="tram"/>
    <tag k="gauge" v="1435"/>
    <tag k="start_date" v="1906"/>
    <tag k="end_date" v="1939"/>
    <tag k="start_date:edtf" v="1906~"/>
  </way>
  <way id="-100037" version="1">
    <nd ref="-844"/>
    <nd ref="-843"/>
    <nd ref="-842"/>
    <nd ref="-841"/>
    <nd ref="-840"/>
    <nd ref="-839"/>
    <nd ref="-838"/>
    <nd ref="-837"/>
    <nd ref="-836"/>
    <nd ref="-835"/>
    <nd ref="-834"/>
    <nd ref="-833"/>
    <nd ref="-832"/>
    <nd ref="-831"/>
    <nd ref="-830"/>
    <nd ref="-829"/>
    <tag k="railway" v="tram"/>
    <tag k="gauge" v="1435"/>
    <tag k="start_date" v="1888"/>
    <tag k="end_date" v="1935"/>
    <tag k="end_date:edtf" v="1935~"/>
  </way>
  <way id="-100038" version="1">
    <nd ref="-852"/>
    <nd ref="-851"/>
    <nd ref="-850"/>
    <nd ref="-849"/>
    <nd ref="-848"/>
    <nd ref="-847"/>
    <nd ref="-846"/>
    <nd ref="-845"/>
    <tag k="railway" v="tram"/>
    <tag k="gauge" v="1435"/>
    <tag k="start_date" v="1862"/>
    <tag k="end_date" v="1962"/>
  </way>
  <way id="-100039" version="1">
    <nd ref="-860"/>
    <nd ref="-859"/>
    <nd ref="-858"/>
    <nd ref="-857"/>
    <nd ref="-856"/>
    <nd ref="-855"/>
    <nd ref="-854"/>
    <nd ref="-853"/>
    <tag k="railway" v="tram"/>
    <tag k="gauge" v="1435"/>
    <tag k="start_date" v="1875"/>
    <tag k="end_date" v="1900"/>
    <tag k="end_date:edtf" v="1900~"/>
  </way>
  <way id="-100040" version="1">
    <nd ref="-125"/>
    <nd ref="-869"/>
    <nd ref="-868"/>
    <nd ref="-867"/>
    <nd ref="-866"/>
    <nd ref="-865"/>
    <nd ref="-864"/>
    <nd ref="-863"/>
    <nd ref="-862"/>
    <nd ref="-861"/>
    <nd ref="-639"/>
    <tag k="railway" v="tram"/>
    <tag k="gauge" v="1435"/>
    <tag k="start_date" v="1891"/>
    <tag k="end_date" v="1935"/>
  </way>
  <way id="-100041" version="1">
    <nd ref="-677"/>
    <nd ref="-883"/>
    <nd ref="-882"/>
    <nd ref="-881"/>
    <nd ref="-880"/>
    <nd ref="-879"/>
    <nd ref="-878"/>
    <nd ref="-877"/>
    <nd ref="-876"/>
    <nd ref="-875"/>
    <nd ref="-874"/>
    <nd ref="-873"/>
    <nd ref="-872"/>
    <nd ref="-871"/>
    <nd ref="-870"/>
    <nd ref="-390"/>
    <tag k="railway" v="tram"/>
    <tag k="gauge" v="1435"/>
    <tag k="start_date" v="1907"/>
    <tag k="end_date" v="1932"/>
    <tag k="end_date:edtf" v="1932~"/>
  </way>
  <way id="-100042" version="1">
    <nd ref="-740"/>
    <nd ref="-887"/>
    <nd ref="-886"/>
    <nd ref="-885"/>
    <nd ref="-884"/>
    <tag k="railway" v="tram"/>
    <tag k="gauge" v="1435"/>
    <tag k="start_date" v="1890"/>
    <tag k="end_date" v="1960"/>
  </way>
  <way id="-100043" version="1">
    <nd ref="-1067"/>
    <nd ref="-904"/>
    <nd ref="-903"/>
    <nd ref="-902"/>
    <nd ref="-901"/>
    <nd ref="-900"/>
    <nd ref="-899"/>
    <nd ref="-898"/>
    <nd ref="-897"/>
    <nd ref="-1696"/>
    <nd ref="-1693"/>
    <tag k="railway" v="tram"/>
    <tag k="gauge" v="1435"/>
    <tag k="start_date" v="1903"/>
    <tag k="end_date" v="1923"/>
  </way>
  <way id="-100044" version="1">
    <nd ref="-912"/>
    <nd ref="-911"/>
    <nd ref="-910"/>
    <nd ref="-909"/>
    <nd ref="-908"/>
    <nd ref="-907"/>
    <nd ref="-906"/>
    <nd ref="-905"/>
    <tag k="railway" v="tram"/>
    <tag k="gauge" v="1435"/>
    <tag k="start_date" v="1875"/>
    <tag k="end_date" v="1933"/>
    <tag k="end_date:edtf" v="1933~"/>
  </way>
  <way id="-100046" version="1">
    <nd ref="-935"/>
    <nd ref="-934"/>
    <nd ref="-933"/>
    <nd ref="-932"/>
    <nd ref="-931"/>
    <nd ref="-930"/>
    <nd ref="-929"/>
    <tag k="railway" v="tram"/>
    <tag k="gauge" v="1435"/>
    <tag k="start_date" v="1908"/>
    <tag k="end_date" v="1962"/>
  </way>
  <way id="-100047" version="1">
    <nd ref="-947"/>
    <nd ref="-946"/>
    <nd ref="-945"/>
    <nd ref="-944"/>
    <nd ref="-943"/>
    <nd ref="-942"/>
    <nd ref="-941"/>
    <nd ref="-940"/>
    <nd ref="-939"/>
    <nd ref="-938"/>
    <nd ref="-937"/>
    <nd ref="-936"/>
    <tag k="railway" v="tram"/>
    <tag k="gauge" v="1435"/>
    <tag k="start_date" v="1899"/>
    <tag k="end_date" v="1958"/>
  </way>
  <way id="-100048" version="1">
    <nd ref="-951"/>
    <nd ref="-950"/>
    <nd ref="-949"/>
    <nd ref="-948"/>
    <tag k="railway" v="tram"/>
    <tag k="gauge" v="1435"/>
    <tag k="start_date" v="1893"/>
    <tag k="end_date" v="1960"/>
  </way>
  <way id="-100049" version="1">
    <nd ref="-960"/>
    <nd ref="-959"/>
    <nd ref="-958"/>
    <nd ref="-957"/>
    <nd ref="-956"/>
    <nd ref="-955"/>
    <nd ref="-954"/>
    <nd ref="-953"/>
    <nd ref="-952"/>
    <tag k="railway" v="tram"/>
    <tag k="gauge" v="1435"/>
    <tag k="start_date" v="1900"/>
    <tag k="end_date" v="1961"/>
  </way>
  <way id="-100050" version="1">
    <nd ref="-972"/>
    <nd ref="-971"/>
    <nd ref="-970"/>
    <nd ref="-969"/>
    <nd ref="-968"/>
    <nd ref="-967"/>
    <nd ref="-966"/>
    <nd ref="-965"/>
    <nd ref="-964"/>
    <nd ref="-963"/>
    <nd ref="-962"/>
    <nd ref="-961"/>
    <tag k="railway" v="tram"/>
    <tag k="gauge" v="1435"/>
    <tag k="start_date" v="1862"/>
    <tag k="end_date" v="1962"/>
  </way>
  <way id="-100051" version="1">
    <nd ref="-936"/>
    <nd ref="-485"/>
    <tag k="railway" v="tram"/>
    <tag k="gauge" v="1435"/>
    <tag k="start_date" v="1888"/>
    <tag k="end_date" v="1925"/>
  </way>
  <way id="-100052" version="1">
    <nd ref="-979"/>
    <nd ref="-978"/>
    <nd ref="-977"/>
    <nd ref="-976"/>
    <nd ref="-975"/>
    <nd ref="-974"/>
    <nd ref="-973"/>
    <tag k="railway" v="tram"/>
    <tag k="gauge" v="1435"/>
    <tag k="start_date" v="1894"/>
    <tag k="end_date" v="1961"/>
  </way>
  <way id="-100053" version="1">
    <nd ref="-829"/>
    <nd ref="-992"/>
    <nd ref="-991"/>
    <nd ref="-990"/>
    <nd ref="-989"/>
    <nd ref="-988"/>
    <nd ref="-987"/>
    <nd ref="-986"/>
    <nd ref="-985"/>
    <nd ref="-984"/>
    <nd ref="-983"/>
    <nd ref="-982"/>
    <nd ref="-981"/>
    <nd ref="-980"/>
    <tag k="railway" v="tram"/>
    <tag k="gauge" v="1435"/>
    <tag k="start_date" v="1875"/>
    <tag k="end_date" v="1935"/>
    <tag k="end_date:edtf" v="1935~"/>
  </way>
  <way id="-100054" version="1">
    <nd ref="-935"/>
    <nd ref="-997"/>
    <nd ref="-996"/>
    <nd ref="-995"/>
    <nd ref="-994"/>
    <nd ref="-993"/>
    <tag k="railway" v="tram"/>
    <tag k="gauge" v="1435"/>
    <tag k="start_date" v="1870"/>
    <tag k="end_date" v="1949"/>
  </way>
  <way id="-100055" version="1">
    <nd ref="-1001"/>
    <nd ref="-1000"/>
    <nd ref="-999"/>
    <nd ref="-998"/>
    <tag k="railway" v="tram"/>
    <tag k="gauge" v="1435"/>
    <tag k="start_date" v="1873"/>
    <tag k="end_date" v="1960"/>
  </way>
  <way id="-100056" version="1">
    <nd ref="-1004"/>
    <nd ref="-1003"/>
    <nd ref="-1002"/>
    <nd ref="-951"/>
    <tag k="railway" v="tram"/>
    <tag k="gauge" v="1435"/>
    <tag k="start_date" v="1893"/>
    <tag k="end_date" v="1960"/>
  </way>
  <way id="-100057" version="1">
    <nd ref="-998"/>
    <nd ref="-1014"/>
    <nd ref="-1013"/>
    <nd ref="-1012"/>
    <nd ref="-1011"/>
    <nd ref="-1010"/>
    <nd ref="-1009"/>
    <nd ref="-1008"/>
    <nd ref="-1007"/>
    <nd ref="-1006"/>
    <nd ref="-1005"/>
    <tag k="railway" v="tram"/>
    <tag k="gauge" v="1435"/>
    <tag k="start_date" v="1896"/>
    <tag k="end_date" v="1935"/>
  </way>
  <way id="-100058" version="1">
    <nd ref="-1015"/>
    <nd ref="-1005"/>
    <tag k="railway" v="tram"/>
    <tag k="gauge" v="1435"/>
    <tag k="start_date" v="1896"/>
    <tag k="end_date" v="1962"/>
  </way>
  <way id="-100059" version="1">
    <nd ref="-1022"/>
    <nd ref="-1021"/>
    <nd ref="-1020"/>
    <nd ref="-1019"/>
    <nd ref="-1016"/>
    <tag k="railway" v="tram"/>
    <tag k="gauge" v="1435"/>
    <tag k="start_date" v="1873"/>
    <tag k="end_date" v="1935"/>
  </way>
  <way id="-100060" version="1">
    <nd ref="-1029"/>
    <nd ref="-1028"/>
    <nd ref="-1027"/>
    <nd ref="-1026"/>
    <nd ref="-1025"/>
    <nd ref="-1024"/>
    <nd ref="-1023"/>
    <tag k="railway" v="tram"/>
    <tag k="gauge" v="1435"/>
    <tag k="start_date" v="1916"/>
    <tag k="end_date" v="1958"/>
  </way>
  <way id="-100061" version="1">
    <nd ref="-800"/>
    <nd ref="-1033"/>
    <nd ref="-1032"/>
    <nd ref="-1031"/>
    <nd ref="-1030"/>
    <tag k="railway" v="tram"/>
    <tag k="gauge" v="1435"/>
    <tag k="start_date" v="1892"/>
    <tag k="end_date" v="1962"/>
  </way>
  <way id="-100062" version="1">
    <nd ref="-1037"/>
    <nd ref="-1036"/>
    <nd ref="-1035"/>
    <nd ref="-1034"/>
    <nd ref="-1029"/>
    <tag k="railway" v="tram"/>
    <tag k="gauge" v="1435"/>
    <tag k="start_date" v="1901"/>
    <tag k="end_date" v="1958"/>
  </way>
  <way id="-100063" version="1">
    <nd ref="-1039"/>
    <nd ref="-1038"/>
    <nd ref="-884"/>
    <tag k="railway" v="tram"/>
    <tag k="gauge" v="1435"/>
    <tag k="start_date" v="1893"/>
    <tag k="end_date" v="1960"/>
  </way>
  <way id="-100064" version="1">
    <nd ref="-1040"/>
    <nd ref="-1041"/>
    <nd ref="-1042"/>
    <nd ref="-1043"/>
    <nd ref="-1044"/>
    <nd ref="-1045"/>
    <nd ref="-1046"/>
    <nd ref="-1715"/>
    <nd ref="-1714"/>
    <nd ref="-1708"/>
    <nd ref="-1707"/>
    <nd ref="-1706"/>
    <nd ref="-1604"/>
    <nd ref="-1705"/>
    <nd ref="-1704"/>
    <nd ref="-1606"/>
    <nd ref="-1713"/>
    <nd ref="-1712"/>
    <nd ref="-1711"/>
    <nd ref="-1710"/>
    <nd ref="-1016"/>
    <tag k="railway" v="tram"/>
    <tag k="gauge" v="1435"/>
    <tag k="start_date" v="1873"/>
    <tag k="end_date" v="1961"/>
  </way>
  <way id="-100065" version="1">
    <nd ref="-952"/>
    <nd ref="-1061"/>
    <nd ref="-1060"/>
    <nd ref="-1059"/>
    <nd ref="-1058"/>
    <nd ref="-1057"/>
    <nd ref="-1056"/>
    <nd ref="-1055"/>
    <nd ref="-1054"/>
    <nd ref="-1053"/>
    <nd ref="-1052"/>
    <nd ref="-1051"/>
    <nd ref="-1050"/>
    <nd ref="-1049"/>
    <nd ref="-1048"/>
    <tag k="railway" v="tram"/>
    <tag k="gauge" v="1435"/>
    <tag k="start_date" v="1900"/>
    <tag k="end_date" v="1961"/>
  </way>
  <way id="-100066" version="1">
    <nd ref="-1065"/>
    <nd ref="-1064"/>
    <nd ref="-1063"/>
    <nd ref="-1062"/>
    <tag k="railway" v="tram"/>
    <tag k="gauge" v="1435"/>
    <tag k="start_date" v="1902"/>
    <tag k="end_date" v="1961"/>
  </way>
  <way id="-100067" version="1">
    <nd ref="-447"/>
    <nd ref="-1066"/>
    <nd ref="-935"/>
    <tag k="railway" v="tram"/>
    <tag k="gauge" v="1435"/>
    <tag k="start_date" v="1870"/>
    <tag k="end_date" v="1949"/>
  </way>
  <way id="-100068" version="1">
    <nd ref="-1069"/>
    <nd ref="-1068"/>
    <nd ref="-1067"/>
    <tag k="railway" v="tram"/>
    <tag k="gauge" v="1435"/>
    <tag k="start_date" v="1917"/>
    <tag k="end_date" v="1923"/>
  </way>
  <way id="-100069" version="1">
    <nd ref="-936"/>
    <nd ref="-1080"/>
    <nd ref="-1079"/>
    <nd ref="-1078"/>
    <nd ref="-1077"/>
    <nd ref="-1076"/>
    <nd ref="-1075"/>
    <nd ref="-1074"/>
    <nd ref="-1073"/>
    <nd ref="-1072"/>
    <nd ref="-1071"/>
    <nd ref="-1070"/>
    <tag k="railway" v="tram"/>
    <tag k="gauge" v="1435"/>
    <tag k="start_date" v="1899"/>
    <tag k="end_date" v="1958"/>
  </way>
  <way id="-100070" version="1">
    <nd ref="-1082"/>
    <nd ref="-1081"/>
    <tag k="railway" v="tram"/>
    <tag k="gauge" v="1435"/>
    <tag k="start_date" v="1872"/>
    <tag k="end_date" v="1962"/>
  </way>
  <way id="-100071" version="1">
    <nd ref="-1086"/>
    <nd ref="-1085"/>
    <nd ref="-1084"/>
    <nd ref="-1083"/>
    <tag k="railway" v="tram"/>
    <tag k="gauge" v="1435"/>
    <tag k="start_date" v="1872"/>
    <tag k="end_date" v="1935"/>
  </way>
  <way id="-100072" version="1">
    <nd ref="-1089"/>
    <nd ref="-1088"/>
    <nd ref="-1087"/>
    <tag k="railway" v="tram"/>
    <tag k="gauge" v="1435"/>
    <tag k="start_date" v="1897"/>
    <tag k="end_date" v="1960"/>
  </way>
  <way id="-100073" version="1">
    <nd ref="-1087"/>
    <nd ref="-1092"/>
    <nd ref="-1091"/>
    <nd ref="-1090"/>
    <nd ref="-1627"/>
    <nd ref="-1586"/>
    <nd ref="-1626"/>
    <nd ref="-1582"/>
    <nd ref="-1515"/>
    <nd ref="-1532"/>
    <nd ref="-1494"/>
    <nd ref="-1493"/>
    <nd ref="-1492"/>
    <nd ref="-1491"/>
    <nd ref="-1490"/>
    <nd ref="-1735"/>
    <nd ref="-375"/>
    <tag k="railway" v="tram"/>
    <tag k="gauge" v="1435"/>
    <tag k="start_date" v="1896"/>
    <tag k="end_date" v="1960"/>
  </way>
  <way id="-100074" version="1">
    <nd ref="-1099"/>
    <nd ref="-1098"/>
    <nd ref="-1097"/>
    <nd ref="-1096"/>
    <nd ref="-1095"/>
    <nd ref="-1094"/>
    <nd ref="-1093"/>
    <tag k="railway" v="tram"/>
    <tag k="gauge" v="1435"/>
    <tag k="start_date" v="1862"/>
    <tag k="end_date" v="1962"/>
  </way>
  <way id="-100075" version="1">
    <nd ref="-1376"/>
    <nd ref="-1720"/>
    <tag k="railway" v="tram"/>
    <tag k="gauge" v="1435"/>
    <tag k="start_date" v="1875"/>
    <tag k="end_date" v="1933"/>
  </way>
  <way id="-100076" version="1">
    <nd ref="-852"/>
    <nd ref="-1102"/>
    <nd ref="-1101"/>
    <tag k="railway" v="tram"/>
    <tag k="gauge" v="1435"/>
    <tag k="start_date" v="1893"/>
    <tag k="end_date" v="1962"/>
  </way>
  <way id="-100077" version="1">
    <nd ref="-1107"/>
    <nd ref="-1106"/>
    <nd ref="-1105"/>
    <nd ref="-1104"/>
    <nd ref="-1103"/>
    <tag k="railway" v="tram"/>
    <tag k="gauge" v="1435"/>
    <tag k="start_date" v="1901"/>
    <tag k="end_date" v="1958"/>
  </way>
  <way id="-100078" version="1">
    <nd ref="-1109"/>
    <nd ref="-1108"/>
    <tag k="railway" v="tram"/>
    <tag k="gauge" v="1435"/>
    <tag k="start_date" v="1875"/>
    <tag k="end_date" v="1961"/>
  </way>
  <way id="-100079" version="1">
    <nd ref="-1111"/>
    <nd ref="-1110"/>
    <tag k="railway" v="tram"/>
    <tag k="gauge" v="1435"/>
    <tag k="start_date" v="1875"/>
    <tag k="end_date" v="1961"/>
  </way>
  <way id="-100080" version="1">
    <nd ref="-1113"/>
    <nd ref="-1112"/>
    <tag k="railway" v="tram"/>
    <tag k="gauge" v="1435"/>
    <tag k="start_date" v="1872"/>
    <tag k="end_date" v="1933"/>
  </way>
  <way id="-100081" version="1">
    <nd ref="-1118"/>
    <nd ref="-1117"/>
    <nd ref="-1116"/>
    <nd ref="-1115"/>
    <nd ref="-1114"/>
    <nd ref="-801"/>
    <tag k="railway" v="tram"/>
    <tag k="gauge" v="1435"/>
    <tag k="start_date" v="1907"/>
    <tag k="end_date" v="1962"/>
  </way>
  <way id="-100082" version="1">
    <nd ref="-1119"/>
    <nd ref="-993"/>
    <tag k="railway" v="tram"/>
    <tag k="gauge" v="1435"/>
    <tag k="start_date" v="1890"/>
    <tag k="end_date" v="1958"/>
  </way>
  <way id="-100083" version="1">
    <nd ref="-376"/>
    <nd ref="-1122"/>
    <nd ref="-1121"/>
    <nd ref="-1120"/>
    <nd ref="-952"/>
    <tag k="railway" v="tram"/>
    <tag k="gauge" v="1435"/>
    <tag k="start_date" v="1892"/>
    <tag k="end_date" v="1962"/>
  </way>
  <way id="-100084" version="1">
    <nd ref="-1127"/>
    <nd ref="-1719"/>
    <nd ref="-1126"/>
    <nd ref="-1125"/>
    <nd ref="-1124"/>
    <nd ref="-1123"/>
    <tag k="railway" v="tram"/>
    <tag k="gauge" v="1435"/>
    <tag k="start_date" v="1872"/>
    <tag k="end_date" v="1935"/>
  </way>
  <way id="-100085" version="1">
    <nd ref="-1"/>
    <nd ref="-1622"/>
    <tag k="railway" v="tram"/>
    <tag k="gauge" v="1435"/>
    <tag k="start_date" v="1906"/>
    <tag k="end_date" v="1923"/>
  </way>
  <way id="-100087" version="1">
    <nd ref="-1132"/>
    <nd ref="-1131"/>
    <nd ref="-951"/>
    <tag k="railway" v="tram"/>
    <tag k="gauge" v="1435"/>
    <tag k="start_date" v="1893"/>
    <tag k="end_date" v="1960"/>
  </way>
  <way id="-100088" version="1">
    <nd ref="-1133"/>
    <nd ref="-590"/>
    <tag k="railway" v="tram"/>
    <tag k="gauge" v="1435"/>
    <tag k="start_date" v="1902"/>
    <tag k="end_date" v="1958"/>
  </way>
  <way id="-100089" version="1">
    <nd ref="-1134"/>
    <nd ref="-1136"/>
    <tag k="railway" v="tram"/>
    <tag k="gauge" v="1435"/>
    <tag k="start_date" v="1862"/>
    <tag k="end_date" v="1960"/>
  </way>
  <way id="-100090" version="1">
    <nd ref="-1140"/>
    <nd ref="-1139"/>
    <nd ref="-1138"/>
    <nd ref="-1137"/>
    <nd ref="-1136"/>
    <tag k="railway" v="tram"/>
    <tag k="gauge" v="1435"/>
    <tag k="start_date" v="1875"/>
    <tag k="end_date" v="1960"/>
  </way>
  <way id="-100091" version="1">
    <nd ref="-1146"/>
    <nd ref="-1145"/>
    <nd ref="-1144"/>
    <nd ref="-1143"/>
    <nd ref="-1142"/>
    <nd ref="-1147"/>
    <tag k="railway" v="tram"/>
    <tag k="gauge" v="1435"/>
    <tag k="start_date" v="1862"/>
    <tag k="end_date" v="1962"/>
  </way>
  <way id="-100092" version="1">
    <nd ref="-1153"/>
    <nd ref="-1152"/>
    <nd ref="-1151"/>
    <nd ref="-1150"/>
    <nd ref="-1149"/>
    <nd ref="-1147"/>
    <tag k="railway" v="tram"/>
    <tag k="gauge" v="1435"/>
    <tag k="start_date" v="1936"/>
    <tag k="end_date" v="1961"/>
  </way>
  <way id="-100093" version="1">
    <nd ref="-1155"/>
    <nd ref="-1154"/>
    <tag k="railway" v="tram"/>
    <tag k="gauge" v="1435"/>
    <tag k="start_date" v="1862"/>
    <tag k="end_date" v="1960"/>
  </way>
  <way id="-100094" version="1">
    <nd ref="-1160"/>
    <nd ref="-1158"/>
    <nd ref="-1022"/>
    <tag k="railway" v="tram"/>
    <tag k="gauge" v="1435"/>
    <tag k="start_date" v="1873"/>
    <tag k="end_date" v="1935"/>
  </way>
  <way id="-100095" version="1">
    <nd ref="-1168"/>
    <nd ref="-1165"/>
    <nd ref="-1164"/>
    <nd ref="-1163"/>
    <nd ref="-1162"/>
    <nd ref="-1161"/>
    <tag k="railway" v="tram"/>
    <tag k="gauge" v="1435"/>
    <tag k="start_date" v="1908"/>
    <tag k="end_date" v="1961"/>
  </way>
  <way id="-100096" version="1">
    <nd ref="-1161"/>
    <nd ref="-1172"/>
    <nd ref="-1171"/>
    <nd ref="-1170"/>
    <nd ref="-1169"/>
    <tag k="railway" v="tram"/>
    <tag k="gauge" v="1435"/>
    <tag k="start_date" v="1908"/>
    <tag k="end_date" v="1961"/>
  </way>
  <way id="-100097" version="1">
    <nd ref="-1176"/>
    <nd ref="-1175"/>
    <nd ref="-1174"/>
    <nd ref="-1173"/>
    <nd ref="-1376"/>
    <tag k="railway" v="tram"/>
    <tag k="gauge" v="1435"/>
    <tag k="start_date" v="1862"/>
    <tag k="end_date" v="1962"/>
  </way>
  <way id="-100098" version="1">
    <nd ref="-1186"/>
    <nd ref="-1185"/>
    <nd ref="-1183"/>
    <nd ref="-1182"/>
    <nd ref="-1181"/>
    <nd ref="-1180"/>
    <nd ref="-1179"/>
    <nd ref="-1178"/>
    <nd ref="-1177"/>
    <tag k="railway" v="tram"/>
    <tag k="gauge" v="1435"/>
    <tag k="start_date" v="1865"/>
    <tag k="end_date" v="1961"/>
  </way>
  <way id="-100099" version="1">
    <nd ref="-1188"/>
    <nd ref="-1187"/>
    <tag k="railway" v="tram"/>
    <tag k="gauge" v="1435"/>
    <tag k="start_date" v="1908"/>
    <tag k="end_date" v="1962"/>
  </way>
  <way id="-100100" version="1">
    <nd ref="-1190"/>
    <nd ref="-1189"/>
    <nd ref="-1005"/>
    <tag k="railway" v="tram"/>
    <tag k="gauge" v="1435"/>
    <tag k="start_date" v="1908"/>
    <tag k="end_date" v="1962"/>
  </way>
  <way id="-100101" version="1">
    <nd ref="-1"/>
    <nd ref="-1192"/>
    <nd ref="-1191"/>
    <tag k="railway" v="tram"/>
    <tag k="gauge" v="1435"/>
    <tag k="start_date" v="1923"/>
    <tag k="end_date" v="1956"/>
  </way>
  <way id="-100102" version="1">
    <nd ref="-1191"/>
    <nd ref="-1195"/>
    <nd ref="-1194"/>
    <nd ref="-1193"/>
    <tag k="railway" v="tram"/>
    <tag k="gauge" v="1435"/>
    <tag k="start_date" v="1923"/>
    <tag k="end_date" v="1956"/>
  </way>
  <way id="-100103" version="1">
    <nd ref="-1201"/>
    <nd ref="-1200"/>
    <nd ref="-1199"/>
    <nd ref="-1198"/>
    <nd ref="-1197"/>
    <nd ref="-1196"/>
    <nd ref="-1001"/>
    <tag k="railway" v="tram"/>
    <tag k="gauge" v="1435"/>
    <tag k="start_date" v="1873"/>
    <tag k="end_date" v="1960"/>
  </way>
  <way id="-100104" version="1">
    <nd ref="-1209"/>
    <nd ref="-1208"/>
    <nd ref="-1207"/>
    <nd ref="-1206"/>
    <nd ref="-1205"/>
    <nd ref="-1204"/>
    <nd ref="-1203"/>
    <nd ref="-1202"/>
    <nd ref="-796"/>
    <tag k="railway" v="tram"/>
    <tag k="gauge" v="1435"/>
    <tag k="start_date" v="1906"/>
    <tag k="end_date" v="1939"/>
    <tag k="start_date:edtf" v="1906~"/>
  </way>
  <way id="-100105" version="1">
    <nd ref="-1210"/>
    <nd ref="-1099"/>
    <tag k="railway" v="tram"/>
    <tag k="gauge" v="1435"/>
    <tag k="start_date" v="1901"/>
    <tag k="end_date" v="1962"/>
  </way>
  <way id="-100106" version="1">
    <nd ref="-1212"/>
    <nd ref="-1211"/>
    <nd ref="-1037"/>
    <tag k="railway" v="tram"/>
    <tag k="gauge" v="1435"/>
    <tag k="start_date" v="1901"/>
    <tag k="end_date" v="1958"/>
  </way>
  <way id="-100107" version="1">
    <nd ref="-1168"/>
    <nd ref="-1214"/>
    <nd ref="-1213"/>
    <tag k="railway" v="tram"/>
    <tag k="gauge" v="1435"/>
    <tag k="start_date" v="1894"/>
    <tag k="end_date" v="1908"/>
  </way>
  <way id="-100108" version="1">
    <nd ref="-952"/>
    <nd ref="-1215"/>
    <nd ref="-1101"/>
    <tag k="railway" v="tram"/>
    <tag k="gauge" v="1435"/>
    <tag k="start_date" v="1892"/>
    <tag k="end_date" v="1962"/>
  </way>
  <way id="-100109" version="1">
    <nd ref="-884"/>
    <nd ref="-1216"/>
    <nd ref="-1201"/>
    <tag k="railway" v="tram"/>
    <tag k="gauge" v="1435"/>
    <tag k="start_date" v="1890"/>
    <tag k="end_date" v="1960"/>
  </way>
  <way id="-100110" version="1">
    <nd ref="-1220"/>
    <nd ref="-1219"/>
    <nd ref="-1218"/>
    <nd ref="-1217"/>
    <nd ref="-844"/>
    <tag k="railway" v="tram"/>
    <tag k="gauge" v="1435"/>
    <tag k="start_date" v="1896"/>
    <tag k="end_date" v="1935"/>
  </way>
  <way id="-100111" version="1">
    <nd ref="-1223"/>
    <nd ref="-1466"/>
    <tag k="railway" v="tram"/>
    <tag k="gauge" v="1435"/>
    <tag k="start_date" v="1872"/>
    <tag k="end_date" v="1933"/>
  </way>
  <way id="-100112" version="1">
    <nd ref="-1099"/>
    <nd ref="-1081"/>
    <tag k="railway" v="tram"/>
    <tag k="gauge" v="1435"/>
    <tag k="start_date" v="1908"/>
    <tag k="end_date" v="1962"/>
  </way>
  <way id="-100113" version="1">
    <nd ref="-1225"/>
    <nd ref="-1224"/>
    <tag k="railway" v="tram"/>
    <tag k="gauge" v="1435"/>
    <tag k="start_date" v="1862"/>
    <tag k="end_date" v="1960"/>
  </way>
  <way id="-100114" version="1">
    <nd ref="-961"/>
    <nd ref="-1228"/>
    <nd ref="-1227"/>
    <nd ref="-1226"/>
    <nd ref="-1107"/>
    <tag k="railway" v="tram"/>
    <tag k="gauge" v="1435"/>
    <tag k="start_date" v="1901"/>
    <tag k="end_date" v="1958"/>
  </way>
  <way id="-100115" version="1">
    <nd ref="-1234"/>
    <nd ref="-1229"/>
    <tag k="railway" v="tram"/>
    <tag k="gauge" v="1435"/>
    <tag k="start_date" v="1908"/>
    <tag k="end_date" v="1962"/>
  </way>
  <way id="-100116" version="1">
    <nd ref="-1161"/>
    <nd ref="-1239"/>
    <nd ref="-979"/>
    <tag k="railway" v="tram"/>
    <tag k="gauge" v="1435"/>
    <tag k="start_date" v="1894"/>
    <tag k="end_date" v="1961"/>
  </way>
  <way id="-100117" version="1">
    <nd ref="-1243"/>
    <nd ref="-1242"/>
    <nd ref="-1241"/>
    <nd ref="-1240"/>
    <tag k="railway" v="tram"/>
    <tag k="gauge" v="1435"/>
    <tag k="start_date" v="1908"/>
    <tag k="end_date" v="1962"/>
  </way>
  <way id="-100118" version="1">
    <nd ref="-1246"/>
    <nd ref="-1245"/>
    <nd ref="-1244"/>
    <tag k="railway" v="tram"/>
    <tag k="gauge" v="1435"/>
    <tag k="start_date" v="1891"/>
    <tag k="end_date" v="1958"/>
    <tag k="end_date:edtf" v="1958~"/>
  </way>
  <way id="-100119" version="1">
    <nd ref="-1248"/>
    <nd ref="-1247"/>
    <tag k="railway" v="tram"/>
    <tag k="gauge" v="1435"/>
    <tag k="start_date" v="1865"/>
    <tag k="end_date" v="1961"/>
  </way>
  <way id="-100120" version="1">
    <nd ref="-1048"/>
    <nd ref="-1253"/>
    <nd ref="-1252"/>
    <nd ref="-1251"/>
    <nd ref="-1250"/>
    <nd ref="-1249"/>
    <nd ref="-1701"/>
    <nd ref="-1016"/>
    <tag k="railway" v="tram"/>
    <tag k="gauge" v="1435"/>
    <tag k="start_date" v="1883"/>
    <tag k="end_date" v="1961"/>
  </way>
  <way id="-100121" version="1">
    <nd ref="-1254"/>
    <nd ref="-1190"/>
    <tag k="railway" v="tram"/>
    <tag k="gauge" v="1435"/>
    <tag k="start_date" v="1890"/>
    <tag k="end_date" v="1958"/>
  </way>
  <way id="-100122" version="1">
    <nd ref="-1022"/>
    <nd ref="-594"/>
    <tag k="railway" v="tram"/>
    <tag k="gauge" v="1435"/>
    <tag k="start_date" v="1873"/>
    <tag k="end_date" v="1935"/>
  </way>
  <way id="-100123" version="1">
    <nd ref="-740"/>
    <nd ref="-1258"/>
    <nd ref="-1257"/>
    <nd ref="-1118"/>
    <tag k="railway" v="tram"/>
    <tag k="gauge" v="1435"/>
    <tag k="start_date" v="1910"/>
    <tag k="end_date" v="1936"/>
  </way>
  <way id="-100124" version="1">
    <nd ref="-1119"/>
    <nd ref="-1261"/>
    <nd ref="-1260"/>
    <nd ref="-1259"/>
    <nd ref="-1229"/>
    <tag k="railway" v="tram"/>
    <tag k="gauge" v="1435"/>
    <tag k="start_date" v="1888"/>
    <tag k="end_date" v="1958"/>
    <tag k="end_date:edtf" v="1958~"/>
  </way>
  <way id="-100125" version="1">
    <nd ref="-1263"/>
    <nd ref="-1262"/>
    <tag k="railway" v="tram"/>
    <tag k="gauge" v="1435"/>
    <tag k="start_date" v="1862"/>
    <tag k="end_date" v="1962"/>
  </way>
  <way id="-100126" version="1">
    <nd ref="-888"/>
    <nd ref="-1265"/>
    <nd ref="-1264"/>
    <tag k="railway" v="tram"/>
    <tag k="gauge" v="1435"/>
    <tag k="start_date" v="1888"/>
    <tag k="end_date" v="1900"/>
  </way>
  <way id="-100127" version="1">
    <nd ref="-1269"/>
    <nd ref="-1268"/>
    <nd ref="-1267"/>
    <nd ref="-1266"/>
    <nd ref="-1210"/>
    <tag k="railway" v="tram"/>
    <tag k="gauge" v="1435"/>
    <tag k="start_date" v="1862"/>
    <tag k="end_date" v="1962"/>
  </way>
  <way id="-100128" version="1">
    <nd ref="-860"/>
    <nd ref="-802"/>
    <tag k="railway" v="tram"/>
    <tag k="gauge" v="1435"/>
    <tag k="start_date" v="1888"/>
    <tag k="end_date" v="1900"/>
    <tag k="end_date:edtf" v="1900~"/>
  </way>
  <way id="-100129" version="1">
    <nd ref="-1271"/>
    <nd ref="-1270"/>
    <tag k="railway" v="tram"/>
    <tag k="gauge" v="1435"/>
    <tag k="start_date" v="1862"/>
    <tag k="end_date" v="1962"/>
  </way>
  <way id="-100130" version="1">
    <nd ref="-948"/>
    <nd ref="-1274"/>
    <nd ref="-1273"/>
    <nd ref="-1272"/>
    <nd ref="-740"/>
    <tag k="railway" v="tram"/>
    <tag k="gauge" v="1435"/>
    <tag k="start_date" v="1890"/>
    <tag k="end_date" v="1960"/>
  </way>
  <way id="-100131" version="1">
    <nd ref="-1277"/>
    <nd ref="-1276"/>
    <nd ref="-1275"/>
    <nd ref="-980"/>
    <tag k="railway" v="tram"/>
    <tag k="gauge" v="1435"/>
    <tag k="start_date" v="1900"/>
    <tag k="end_date" v="1935"/>
    <tag k="end_date:edtf" v="1935~"/>
  </way>
  <way id="-100132" version="1">
    <nd ref="-1062"/>
    <nd ref="-1286"/>
    <nd ref="-1285"/>
    <nd ref="-1284"/>
    <nd ref="-1283"/>
    <nd ref="-1282"/>
    <nd ref="-1281"/>
    <nd ref="-1280"/>
    <nd ref="-1279"/>
    <nd ref="-1278"/>
    <nd ref="-1113"/>
    <tag k="railway" v="tram"/>
    <tag k="gauge" v="1435"/>
    <tag k="start_date" v="1872"/>
    <tag k="end_date" v="1933"/>
  </way>
  <way id="-100133" version="1">
    <nd ref="-1289"/>
    <nd ref="-1288"/>
    <nd ref="-1287"/>
    <nd ref="-853"/>
    <tag k="railway" v="tram"/>
    <tag k="gauge" v="1435"/>
    <tag k="start_date" v="1872"/>
    <tag k="end_date" v="1935"/>
  </way>
  <way id="-100134" version="1">
    <nd ref="-1291"/>
    <nd ref="-1290"/>
    <nd ref="-972"/>
    <tag k="railway" v="tram"/>
    <tag k="gauge" v="1435"/>
    <tag k="start_date" v="1862"/>
    <tag k="end_date" v="1962"/>
  </way>
  <way id="-100135" version="1">
    <nd ref="-1209"/>
    <nd ref="-796"/>
    <tag k="railway" v="tram"/>
    <tag k="gauge" v="1435"/>
    <tag k="start_date" v="1892"/>
    <tag k="end_date" v="1932"/>
    <tag k="end_date:edtf" v="1932~"/>
  </way>
  <way id="-100136" version="1">
    <nd ref="-1292"/>
    <nd ref="-1040"/>
    <tag k="railway" v="tram"/>
    <tag k="gauge" v="1435"/>
    <tag k="start_date" v="1865"/>
    <tag k="end_date" v="1961"/>
  </way>
  <way id="-100137" version="1">
    <nd ref="-1254"/>
    <nd ref="-1294"/>
    <nd ref="-1293"/>
    <tag k="railway" v="tram"/>
    <tag k="gauge" v="1435"/>
    <tag k="start_date" v="1889"/>
    <tag k="end_date" v="1894"/>
  </way>
  <way id="-100138" version="1">
    <nd ref="-1295"/>
    <nd ref="-1254"/>
    <tag k="railway" v="tram"/>
    <tag k="gauge" v="1435"/>
    <tag k="start_date" v="1889"/>
    <tag k="end_date" v="1958"/>
  </way>
  <way id="-100140" version="1">
    <nd ref="-1224"/>
    <nd ref="-1303"/>
    <nd ref="-1302"/>
    <tag k="railway" v="tram"/>
    <tag k="gauge" v="1435"/>
    <tag k="start_date" v="1875"/>
    <tag k="end_date" v="1933"/>
    <tag k="end_date:edtf" v="1933~"/>
  </way>
  <way id="-100141" version="1">
    <nd ref="-1304"/>
    <nd ref="-1127"/>
    <tag k="railway" v="tram"/>
    <tag k="gauge" v="1435"/>
    <tag k="start_date" v="1862"/>
    <tag k="end_date" v="1960"/>
  </way>
  <way id="-100142" version="1">
    <nd ref="-1309"/>
    <nd ref="-1308"/>
    <nd ref="-1307"/>
    <nd ref="-1306"/>
    <nd ref="-1305"/>
    <tag k="railway" v="tram"/>
    <tag k="gauge" v="1435"/>
    <tag k="start_date" v="1936"/>
    <tag k="end_date" v="1960"/>
  </way>
  <way id="-100143" version="1">
    <nd ref="-1311"/>
    <nd ref="-1310"/>
    <nd ref="-739"/>
    <tag k="railway" v="tram"/>
    <tag k="gauge" v="1435"/>
    <tag k="start_date" v="1898"/>
    <tag k="end_date" v="1949"/>
  </way>
  <way id="-100144" version="1">
    <nd ref="-1243"/>
    <nd ref="-1154"/>
    <tag k="railway" v="tram"/>
    <tag k="gauge" v="1435"/>
    <tag k="start_date" v="1876"/>
    <tag k="end_date" v="1933"/>
    <tag k="end_date:edtf" v="1933~"/>
  </way>
  <way id="-100145" version="1">
    <nd ref="-1015"/>
    <nd ref="-1313"/>
    <nd ref="-1312"/>
    <nd ref="-1243"/>
    <tag k="railway" v="tram"/>
    <tag k="gauge" v="1435"/>
    <tag k="start_date" v="1875"/>
    <tag k="end_date" v="1935"/>
  </way>
  <way id="-100146" version="1">
    <nd ref="-1314"/>
    <nd ref="-1321"/>
    <nd ref="-1320"/>
    <nd ref="-1319"/>
    <nd ref="-1318"/>
    <nd ref="-1317"/>
    <nd ref="-1316"/>
    <nd ref="-1315"/>
    <nd ref="-1314"/>
    <tag k="railway" v="tram"/>
    <tag k="gauge" v="1435"/>
    <tag k="start_date" v="1896"/>
    <tag k="end_date" v="1962"/>
  </way>
  <way id="-100147" version="1">
    <nd ref="-1325"/>
    <nd ref="-1324"/>
    <nd ref="-1323"/>
    <nd ref="-1322"/>
    <nd ref="-929"/>
    <tag k="railway" v="tram"/>
    <tag k="gauge" v="1435"/>
    <tag k="start_date" v="1888"/>
    <tag k="end_date" v="1958"/>
    <tag k="end_date:edtf" v="1958~"/>
  </way>
  <way id="-100148" version="1">
    <nd ref="-1329"/>
    <nd ref="-1328"/>
    <nd ref="-1327"/>
    <nd ref="-1326"/>
    <nd ref="-1325"/>
    <tag k="railway" v="tram"/>
    <tag k="gauge" v="1435"/>
    <tag k="start_date" v="1888"/>
    <tag k="end_date" v="1958"/>
    <tag k="end_date:edtf" v="1958~"/>
  </way>
  <way id="-100149" version="1">
    <nd ref="-1065"/>
    <nd ref="-1332"/>
    <nd ref="-1331"/>
    <nd ref="-1330"/>
    <nd ref="-800"/>
    <tag k="railway" v="tram"/>
    <tag k="gauge" v="1435"/>
    <tag k="start_date" v="1893"/>
    <tag k="end_date" v="1895"/>
  </way>
  <way id="-100150" version="1">
    <nd ref="-1264"/>
    <nd ref="-1336"/>
    <nd ref="-1335"/>
    <nd ref="-1334"/>
    <nd ref="-1333"/>
    <nd ref="-1210"/>
    <tag k="railway" v="tram"/>
    <tag k="gauge" v="1435"/>
    <tag k="start_date" v="1888"/>
    <tag k="end_date" v="1900"/>
    <tag k="end_date:edtf" v="1900~"/>
  </way>
  <way id="-100151" version="1">
    <nd ref="-1337"/>
    <nd ref="-485"/>
    <tag k="railway" v="tram"/>
    <tag k="gauge" v="1435"/>
    <tag k="start_date" v="1888"/>
    <tag k="end_date" v="1925"/>
  </way>
  <way id="-100152" version="1">
    <nd ref="-1343"/>
    <nd ref="-1342"/>
    <nd ref="-1341"/>
    <nd ref="-1340"/>
    <nd ref="-1339"/>
    <nd ref="-1338"/>
    <tag k="railway" v="tram"/>
    <tag k="gauge" v="1435"/>
    <tag k="start_date" v="1896"/>
    <tag k="end_date" v="1962"/>
  </way>
  <way id="-100153" version="1">
    <nd ref="-1101"/>
    <nd ref="-1346"/>
    <nd ref="-1345"/>
    <nd ref="-1344"/>
    <nd ref="-1048"/>
    <tag k="railway" v="tram"/>
    <tag k="gauge" v="1435"/>
    <tag k="start_date" v="1890"/>
    <tag k="end_date" v="1899"/>
  </way>
  <way id="-100154" version="1">
    <nd ref="-1347"/>
    <nd ref="-1186"/>
    <tag k="railway" v="tram"/>
    <tag k="gauge" v="1435"/>
    <tag k="start_date" v="1862"/>
    <tag k="end_date" v="1960"/>
  </way>
  <way id="-100155" version="1">
    <nd ref="-788"/>
    <nd ref="-1352"/>
    <nd ref="-1351"/>
    <nd ref="-1350"/>
    <nd ref="-1349"/>
    <nd ref="-1348"/>
    <nd ref="-610"/>
    <tag k="railway" v="tram"/>
    <tag k="gauge" v="1435"/>
    <tag k="start_date" v="1943"/>
    <tag k="end_date" v="1960"/>
    <tag k="start_date:edtf" v="1943~"/>
  </way>
  <way id="-100156" version="1">
    <nd ref="-1089"/>
    <nd ref="-1365"/>
    <nd ref="-1364"/>
    <nd ref="-1363"/>
    <nd ref="-1362"/>
    <nd ref="-1361"/>
    <nd ref="-1360"/>
    <nd ref="-1359"/>
    <nd ref="-1358"/>
    <nd ref="-1357"/>
    <nd ref="-1356"/>
    <nd ref="-1355"/>
    <nd ref="-1354"/>
    <nd ref="-1353"/>
    <nd ref="-1089"/>
    <tag k="railway" v="tram"/>
    <tag k="gauge" v="1435"/>
    <tag k="start_date" v="1897"/>
    <tag k="end_date" v="1960"/>
  </way>
  <way id="-100157" version="1">
    <nd ref="-1371"/>
    <nd ref="-1370"/>
    <nd ref="-1369"/>
    <nd ref="-1368"/>
    <nd ref="-1367"/>
    <nd ref="-1366"/>
    <tag k="railway" v="tram"/>
    <tag k="gauge" v="1435"/>
    <tag k="start_date" v="1896"/>
    <tag k="end_date" v="1935"/>
  </way>
  <way id="-100158" version="1">
    <nd ref="-1109"/>
    <nd ref="-852"/>
    <tag k="railway" v="tram"/>
    <tag k="gauge" v="1435"/>
    <tag k="start_date" v="1893"/>
    <tag k="end_date" v="1962"/>
  </way>
  <way id="-100159" version="1">
    <nd ref="-1376"/>
    <nd ref="-1375"/>
    <nd ref="-1374"/>
    <nd ref="-1373"/>
    <nd ref="-1372"/>
    <tag k="railway" v="tram"/>
    <tag k="gauge" v="1435"/>
    <tag k="start_date" v="1875"/>
    <tag k="end_date" v="1933"/>
    <tag k="end_date:edtf" v="1933~"/>
  </way>
  <way id="-100160" version="1">
    <nd ref="-1212"/>
    <nd ref="-1380"/>
    <nd ref="-1379"/>
    <nd ref="-1378"/>
    <nd ref="-1377"/>
    <tag k="railway" v="tram"/>
    <tag k="gauge" v="1435"/>
    <tag k="start_date" v="1875"/>
    <tag k="end_date" v="1916"/>
  </way>
  <way id="-100161" version="1">
    <nd ref="-1377"/>
    <nd ref="-1381"/>
    <nd ref="-1389"/>
    <tag k="railway" v="tram"/>
    <tag k="gauge" v="1435"/>
    <tag k="start_date" v="1862"/>
    <tag k="end_date" v="1962"/>
  </way>
  <way id="-100162" version="1">
    <nd ref="-1130"/>
    <nd ref="-1383"/>
    <nd ref="-1382"/>
    <tag k="railway" v="tram"/>
    <tag k="gauge" v="1435"/>
    <tag k="start_date" v="1896"/>
    <tag k="end_date" v="1960"/>
  </way>
  <way id="-100163" version="1">
    <nd ref="-1081"/>
    <nd ref="-973"/>
    <tag k="railway" v="tram"/>
    <tag k="gauge" v="1435"/>
    <tag k="start_date" v="1908"/>
    <tag k="end_date" v="1962"/>
  </way>
  <way id="-100164" version="1">
    <nd ref="-1109"/>
    <nd ref="-1062"/>
    <tag k="railway" v="tram"/>
    <tag k="gauge" v="1435"/>
    <tag k="start_date" v="1875"/>
    <tag k="end_date" v="1961"/>
  </way>
  <way id="-100165" version="1">
    <nd ref="-1371"/>
    <nd ref="-1386"/>
    <nd ref="-1385"/>
    <nd ref="-1366"/>
    <tag k="railway" v="tram"/>
    <tag k="gauge" v="1435"/>
    <tag k="start_date" v="1912"/>
    <tag k="end_date" v="1923"/>
  </way>
  <way id="-100166" version="1">
    <nd ref="-1302"/>
    <nd ref="-1301"/>
    <tag k="railway" v="tram"/>
    <tag k="gauge" v="1435"/>
    <tag k="start_date" v="1875"/>
    <tag k="end_date" v="1933"/>
    <tag k="end_date:edtf" v="1933~"/>
  </way>
  <way id="-100170" version="1">
    <nd ref="-1398"/>
    <nd ref="-1396"/>
    <tag k="railway" v="tram"/>
    <tag k="gauge" v="1435"/>
    <tag k="start_date" v="1875"/>
    <tag k="end_date" v="1933"/>
    <tag k="end_date:edtf" v="1933~"/>
  </way>
  <way id="-100171" version="1">
    <nd ref="-1401"/>
    <nd ref="-1400"/>
    <nd ref="-1399"/>
    <tag k="railway" v="tram"/>
    <tag k="gauge" v="1435"/>
    <tag k="start_date" v="1889"/>
    <tag k="end_date" v="1958"/>
  </way>
  <way id="-100172" version="1">
    <nd ref="-1123"/>
    <nd ref="-1404"/>
    <nd ref="-1403"/>
    <nd ref="-1402"/>
    <tag k="railway" v="tram"/>
    <tag k="gauge" v="1435"/>
    <tag k="start_date" v="1875"/>
    <tag k="end_date" v="1933"/>
    <tag k="end_date:edtf" v="1933~"/>
  </way>
  <way id="-100173" version="1">
    <nd ref="-1410"/>
    <nd ref="-1409"/>
    <nd ref="-1408"/>
    <nd ref="-1407"/>
    <nd ref="-1406"/>
    <nd ref="-1405"/>
    <tag k="railway" v="tram"/>
    <tag k="gauge" v="1435"/>
    <tag k="start_date" v="1872"/>
    <tag k="end_date" v="1962"/>
  </way>
  <way id="-100174" version="1">
    <nd ref="-1343"/>
    <nd ref="-1414"/>
    <nd ref="-1413"/>
    <nd ref="-1412"/>
    <nd ref="-1411"/>
    <nd ref="-1338"/>
    <tag k="railway" v="tram"/>
    <tag k="gauge" v="1435"/>
    <tag k="start_date" v="1896"/>
    <tag k="end_date" v="1962"/>
  </way>
  <way id="-100175" version="1">
    <nd ref="-1001"/>
    <nd ref="-1416"/>
    <nd ref="-1415"/>
    <nd ref="-1065"/>
    <tag k="railway" v="tram"/>
    <tag k="gauge" v="1435"/>
    <tag k="start_date" v="1893"/>
    <tag k="end_date" v="1895"/>
  </way>
  <way id="-100176" version="1">
    <nd ref="-1134"/>
    <nd ref="-1419"/>
    <nd ref="-1418"/>
    <nd ref="-1417"/>
    <nd ref="-1083"/>
    <tag k="railway" v="tram"/>
    <tag k="gauge" v="1435"/>
    <tag k="start_date" v="1941"/>
    <tag k="end_date" v="1960"/>
  </way>
  <way id="-100177" version="1">
    <nd ref="-929"/>
    <nd ref="-1422"/>
    <nd ref="-1421"/>
    <nd ref="-1420"/>
    <nd ref="-1119"/>
    <tag k="railway" v="tram"/>
    <tag k="gauge" v="1435"/>
    <tag k="start_date" v="1888"/>
    <tag k="end_date" v="1958"/>
    <tag k="end_date:edtf" v="1958~"/>
  </way>
  <way id="-100178" version="1">
    <nd ref="-1123"/>
    <nd ref="-1423"/>
    <nd ref="-1304"/>
    <tag k="railway" v="tram"/>
    <tag k="gauge" v="1435"/>
    <tag k="start_date" v="1941"/>
    <tag k="end_date" v="1960"/>
  </way>
  <way id="-100179" version="1">
    <nd ref="-1191"/>
    <nd ref="-1428"/>
    <nd ref="-1427"/>
    <nd ref="-1426"/>
    <nd ref="-1425"/>
    <nd ref="-1424"/>
    <tag k="railway" v="tram"/>
    <tag k="gauge" v="1435"/>
    <tag k="start_date" v="1923"/>
    <tag k="end_date" v="1956"/>
  </way>
  <way id="-100180" version="1">
    <nd ref="-1240"/>
    <nd ref="-1155"/>
    <tag k="railway" v="tram"/>
    <tag k="gauge" v="1435"/>
    <tag k="start_date" v="1908"/>
    <tag k="end_date" v="1962"/>
  </way>
  <way id="-100182" version="1">
    <nd ref="-1190"/>
    <nd ref="-1119"/>
    <tag k="railway" v="tram"/>
    <tag k="gauge" v="1435"/>
    <tag k="start_date" v="1890"/>
    <tag k="end_date" v="1958"/>
  </way>
  <way id="-100183" version="1">
    <nd ref="-1430"/>
    <nd ref="-1176"/>
    <tag k="railway" v="tram"/>
    <tag k="gauge" v="1435"/>
    <tag k="start_date" v="1872"/>
    <tag k="end_date" v="1933"/>
  </way>
  <way id="-100184" version="1">
    <nd ref="-1136"/>
    <nd ref="-1086"/>
    <tag k="railway" v="tram"/>
    <tag k="gauge" v="1435"/>
    <tag k="start_date" v="1875"/>
    <tag k="end_date" v="1935"/>
    <tag k="end_date:edtf" v="1935~"/>
  </way>
  <way id="-100185" version="1">
    <nd ref="-1190"/>
    <nd ref="-929"/>
    <tag k="railway" v="tram"/>
    <tag k="gauge" v="1435"/>
    <tag k="start_date" v="1908"/>
    <tag k="end_date" v="1962"/>
  </way>
  <way id="-100186" version="1">
    <nd ref="-1229"/>
    <nd ref="-1431"/>
    <nd ref="-1302"/>
    <tag k="railway" v="tram"/>
    <tag k="gauge" v="1435"/>
    <tag k="start_date" v="1908"/>
    <tag k="end_date" v="1962"/>
  </way>
  <way id="-100188" version="1">
    <nd ref="-1396"/>
    <nd ref="-1177"/>
    <tag k="railway" v="tram"/>
    <tag k="gauge" v="1435"/>
    <tag k="start_date" v="1865"/>
    <tag k="end_date" v="1961"/>
  </way>
  <way id="-100189" version="1">
    <nd ref="-1177"/>
    <nd ref="-1436"/>
    <nd ref="-1153"/>
    <tag k="railway" v="tram"/>
    <tag k="gauge" v="1435"/>
    <tag k="start_date" v="1865"/>
    <tag k="end_date" v="1961"/>
  </way>
  <way id="-100190" version="1">
    <nd ref="-1030"/>
    <nd ref="-852"/>
    <tag k="railway" v="tram"/>
    <tag k="gauge" v="1435"/>
    <tag k="start_date" v="1862"/>
    <tag k="end_date" v="1962"/>
  </way>
  <way id="-100191" version="1">
    <nd ref="-1169"/>
    <nd ref="-1441"/>
    <nd ref="-1440"/>
    <nd ref="-1439"/>
    <nd ref="-1438"/>
    <nd ref="-1437"/>
    <nd ref="-1405"/>
    <tag k="railway" v="tram"/>
    <tag k="gauge" v="1435"/>
    <tag k="start_date" v="1908"/>
    <tag k="end_date" v="1962"/>
  </way>
  <way id="-100192" version="1">
    <nd ref="-1212"/>
    <nd ref="-1444"/>
    <nd ref="-1443"/>
    <nd ref="-1442"/>
    <nd ref="-1377"/>
    <tag k="railway" v="tram"/>
    <tag k="gauge" v="1435"/>
    <tag k="start_date" v="1862"/>
    <tag k="end_date" v="1962"/>
  </way>
  <way id="-100193" version="1">
    <nd ref="-1325"/>
    <nd ref="-1293"/>
    <tag k="railway" v="tram"/>
    <tag k="gauge" v="1435"/>
    <tag k="start_date" v="1888"/>
    <tag k="end_date" v="1958"/>
    <tag k="end_date:edtf" v="1958~"/>
  </way>
  <way id="-100194" version="1">
    <nd ref="-1447"/>
    <nd ref="-1446"/>
    <nd ref="-1445"/>
    <tag k="railway" v="tram"/>
    <tag k="gauge" v="1435"/>
    <tag k="start_date" v="1912"/>
    <tag k="end_date" v="1923"/>
  </way>
  <way id="-100195" version="1">
    <nd ref="-993"/>
    <nd ref="-1448"/>
    <nd ref="-1234"/>
    <tag k="railway" v="tram"/>
    <tag k="gauge" v="1435"/>
    <tag k="start_date" v="1870"/>
    <tag k="end_date" v="1949"/>
  </way>
  <way id="-100196" version="1">
    <nd ref="-1452"/>
    <nd ref="-1451"/>
    <nd ref="-1450"/>
    <nd ref="-1449"/>
    <tag k="railway" v="tram"/>
    <tag k="gauge" v="1435"/>
    <tag k="start_date" v="1875"/>
    <tag k="end_date" v="1933"/>
    <tag k="end_date:edtf" v="1933~"/>
  </way>
  <way id="-100197" version="1">
    <nd ref="-1271"/>
    <nd ref="-1099"/>
    <tag k="railway" v="tram"/>
    <tag k="gauge" v="1435"/>
    <tag k="start_date" v="1862"/>
    <tag k="end_date" v="1962"/>
  </way>
  <way id="-100198" version="1">
    <nd ref="-1187"/>
    <nd ref="-935"/>
    <tag k="railway" v="tram"/>
    <tag k="gauge" v="1435"/>
    <tag k="start_date" v="1908"/>
    <tag k="end_date" v="1962"/>
  </way>
  <way id="-100199" version="1">
    <nd ref="-1470"/>
    <nd ref="-1453"/>
    <tag k="railway" v="tram"/>
    <tag k="gauge" v="1435"/>
    <tag k="start_date" v="1875"/>
    <tag k="end_date" v="1958"/>
    <tag k="end_date:edtf" v="1958~"/>
  </way>
  <way id="-100201" version="1">
    <nd ref="-1023"/>
    <nd ref="-1457"/>
    <nd ref="-1456"/>
    <tag k="railway" v="tram"/>
    <tag k="gauge" v="1435"/>
    <tag k="start_date" v="1901"/>
    <tag k="end_date" v="1958"/>
  </way>
  <way id="-100202" version="1">
    <nd ref="-1168"/>
    <nd ref="-973"/>
    <tag k="railway" v="tram"/>
    <tag k="gauge" v="1435"/>
    <tag k="start_date" v="1894"/>
    <tag k="end_date" v="1961"/>
  </way>
  <way id="-100203" version="1">
    <nd ref="-1458"/>
    <nd ref="-1065"/>
    <tag k="railway" v="tram"/>
    <tag k="gauge" v="1435"/>
    <tag k="start_date" v="1902"/>
    <tag k="end_date" v="1961"/>
  </way>
  <way id="-100204" version="1">
    <nd ref="-1459"/>
    <nd ref="-1111"/>
    <tag k="railway" v="tram"/>
    <tag k="gauge" v="1435"/>
    <tag k="start_date" v="1870"/>
    <tag k="end_date" v="1949"/>
  </way>
  <way id="-100205" version="1">
    <nd ref="-1445"/>
    <nd ref="-1371"/>
    <tag k="railway" v="tram"/>
    <tag k="gauge" v="1435"/>
    <tag k="start_date" v="1896"/>
    <tag k="end_date" v="1935"/>
  </way>
  <way id="-100206" version="1">
    <nd ref="-1277"/>
    <nd ref="-1210"/>
    <tag k="railway" v="tram"/>
    <tag k="gauge" v="1435"/>
    <tag k="start_date" v="1862"/>
    <tag k="end_date" v="1901"/>
    <tag k="end_date:edtf" v="1900~"/>
  </way>
  <way id="-100207" version="1">
    <nd ref="-993"/>
    <nd ref="-1461"/>
    <nd ref="-1460"/>
    <tag k="railway" v="tram"/>
    <tag k="gauge" v="1435"/>
    <tag k="start_date" v="1890"/>
    <tag k="end_date" v="1958"/>
  </way>
  <way id="-100208" version="1">
    <nd ref="-1432"/>
    <nd ref="-1462"/>
    <nd ref="-1130"/>
    <tag k="railway" v="tram"/>
    <tag k="gauge" v="1435"/>
    <tag k="start_date" v="1896"/>
    <tag k="end_date" v="1960"/>
  </way>
  <way id="-100209" version="1">
    <nd ref="-1466"/>
    <nd ref="-1111"/>
    <tag k="railway" v="tram"/>
    <tag k="gauge" v="1435"/>
    <tag k="start_date" v="1870"/>
    <tag k="end_date" v="1949"/>
  </way>
  <way id="-100210" version="1">
    <nd ref="-1470"/>
    <nd ref="-1469"/>
    <nd ref="-1468"/>
    <tag k="railway" v="tram"/>
    <tag k="gauge" v="1435"/>
    <tag k="start_date" v="1870"/>
    <tag k="end_date" v="1949"/>
  </way>
  <way id="-100212" version="1">
    <nd ref="-1234"/>
    <nd ref="-1472"/>
    <nd ref="-1471"/>
    <tag k="railway" v="tram"/>
    <tag k="gauge" v="1435"/>
    <tag k="start_date" v="1870"/>
    <tag k="end_date" v="1949"/>
  </way>
  <way id="-100213" version="1">
    <nd ref="-1475"/>
    <nd ref="-1474"/>
    <nd ref="-1473"/>
    <nd ref="-1459"/>
    <tag k="railway" v="tram"/>
    <tag k="gauge" v="1435"/>
    <tag k="start_date" v="1865"/>
    <tag k="end_date" v="1961"/>
  </way>
  <way id="-100214" version="1">
    <nd ref="-1466"/>
    <nd ref="-1476"/>
    <tag k="railway" v="tram"/>
    <tag k="gauge" v="1435"/>
    <tag k="start_date" v="1872"/>
    <tag k="end_date" v="1933"/>
  </way>
  <way id="-100215" version="1">
    <nd ref="-1187"/>
    <nd ref="-979"/>
    <tag k="railway" v="tram"/>
    <tag k="gauge" v="1435"/>
    <tag k="start_date" v="1908"/>
    <tag k="end_date" v="1962"/>
  </way>
  <way id="-100216" version="1">
    <nd ref="-1453"/>
    <nd ref="-1225"/>
    <tag k="railway" v="tram"/>
    <tag k="gauge" v="1435"/>
    <tag k="start_date" v="1888"/>
    <tag k="end_date" v="1958"/>
    <tag k="end_date:edtf" v="1958~"/>
  </way>
  <way id="-100217" version="1">
    <nd ref="-1483"/>
    <nd ref="-1389"/>
    <tag k="railway" v="tram"/>
    <tag k="gauge" v="1435"/>
    <tag k="start_date" v="1862"/>
    <tag k="end_date" v="1962"/>
  </way>
  <way id="-100218" version="1">
    <nd ref="-1376"/>
    <nd ref="-1484"/>
    <nd ref="-1248"/>
    <tag k="railway" v="tram"/>
    <tag k="gauge" v="1435"/>
    <tag k="start_date" v="1862"/>
    <tag k="end_date" v="1962"/>
  </way>
  <way id="-100219" version="1">
    <nd ref="-980"/>
    <nd ref="-1485"/>
    <nd ref="-1270"/>
    <tag k="railway" v="tram"/>
    <tag k="gauge" v="1435"/>
    <tag k="start_date" v="1875"/>
    <tag k="end_date" v="1900"/>
    <tag k="end_date:edtf" v="1900~"/>
  </way>
  <way id="-100220" version="1">
    <nd ref="-1487"/>
    <nd ref="-1486"/>
    <tag k="railway" v="tram"/>
    <tag k="gauge" v="1435"/>
    <tag k="start_date" v="1865"/>
    <tag k="end_date" v="1961"/>
  </way>
  <way id="-100222" version="1">
    <nd ref="-1112"/>
    <nd ref="-1108"/>
    <tag k="railway" v="tram"/>
    <tag k="gauge" v="1435"/>
    <tag k="start_date" v="1876"/>
    <tag k="end_date" v="1933"/>
    <tag k="end_date:edtf" v="1933~"/>
  </way>
  <way id="-100224" version="1">
    <nd ref="-1113"/>
    <nd ref="-1109"/>
    <tag k="railway" v="tram"/>
    <tag k="gauge" v="1435"/>
    <tag k="start_date" v="1893"/>
    <tag k="end_date" v="1962"/>
  </way>
  <way id="-100225" version="1">
    <nd ref="-1244"/>
    <nd ref="-1496"/>
    <nd ref="-1495"/>
    <tag k="railway" v="tram"/>
    <tag k="gauge" v="1435"/>
    <tag k="start_date" v="1891"/>
    <tag k="end_date" v="1958"/>
    <tag k="end_date:edtf" v="1958~"/>
  </way>
  <way id="-100226" version="1">
    <nd ref="-1247"/>
    <nd ref="-1497"/>
    <nd ref="-1430"/>
    <tag k="railway" v="tram"/>
    <tag k="gauge" v="1435"/>
    <tag k="start_date" v="1865"/>
    <tag k="end_date" v="1961"/>
  </way>
  <way id="-100227" version="1">
    <nd ref="-1110"/>
    <nd ref="-1498"/>
    <nd ref="-1223"/>
    <tag k="railway" v="tram"/>
    <tag k="gauge" v="1435"/>
    <tag k="start_date" v="1875"/>
    <tag k="end_date" v="1933"/>
    <tag k="end_date:edtf" v="1933~"/>
  </way>
  <way id="-100228" version="1">
    <nd ref="-1476"/>
    <nd ref="-1475"/>
    <tag k="railway" v="tram"/>
    <tag k="gauge" v="1435"/>
    <tag k="start_date" v="1865"/>
    <tag k="end_date" v="1961"/>
  </way>
  <way id="-100229" version="1">
    <nd ref="-1213"/>
    <nd ref="-1499"/>
    <nd ref="-1169"/>
    <tag k="railway" v="tram"/>
    <tag k="gauge" v="1435"/>
    <tag k="start_date" v="1908"/>
    <tag k="end_date" v="1962"/>
  </way>
  <way id="-100230" version="1">
    <nd ref="-998"/>
    <nd ref="-1155"/>
    <tag k="railway" v="tram"/>
    <tag k="gauge" v="1435"/>
    <tag k="start_date" v="1873"/>
    <tag k="end_date" v="1960"/>
  </way>
  <way id="-100231" version="1">
    <nd ref="-1277"/>
    <nd ref="-1271"/>
    <tag k="railway" v="tram"/>
    <tag k="gauge" v="1435"/>
    <tag k="start_date" v="1862"/>
    <tag k="end_date" v="1935"/>
    <tag k="end_date:edtf" v="1935~"/>
  </way>
  <way id="-100232" version="1">
    <nd ref="-1301"/>
    <nd ref="-1453"/>
    <tag k="railway" v="tram"/>
    <tag k="gauge" v="1435"/>
    <tag k="start_date" v="1888"/>
    <tag k="end_date" v="1958"/>
    <tag k="end_date:edtf" v="1958~"/>
  </way>
  <way id="-100233" version="1">
    <nd ref="-1506"/>
    <nd ref="-1505"/>
    <nd ref="-1504"/>
    <tag k="railway" v="tram"/>
    <tag k="gauge" v="1435"/>
    <tag k="start_date" v="1891"/>
    <tag k="end_date" v="1958"/>
    <tag k="end_date:edtf" v="1958~"/>
  </way>
  <way id="-100234" version="1">
    <nd ref="-1070"/>
    <nd ref="-1507"/>
    <nd ref="-1401"/>
    <tag k="railway" v="tram"/>
    <tag k="gauge" v="1435"/>
    <tag k="start_date" v="1890"/>
    <tag k="end_date" v="1958"/>
  </way>
  <way id="-100235" version="1">
    <nd ref="-1486"/>
    <nd ref="-1468"/>
    <tag k="railway" v="tram"/>
    <tag k="gauge" v="1435"/>
    <tag k="start_date" v="1862"/>
    <tag k="end_date" v="1960"/>
  </way>
  <way id="-100236" version="1">
    <nd ref="-1508"/>
    <nd ref="-1405"/>
    <tag k="railway" v="tram"/>
    <tag k="gauge" v="1435"/>
    <tag k="start_date" v="1872"/>
    <tag k="end_date" v="1962"/>
  </way>
  <way id="-100238" version="1">
    <nd ref="-1518"/>
    <nd ref="-1398"/>
    <tag k="railway" v="tram"/>
    <tag k="gauge" v="1435"/>
    <tag k="start_date" v="1875"/>
    <tag k="end_date" v="1933"/>
    <tag k="end_date:edtf" v="1933~"/>
  </way>
  <way id="-100240" version="1">
    <nd ref="-1518"/>
    <nd ref="-1717"/>
    <nd ref="-1504"/>
    <tag k="railway" v="tram"/>
    <tag k="gauge" v="1435"/>
    <tag k="start_date" v="1894"/>
    <tag k="end_date" v="1908"/>
  </way>
  <way id="-100241" version="1">
    <nd ref="-1471"/>
    <nd ref="-1520"/>
    <nd ref="-1470"/>
    <tag k="railway" v="tram"/>
    <tag k="gauge" v="1435"/>
    <tag k="start_date" v="1870"/>
    <tag k="end_date" v="1949"/>
  </way>
  <way id="-100242" version="1">
    <nd ref="-1471"/>
    <nd ref="-1521"/>
    <nd ref="-1487"/>
    <tag k="railway" v="tram"/>
    <tag k="gauge" v="1435"/>
    <tag k="start_date" v="1865"/>
    <tag k="end_date" v="1961"/>
  </way>
  <way id="-100243" version="1">
    <nd ref="-1263"/>
    <nd ref="-1082"/>
    <tag k="railway" v="tram"/>
    <tag k="gauge" v="1435"/>
    <tag k="start_date" v="1908"/>
    <tag k="end_date" v="1962"/>
  </way>
  <way id="-100244" version="1">
    <nd ref="-1133"/>
    <nd ref="-580"/>
    <tag k="railway" v="tram"/>
    <tag k="gauge" v="1435"/>
    <tag k="start_date" v="1900"/>
    <tag k="end_date" v="1958"/>
  </way>
  <way id="-100245" version="1">
    <nd ref="-1382"/>
    <nd ref="-1522"/>
    <nd ref="-1571"/>
    <tag k="railway" v="tram"/>
    <tag k="gauge" v="1435"/>
    <tag k="start_date" v="1873"/>
    <tag k="end_date" v="1960"/>
  </way>
  <way id="-100246" version="1">
    <nd ref="-1262"/>
    <nd ref="-1523"/>
    <nd ref="-811"/>
    <tag k="railway" v="tram"/>
    <tag k="gauge" v="1435"/>
    <tag k="start_date" v="1941"/>
    <tag k="end_date" v="1960"/>
  </way>
  <way id="-100247" version="1">
    <nd ref="-1483"/>
    <nd ref="-1309"/>
    <tag k="railway" v="tram"/>
    <tag k="gauge" v="1435"/>
    <tag k="start_date" v="1895"/>
    <tag k="end_date" v="1962"/>
  </way>
  <way id="-100248" version="1">
    <nd ref="-1309"/>
    <nd ref="-1193"/>
    <tag k="railway" v="tram"/>
    <tag k="gauge" v="1435"/>
    <tag k="start_date" v="1895"/>
    <tag k="end_date" v="1962"/>
  </way>
  <way id="-100249" version="1">
    <nd ref="-1410"/>
    <nd ref="-1082"/>
    <tag k="railway" v="tram"/>
    <tag k="gauge" v="1435"/>
    <tag k="start_date" v="1872"/>
    <tag k="end_date" v="1962"/>
  </way>
  <way id="-100251" version="1">
    <nd ref="-1527"/>
    <nd ref="-1526"/>
    <tag k="railway" v="tram"/>
    <tag k="gauge" v="1435"/>
    <tag k="start_date" v="1862"/>
    <tag k="end_date" v="1949"/>
  </way>
  <way id="-100252" version="1">
    <nd ref="-1526"/>
    <nd ref="-1528"/>
    <nd ref="-1146"/>
    <tag k="railway" v="tram"/>
    <tag k="gauge" v="1435"/>
    <tag k="start_date" v="1862"/>
    <tag k="end_date" v="1933"/>
    <tag k="end_date:edtf" v="1933~"/>
  </way>
  <way id="-100254" version="1">
    <nd ref="-1314"/>
    <nd ref="-1531"/>
    <nd ref="-1343"/>
    <tag k="railway" v="tram"/>
    <tag k="gauge" v="1435"/>
    <tag k="start_date" v="1896"/>
    <tag k="end_date" v="1962"/>
  </way>
  <way id="-100256" version="1">
    <nd ref="-1338"/>
    <nd ref="-1535"/>
    <nd ref="-1534"/>
    <nd ref="-1533"/>
    <tag k="railway" v="tram"/>
    <tag k="gauge" v="1435"/>
    <tag k="start_date" v="1896"/>
    <tag k="end_date" v="1962"/>
  </way>
  <way id="-100257" version="1">
    <nd ref="-1468"/>
    <nd ref="-1466"/>
    <tag k="railway" v="tram"/>
    <tag k="gauge" v="1435"/>
    <tag k="start_date" v="1870"/>
    <tag k="end_date" v="1949"/>
  </way>
  <way id="-100259" version="1">
    <nd ref="-1540"/>
    <nd ref="-1539"/>
    <nd ref="-1538"/>
    <tag k="railway" v="tram"/>
    <tag k="gauge" v="1435"/>
    <tag k="start_date" v="1908"/>
    <tag k="end_date" v="1949"/>
    <tag k="start_date:edtf" v="1908~"/>
  </way>
  <way id="-100261" version="1">
    <nd ref="-1460"/>
    <nd ref="-1546"/>
    <nd ref="-1398"/>
    <tag k="railway" v="tram"/>
    <tag k="gauge" v="1435"/>
    <tag k="start_date" v="1890"/>
    <tag k="end_date" v="1962"/>
  </way>
  <way id="-100262" version="1">
    <nd ref="-1548"/>
    <nd ref="-1547"/>
    <nd ref="-1456"/>
    <tag k="railway" v="tram"/>
    <tag k="gauge" v="1435"/>
    <tag k="start_date" v="1901"/>
    <tag k="end_date" v="1958"/>
  </way>
  <way id="-100263" version="1">
    <nd ref="-1396"/>
    <nd ref="-1550"/>
    <nd ref="-1549"/>
    <nd ref="-1538"/>
    <tag k="railway" v="tram"/>
    <tag k="gauge" v="1435"/>
    <tag k="start_date" v="1865"/>
    <tag k="end_date" v="1961"/>
  </way>
  <way id="-100264" version="1">
    <nd ref="-1555"/>
    <nd ref="-1554"/>
    <nd ref="-1553"/>
    <nd ref="-1552"/>
    <nd ref="-1551"/>
    <tag k="railway" v="tram"/>
    <tag k="gauge" v="1435"/>
    <tag k="start_date" v="1896"/>
    <tag k="end_date" v="1935"/>
  </way>
  <way id="-100265" version="1">
    <nd ref="-1146"/>
    <nd ref="-1558"/>
    <nd ref="-1557"/>
    <nd ref="-1556"/>
    <nd ref="-1452"/>
    <tag k="railway" v="tram"/>
    <tag k="gauge" v="1435"/>
    <tag k="start_date" v="1862"/>
    <tag k="end_date" v="1962"/>
  </way>
  <way id="-100266" version="1">
    <nd ref="-1410"/>
    <nd ref="-1213"/>
    <tag k="railway" v="tram"/>
    <tag k="gauge" v="1435"/>
    <tag k="start_date" v="1908"/>
    <tag k="end_date" v="1962"/>
  </way>
  <way id="-100267" version="1">
    <nd ref="-1347"/>
    <nd ref="-1176"/>
    <tag k="railway" v="tram"/>
    <tag k="gauge" v="1435"/>
    <tag k="start_date" v="1862"/>
    <tag k="end_date" v="1962"/>
  </way>
  <way id="-100268" version="1">
    <nd ref="-1240"/>
    <nd ref="-1015"/>
    <tag k="railway" v="tram"/>
    <tag k="gauge" v="1435"/>
    <tag k="start_date" v="1908"/>
    <tag k="end_date" v="1962"/>
  </way>
  <way id="-100269" version="1">
    <nd ref="-1430"/>
    <nd ref="-1561"/>
    <nd ref="-1560"/>
    <nd ref="-1559"/>
    <nd ref="-1186"/>
    <tag k="railway" v="tram"/>
    <tag k="gauge" v="1435"/>
    <tag k="start_date" v="1865"/>
    <tag k="end_date" v="1961"/>
  </way>
  <way id="-100270" version="1">
    <nd ref="-1160"/>
    <nd ref="-1563"/>
    <nd ref="-1562"/>
    <nd ref="-1305"/>
    <tag k="railway" v="tram"/>
    <tag k="gauge" v="1435"/>
    <tag k="start_date" v="1890"/>
    <tag k="end_date" v="1960"/>
  </way>
  <way id="-100271" version="1">
    <nd ref="-1495"/>
    <nd ref="-1564"/>
    <nd ref="-1506"/>
    <tag k="railway" v="tram"/>
    <tag k="gauge" v="1435"/>
    <tag k="start_date" v="1891"/>
    <tag k="end_date" v="1958"/>
    <tag k="end_date:edtf" v="1958~"/>
  </way>
  <way id="-100272" version="1">
    <nd ref="-610"/>
    <nd ref="-1567"/>
    <nd ref="-1566"/>
    <nd ref="-1565"/>
    <nd ref="-788"/>
    <tag k="railway" v="tram"/>
    <tag k="gauge" v="1435"/>
    <tag k="start_date" v="1943"/>
    <tag k="end_date" v="1960"/>
    <tag k="start_date:edtf" v="1943~"/>
  </way>
  <way id="-100273" version="1">
    <nd ref="-1486"/>
    <nd ref="-1476"/>
    <tag k="railway" v="tram"/>
    <tag k="gauge" v="1435"/>
    <tag k="start_date" v="1865"/>
    <tag k="end_date" v="1961"/>
  </way>
  <way id="-100274" version="1">
    <nd ref="-1224"/>
    <nd ref="-1223"/>
    <tag k="railway" v="tram"/>
    <tag k="gauge" v="1435"/>
    <tag k="start_date" v="1875"/>
    <tag k="end_date" v="1933"/>
    <tag k="end_date:edtf" v="1933~"/>
  </way>
  <way id="-100275" version="1">
    <nd ref="-1154"/>
    <nd ref="-1112"/>
    <tag k="railway" v="tram"/>
    <tag k="gauge" v="1435"/>
    <tag k="start_date" v="1876"/>
    <tag k="end_date" v="1933"/>
    <tag k="end_date:edtf" v="1933~"/>
  </way>
  <way id="-100276" version="1">
    <nd ref="-1262"/>
    <nd ref="-1568"/>
    <nd ref="-1452"/>
    <tag k="railway" v="tram"/>
    <tag k="gauge" v="1435"/>
    <tag k="start_date" v="1862"/>
    <tag k="end_date" v="1962"/>
  </way>
  <way id="-100277" version="1">
    <nd ref="-1176"/>
    <nd ref="-1718"/>
    <nd ref="-1127"/>
    <tag k="railway" v="tram"/>
    <tag k="gauge" v="1435"/>
    <tag k="start_date" v="1872"/>
    <tag k="end_date" v="1935"/>
  </way>
  <way id="-100280" version="1">
    <nd ref="-1508"/>
    <nd ref="-1574"/>
    <nd ref="-1573"/>
    <tag k="railway" v="tram"/>
    <tag k="gauge" v="1435"/>
    <tag k="start_date" v="1865"/>
    <tag k="end_date" v="1961"/>
  </way>
  <way id="-100281" version="1">
    <nd ref="-1263"/>
    <nd ref="-1093"/>
    <tag k="railway" v="tram"/>
    <tag k="gauge" v="1435"/>
    <tag k="start_date" v="1862"/>
    <tag k="end_date" v="1962"/>
  </way>
  <way id="-100282" version="1">
    <nd ref="-1398"/>
    <nd ref="-1234"/>
    <tag k="railway" v="tram"/>
    <tag k="gauge" v="1435"/>
    <tag k="start_date" v="1908"/>
    <tag k="end_date" v="1962"/>
  </way>
  <way id="-100283" version="1">
    <nd ref="-1579"/>
    <nd ref="-1169"/>
    <tag k="railway" v="tram"/>
    <tag k="gauge" v="1435"/>
    <tag k="start_date" v="1908"/>
    <tag k="end_date" v="1961"/>
  </way>
  <way id="-100286" version="1">
    <nd ref="-1571"/>
    <nd ref="-1700"/>
    <tag k="railway" v="tram"/>
    <tag k="gauge" v="1435"/>
    <tag k="start_date" v="1890"/>
    <tag k="end_date" v="1960"/>
  </way>
  <way id="-100288" version="1">
    <nd ref="-1589"/>
    <nd ref="-1588"/>
    <nd ref="-1587"/>
    <nd ref="-423"/>
    <tag k="railway" v="tram"/>
    <tag k="gauge" v="1435"/>
    <tag k="start_date" v="1896"/>
    <tag k="end_date" v="1921"/>
  </way>
  <way id="-100289" version="1">
    <nd ref="-1123"/>
    <nd ref="-1590"/>
    <nd ref="-1083"/>
    <tag k="railway" v="tram"/>
    <tag k="gauge" v="1435"/>
    <tag k="start_date" v="1872"/>
    <tag k="end_date" v="1960"/>
  </way>
  <way id="-100290" version="1">
    <nd ref="-1475"/>
    <nd ref="-1244"/>
    <tag k="railway" v="tram"/>
    <tag k="gauge" v="1435"/>
    <tag k="start_date" v="1875"/>
    <tag k="end_date" v="1961"/>
  </way>
  <way id="-100291" version="1">
    <nd ref="-1291"/>
    <nd ref="-1593"/>
    <nd ref="-1592"/>
    <nd ref="-1591"/>
    <tag k="railway" v="tram"/>
    <tag k="gauge" v="1435"/>
    <tag k="start_date" v="1862"/>
    <tag k="end_date" v="1962"/>
  </way>
  <way id="-100292" version="1">
    <nd ref="-1292"/>
    <nd ref="-1291"/>
    <tag k="railway" v="tram"/>
    <tag k="gauge" v="1435"/>
    <tag k="start_date" v="1865"/>
    <tag k="end_date" v="1961"/>
  </way>
  <way id="-100293" version="1">
    <nd ref="-1591"/>
    <nd ref="-1459"/>
    <tag k="railway" v="tram"/>
    <tag k="gauge" v="1435"/>
    <tag k="start_date" v="1870"/>
    <tag k="end_date" v="1949"/>
  </way>
  <way id="-100294" version="1">
    <nd ref="-1597"/>
    <nd ref="-1596"/>
    <nd ref="-1595"/>
    <nd ref="-1594"/>
    <tag k="railway" v="tram"/>
    <tag k="gauge" v="1435"/>
    <tag k="start_date" v="1941"/>
    <tag k="end_date" v="1960"/>
  </way>
  <way id="-100295" version="1">
    <nd ref="-1495"/>
    <nd ref="-1476"/>
    <tag k="railway" v="tram"/>
    <tag k="gauge" v="1435"/>
    <tag k="start_date" v="1872"/>
    <tag k="end_date" v="1933"/>
  </way>
  <way id="-100296" version="1">
    <nd ref="-1040"/>
    <nd ref="-972"/>
    <tag k="railway" v="tram"/>
    <tag k="gauge" v="1435"/>
    <tag k="start_date" v="1873"/>
    <tag k="end_date" v="1961"/>
  </way>
  <way id="-100297" version="1">
    <nd ref="-1405"/>
    <nd ref="-1213"/>
    <tag k="railway" v="tram"/>
    <tag k="gauge" v="1435"/>
    <tag k="start_date" v="1894"/>
    <tag k="end_date" v="1908"/>
  </way>
  <way id="-100298" version="1">
    <nd ref="-1548"/>
    <nd ref="-1103"/>
    <tag k="railway" v="tram"/>
    <tag k="gauge" v="1435"/>
    <tag k="start_date" v="1901"/>
    <tag k="end_date" v="1958"/>
  </way>
  <way id="-100299" version="1">
    <nd ref="-1029"/>
    <nd ref="-1023"/>
    <tag k="railway" v="tram"/>
    <tag k="gauge" v="1435"/>
    <tag k="start_date" v="1901"/>
    <tag k="end_date" v="1958"/>
  </way>
  <way id="-100300" version="1">
    <nd ref="-1459"/>
    <nd ref="-1600"/>
    <nd ref="-1599"/>
    <nd ref="-1598"/>
    <nd ref="-845"/>
    <tag k="railway" v="tram"/>
    <tag k="gauge" v="1435"/>
    <tag k="start_date" v="1865"/>
    <tag k="end_date" v="1961"/>
  </way>
  <way id="-100301" version="1">
    <nd ref="-1037"/>
    <nd ref="-1601"/>
    <nd ref="-1107"/>
    <tag k="railway" v="tram"/>
    <tag k="gauge" v="1435"/>
    <tag k="start_date" v="1901"/>
    <tag k="end_date" v="1958"/>
  </way>
  <way id="-100302" version="1">
    <nd ref="-1506"/>
    <nd ref="-1486"/>
    <tag k="railway" v="tram"/>
    <tag k="gauge" v="1435"/>
    <tag k="start_date" v="1862"/>
    <tag k="end_date" v="1960"/>
  </way>
  <way id="-100303" version="1">
    <nd ref="-1475"/>
    <nd ref="-1111"/>
    <tag k="railway" v="tram"/>
    <tag k="gauge" v="1435"/>
    <tag k="start_date" v="1875"/>
    <tag k="end_date" v="1961"/>
  </way>
  <way id="-100305" version="1">
    <nd ref="-1292"/>
    <nd ref="-845"/>
    <tag k="railway" v="tram"/>
    <tag k="gauge" v="1435"/>
    <tag k="start_date" v="1865"/>
    <tag k="end_date" v="1961"/>
  </way>
  <way id="-100309" version="1">
    <nd ref="-1347"/>
    <nd ref="-1127"/>
    <tag k="railway" v="tram"/>
    <tag k="gauge" v="1435"/>
    <tag k="start_date" v="1862"/>
    <tag k="end_date" v="1960"/>
  </way>
  <way id="-100310" version="1">
    <nd ref="-788"/>
    <nd ref="-610"/>
    <tag k="railway" v="tram"/>
    <tag k="gauge" v="1435"/>
    <tag k="start_date" v="1890"/>
    <tag k="end_date" v="1960"/>
  </way>
  <way id="-100311" version="1">
    <nd ref="-1347"/>
    <nd ref="-1147"/>
    <tag k="railway" v="tram"/>
    <tag k="gauge" v="1435"/>
    <tag k="start_date" v="1862"/>
    <tag k="end_date" v="1962"/>
  </way>
  <way id="-100312" version="1">
    <nd ref="-639"/>
    <nd ref="-1613"/>
    <nd ref="-795"/>
    <tag k="railway" v="tram"/>
    <tag k="gauge" v="1435"/>
    <tag k="start_date" v="1891"/>
    <tag k="end_date" v="1935"/>
  </way>
  <way id="-100314" version="1">
    <nd ref="-1372"/>
    <nd ref="-1617"/>
    <nd ref="-1247"/>
    <tag k="railway" v="tram"/>
    <tag k="gauge" v="1435"/>
    <tag k="start_date" v="1875"/>
    <tag k="end_date" v="1961"/>
  </way>
  <way id="-100315" version="1">
    <nd ref="-1132"/>
    <nd ref="-750"/>
    <tag k="railway" v="tram"/>
    <tag k="gauge" v="1435"/>
    <tag k="start_date" v="1897"/>
    <tag k="end_date" v="1927"/>
  </way>
  <way id="-100316" version="1">
    <nd ref="-1229"/>
    <nd ref="-1301"/>
    <tag k="railway" v="tram"/>
    <tag k="gauge" v="1435"/>
    <tag k="start_date" v="1888"/>
    <tag k="end_date" v="1958"/>
    <tag k="end_date:edtf" v="1958~"/>
  </way>
  <way id="-100317" version="1">
    <nd ref="-1212"/>
    <nd ref="-961"/>
    <tag k="railway" v="tram"/>
    <tag k="gauge" v="1435"/>
    <tag k="start_date" v="1862"/>
    <tag k="end_date" v="1962"/>
  </way>
  <way id="-100318" version="1">
    <nd ref="-1329"/>
    <nd ref="-1293"/>
    <tag k="railway" v="tram"/>
    <tag k="gauge" v="1435"/>
    <tag k="start_date" v="1888"/>
    <tag k="end_date" v="1958"/>
    <tag k="end_date:edtf" v="1958~"/>
  </way>
  <way id="-100319" version="1">
    <nd ref="-1621"/>
    <nd ref="-1396"/>
    <tag k="railway" v="tram"/>
    <tag k="gauge" v="1435"/>
    <tag k="start_date" v="1875"/>
    <tag k="end_date" v="1933"/>
    <tag k="end_date:edtf" v="1933~"/>
  </way>
  <way id="-100320" version="1">
    <nd ref="-1622"/>
    <nd ref="-1193"/>
    <tag k="railway" v="tram"/>
    <tag k="gauge" v="1435"/>
    <tag k="start_date" v="1895"/>
    <tag k="end_date" v="1962"/>
  </way>
  <way id="-100321" version="1">
    <nd ref="-979"/>
    <nd ref="-973"/>
    <tag k="railway" v="tram"/>
    <tag k="gauge" v="1435"/>
    <tag k="start_date" v="1908"/>
    <tag k="end_date" v="1962"/>
  </way>
  <way id="-100322" version="1">
    <nd ref="-1625"/>
    <nd ref="-1624"/>
    <nd ref="-1623"/>
    <nd ref="-1460"/>
    <tag k="railway" v="tram"/>
    <tag k="gauge" v="1435"/>
    <tag k="start_date" v="1908"/>
    <tag k="end_date" v="1962"/>
  </way>
  <way id="-100323" version="1">
    <nd ref="-1506"/>
    <nd ref="-1186"/>
    <tag k="railway" v="tram"/>
    <tag k="gauge" v="1435"/>
    <tag k="start_date" v="1862"/>
    <tag k="end_date" v="1960"/>
  </way>
  <way id="-100328" version="1">
    <nd ref="-1495"/>
    <nd ref="-1430"/>
    <tag k="railway" v="tram"/>
    <tag k="gauge" v="1435"/>
    <tag k="start_date" v="1872"/>
    <tag k="end_date" v="1933"/>
  </way>
  <way id="-100329" version="1">
    <nd ref="-1594"/>
    <nd ref="-1449"/>
    <tag k="railway" v="tram"/>
    <tag k="gauge" v="1435"/>
    <tag k="start_date" v="1875"/>
    <tag k="end_date" v="1935"/>
    <tag k="end_date:edtf" v="1935~"/>
  </way>
  <way id="-100330" version="1">
    <nd ref="-1337"/>
    <nd ref="-1629"/>
    <nd ref="-1329"/>
    <tag k="railway" v="tram"/>
    <tag k="gauge" v="1435"/>
    <tag k="start_date" v="1888"/>
    <tag k="end_date" v="1958"/>
    <tag k="end_date:edtf" v="1958~"/>
  </way>
  <way id="-100331" version="1">
    <nd ref="-1224"/>
    <nd ref="-1154"/>
    <tag k="railway" v="tram"/>
    <tag k="gauge" v="1435"/>
    <tag k="start_date" v="1862"/>
    <tag k="end_date" v="1960"/>
  </way>
  <way id="-100333" version="1">
    <nd ref="-1551"/>
    <nd ref="-1631"/>
    <nd ref="-1630"/>
    <tag k="railway" v="tram"/>
    <tag k="gauge" v="1435"/>
    <tag k="start_date" v="1896"/>
    <tag k="end_date" v="1935"/>
  </way>
  <way id="-100334" version="1">
    <nd ref="-1630"/>
    <nd ref="-1220"/>
    <tag k="railway" v="tram"/>
    <tag k="gauge" v="1435"/>
    <tag k="start_date" v="1896"/>
    <tag k="end_date" v="1935"/>
  </way>
  <way id="-100335" version="1">
    <nd ref="-1630"/>
    <nd ref="-1551"/>
    <tag k="railway" v="tram"/>
    <tag k="gauge" v="1435"/>
    <tag k="start_date" v="1896"/>
    <tag k="end_date" v="1935"/>
  </way>
  <way id="-100336" version="1">
    <nd ref="-1548"/>
    <nd ref="-1023"/>
    <tag k="railway" v="tram"/>
    <tag k="gauge" v="1435"/>
    <tag k="start_date" v="1916"/>
    <tag k="end_date" v="1958"/>
  </way>
  <way id="-100337" version="1">
    <nd ref="-1103"/>
    <nd ref="-1029"/>
    <tag k="railway" v="tram"/>
    <tag k="gauge" v="1435"/>
    <tag k="start_date" v="1916"/>
    <tag k="end_date" v="1958"/>
  </way>
  <way id="-100338" version="1">
    <nd ref="-1633"/>
    <nd ref="-1632"/>
    <nd ref="-1527"/>
    <tag k="railway" v="tram"/>
    <tag k="gauge" v="1435"/>
    <tag k="start_date" v="1908"/>
    <tag k="end_date" v="1949"/>
    <tag k="start_date:edtf" v="1908~"/>
  </way>
  <way id="-100339" version="1">
    <nd ref="-1432"/>
    <nd ref="-1382"/>
    <tag k="railway" v="tram"/>
    <tag k="gauge" v="1435"/>
    <tag k="start_date" v="1873"/>
    <tag k="end_date" v="1896"/>
  </way>
  <way id="-100340" version="1">
    <nd ref="-1247"/>
    <nd ref="-1244"/>
    <tag k="railway" v="tram"/>
    <tag k="gauge" v="1435"/>
    <tag k="start_date" v="1875"/>
    <tag k="end_date" v="1961"/>
  </way>
  <way id="-100342" version="1">
    <nd ref="-1270"/>
    <nd ref="-860"/>
    <tag k="railway" v="tram"/>
    <tag k="gauge" v="1435"/>
    <tag k="start_date" v="1875"/>
    <tag k="end_date" v="1900"/>
    <tag k="end_date:edtf" v="1900~"/>
  </way>
  <way id="-100343" version="1">
    <nd ref="-1155"/>
    <nd ref="-1716"/>
    <nd ref="-1113"/>
    <tag k="railway" v="tram"/>
    <tag k="gauge" v="1435"/>
    <tag k="start_date" v="1872"/>
    <tag k="end_date" v="1962"/>
  </way>
  <way id="-100344" version="1">
    <nd ref="-1402"/>
    <nd ref="-1304"/>
    <tag k="railway" v="tram"/>
    <tag k="gauge" v="1435"/>
    <tag k="start_date" v="1862"/>
    <tag k="end_date" v="1960"/>
  </way>
  <way id="-100345" version="1">
    <nd ref="-1086"/>
    <nd ref="-853"/>
    <tag k="railway" v="tram"/>
    <tag k="gauge" v="1435"/>
    <tag k="start_date" v="1872"/>
    <tag k="end_date" v="1935"/>
  </way>
  <way id="-100346" version="1">
    <nd ref="-1248"/>
    <nd ref="-1246"/>
    <tag k="railway" v="tram"/>
    <tag k="gauge" v="1435"/>
    <tag k="start_date" v="1862"/>
    <tag k="end_date" v="1962"/>
  </way>
  <way id="-100347" version="1">
    <nd ref="-1136"/>
    <nd ref="-912"/>
    <tag k="railway" v="tram"/>
    <tag k="gauge" v="1435"/>
    <tag k="start_date" v="1875"/>
    <tag k="end_date" v="1935"/>
    <tag k="end_date:edtf" v="1935~"/>
  </way>
  <way id="-100348" version="1">
    <nd ref="-1468"/>
    <nd ref="-1225"/>
    <tag k="railway" v="tram"/>
    <tag k="gauge" v="1435"/>
    <tag k="start_date" v="1862"/>
    <tag k="end_date" v="1960"/>
  </way>
  <way id="-100351" version="1">
    <nd ref="-1589"/>
    <nd ref="-676"/>
    <tag k="railway" v="tram"/>
    <tag k="gauge" v="1435"/>
    <tag k="start_date" v="1907"/>
    <tag k="end_date" v="1932"/>
    <tag k="end_date:edtf" v="1932~"/>
  </way>
  <way id="-100352" version="1">
    <nd ref="-423"/>
    <nd ref="-1639"/>
    <nd ref="-676"/>
    <tag k="railway" v="tram"/>
    <tag k="gauge" v="1435"/>
    <tag k="start_date" v="1896"/>
    <tag k="end_date" v="1932"/>
  </way>
  <way id="-100353" version="1">
    <nd ref="-1110"/>
    <nd ref="-1108"/>
    <tag k="railway" v="tram"/>
    <tag k="gauge" v="1435"/>
    <tag k="start_date" v="1875"/>
    <tag k="end_date" v="1961"/>
  </way>
  <way id="-100354" version="1">
    <nd ref="-1389"/>
    <nd ref="-1305"/>
    <tag k="railway" v="tram"/>
    <tag k="gauge" v="1435"/>
    <tag k="start_date" v="1890"/>
    <tag k="end_date" v="1960"/>
  </way>
  <way id="-100357" version="1">
    <nd ref="-1271"/>
    <nd ref="-802"/>
    <tag k="railway" v="tram"/>
    <tag k="gauge" v="1435"/>
    <tag k="start_date" v="1888"/>
    <tag k="end_date" v="1935"/>
    <tag k="end_date:edtf" v="1935~"/>
  </way>
  <way id="-100358" version="1">
    <nd ref="-1533"/>
    <nd ref="-1081"/>
    <tag k="railway" v="tram"/>
    <tag k="gauge" v="1435"/>
    <tag k="start_date" v="1872"/>
    <tag k="end_date" v="1962"/>
  </way>
  <way id="-100359" version="1">
    <nd ref="-1591"/>
    <nd ref="-845"/>
    <tag k="railway" v="tram"/>
    <tag k="gauge" v="1435"/>
    <tag k="start_date" v="1862"/>
    <tag k="end_date" v="1962"/>
  </way>
  <way id="-100361" version="1">
    <nd ref="-1643"/>
    <nd ref="-1209"/>
    <tag k="railway" v="tram"/>
    <tag k="gauge" v="1435"/>
    <tag k="start_date" v="1892"/>
    <tag k="end_date" v="1932"/>
    <tag k="end_date:edtf" v="1932~"/>
  </way>
  <way id="-100363" version="1">
    <nd ref="-1621"/>
    <nd ref="-1527"/>
    <tag k="railway" v="tram"/>
    <tag k="gauge" v="1435"/>
    <tag k="start_date" v="1862"/>
    <tag k="end_date" v="1933"/>
    <tag k="end_date:edtf" v="1933~"/>
  </way>
  <way id="-100366" version="1">
    <nd ref="-1633"/>
    <nd ref="-1621"/>
    <tag k="railway" v="tram"/>
    <tag k="gauge" v="1435"/>
    <tag k="start_date" v="1862"/>
    <tag k="end_date" v="1961"/>
  </way>
  <way id="-100367" version="1">
    <nd ref="-1243"/>
    <nd ref="-1648"/>
    <nd ref="-1647"/>
    <nd ref="-1302"/>
    <tag k="railway" v="tram"/>
    <tag k="gauge" v="1435"/>
    <tag k="start_date" v="1875"/>
    <tag k="end_date" v="1962"/>
  </way>
  <way id="-100368" version="1">
    <nd ref="-516"/>
    <nd ref="-1650"/>
    <nd ref="-1649"/>
    <nd ref="-1209"/>
    <tag k="railway" v="tram"/>
    <tag k="gauge" v="1435"/>
    <tag k="start_date" v="1906"/>
    <tag k="end_date" v="1939"/>
    <tag k="start_date:edtf" v="1906~"/>
  </way>
  <way id="-100369" version="1">
    <nd ref="-1651"/>
    <nd ref="-1"/>
    <tag k="railway" v="tram"/>
    <tag k="gauge" v="1435"/>
    <tag k="start_date" v="1906"/>
    <tag k="end_date" v="1939"/>
    <tag k="start_date:edtf" v="1906~"/>
  </way>
  <way id="-100371" version="1">
    <nd ref="-1291"/>
    <nd ref="-1246"/>
    <tag k="railway" v="tram"/>
    <tag k="gauge" v="1435"/>
    <tag k="start_date" v="1862"/>
    <tag k="end_date" v="1962"/>
  </way>
  <way id="-100374" version="1">
    <nd ref="-1004"/>
    <nd ref="-517"/>
    <tag k="railway" v="tram"/>
    <tag k="gauge" v="1435"/>
    <tag k="start_date" v="1893"/>
    <tag k="end_date" v="1960"/>
  </way>
  <way id="-100375" version="1">
    <nd ref="-1643"/>
    <nd ref="-1734"/>
    <nd ref="-1"/>
    <tag k="railway" v="tram"/>
    <tag k="gauge" v="1435"/>
    <tag k="start_date" v="1923"/>
    <tag k="end_date" v="1956"/>
  </way>
  <way id="-100376" version="1">
    <nd ref="-1594"/>
    <nd ref="-1123"/>
    <tag k="railway" v="tram"/>
    <tag k="gauge" v="1435"/>
    <tag k="start_date" v="1875"/>
    <tag k="end_date" v="1960"/>
  </way>
  <way id="-100377" version="1">
    <nd ref="-1643"/>
    <nd ref="-1654"/>
    <nd ref="-516"/>
    <tag k="railway" v="tram"/>
    <tag k="gauge" v="1435"/>
    <tag k="start_date" v="1896"/>
    <tag k="end_date" v="1921"/>
  </way>
  <way id="-100378" version="1">
    <nd ref="-1399"/>
    <nd ref="-1655"/>
    <nd ref="-1295"/>
    <tag k="railway" v="tram"/>
    <tag k="gauge" v="1435"/>
    <tag k="start_date" v="1889"/>
    <tag k="end_date" v="1894"/>
  </way>
  <way id="-100379" version="1">
    <nd ref="-811"/>
    <nd ref="-1657"/>
    <nd ref="-1656"/>
    <tag k="railway" v="tram"/>
    <tag k="gauge" v="1435"/>
    <tag k="start_date" v="1941"/>
    <tag k="end_date" v="1960"/>
  </way>
  <way id="-100380" version="1">
    <nd ref="-1656"/>
    <nd ref="-1597"/>
    <tag k="railway" v="tram"/>
    <tag k="gauge" v="1435"/>
    <tag k="start_date" v="1888"/>
    <tag k="end_date" v="1960"/>
  </way>
  <way id="-100381" version="1">
    <nd ref="-1656"/>
    <nd ref="-1658"/>
    <nd ref="-811"/>
    <tag k="railway" v="tram"/>
    <tag k="gauge" v="1435"/>
    <tag k="start_date" v="1888"/>
    <tag k="end_date" v="1935"/>
    <tag k="end_date:edtf" v="1935~"/>
  </way>
  <way id="-100383" version="1">
    <nd ref="-1659"/>
    <nd ref="-1538"/>
    <tag k="railway" v="tram"/>
    <tag k="gauge" v="1435"/>
    <tag k="start_date" v="1908"/>
    <tag k="end_date" v="1949"/>
    <tag k="start_date:edtf" v="1908~"/>
  </way>
  <way id="-100384" version="1">
    <nd ref="-1399"/>
    <nd ref="-1660"/>
    <nd ref="-1295"/>
    <tag k="railway" v="tram"/>
    <tag k="gauge" v="1435"/>
    <tag k="start_date" v="1890"/>
    <tag k="end_date" v="1958"/>
  </way>
  <way id="-100385" version="1">
    <nd ref="-1661"/>
    <nd ref="-1366"/>
    <tag k="railway" v="tram"/>
    <tag k="gauge" v="1435"/>
    <tag k="start_date" v="1896"/>
    <tag k="end_date" v="1935"/>
  </way>
  <way id="-100386" version="1">
    <nd ref="-1661"/>
    <nd ref="-1662"/>
    <nd ref="-1555"/>
    <tag k="railway" v="tram"/>
    <tag k="gauge" v="1435"/>
    <tag k="start_date" v="1896"/>
    <tag k="end_date" v="1935"/>
  </way>
  <way id="-100387" version="1">
    <nd ref="-1424"/>
    <nd ref="-1663"/>
    <nd ref="-516"/>
    <tag k="railway" v="tram"/>
    <tag k="gauge" v="1435"/>
    <tag k="start_date" v="1906"/>
    <tag k="end_date" v="1939"/>
    <tag k="start_date:edtf" v="1906~"/>
  </way>
  <way id="-100388" version="1">
    <nd ref="-1664"/>
    <nd ref="-1633"/>
    <tag k="railway" v="tram"/>
    <tag k="gauge" v="1435"/>
    <tag k="start_date" v="1894"/>
    <tag k="end_date" v="1961"/>
  </way>
  <way id="-100390" version="1">
    <nd ref="-1661"/>
    <nd ref="-1555"/>
    <tag k="railway" v="tram"/>
    <tag k="gauge" v="1435"/>
    <tag k="start_date" v="1896"/>
    <tag k="end_date" v="1935"/>
  </way>
  <way id="-100392" version="1">
    <nd ref="-1456"/>
    <nd ref="-972"/>
    <tag k="railway" v="tram"/>
    <tag k="gauge" v="1435"/>
    <tag k="start_date" v="1901"/>
    <tag k="end_date" v="1958"/>
  </way>
  <way id="-100393" version="1">
    <nd ref="-1651"/>
    <nd ref="-1424"/>
    <tag k="railway" v="tram"/>
    <tag k="gauge" v="1435"/>
    <tag k="start_date" v="1906"/>
    <tag k="end_date" v="1939"/>
    <tag k="start_date:edtf" v="1906~"/>
  </way>
  <way id="-100394" version="1">
    <nd ref="-1665"/>
    <nd ref="-510"/>
    <tag k="railway" v="tram"/>
    <tag k="gauge" v="1435"/>
    <tag k="start_date" v="1896"/>
    <tag k="end_date" v="1932"/>
    <tag k="end_date:edtf" v="1932~"/>
  </way>
  <way id="-100395" version="1">
    <nd ref="-1665"/>
    <nd ref="-1667"/>
    <nd ref="-1666"/>
    <tag k="railway" v="tram"/>
    <tag k="gauge" v="1435"/>
    <tag k="start_date" v="1896"/>
    <tag k="end_date" v="1921"/>
  </way>
  <way id="-100396" version="1">
    <nd ref="-1666"/>
    <nd ref="-1589"/>
    <tag k="railway" v="tram"/>
    <tag k="gauge" v="1435"/>
    <tag k="start_date" v="1896"/>
    <tag k="end_date" v="1921"/>
  </way>
  <way id="-100397" version="1">
    <nd ref="-1538"/>
    <nd ref="-1508"/>
    <tag k="railway" v="tram"/>
    <tag k="gauge" v="1435"/>
    <tag k="start_date" v="1865"/>
    <tag k="end_date" v="1961"/>
  </way>
  <way id="-100398" version="1">
    <nd ref="-1289"/>
    <nd ref="-1140"/>
    <tag k="railway" v="tram"/>
    <tag k="gauge" v="1435"/>
    <tag k="start_date" v="1872"/>
    <tag k="end_date" v="1960"/>
  </way>
  <way id="-100399" version="1">
    <nd ref="-1669"/>
    <nd ref="-1668"/>
    <nd ref="-1401"/>
    <tag k="railway" v="tram"/>
    <tag k="gauge" v="1435"/>
    <tag k="start_date" v="1889"/>
    <tag k="end_date" v="1894"/>
  </way>
  <way id="-100401" version="1">
    <nd ref="-1651"/>
    <nd ref="-1643"/>
    <tag k="railway" v="tram"/>
    <tag k="gauge" v="1435"/>
    <tag k="start_date" v="1892"/>
    <tag k="end_date" v="1932"/>
    <tag k="end_date:edtf" v="1932~"/>
  </way>
  <way id="-100402" version="1">
    <nd ref="-1589"/>
    <nd ref="-1670"/>
    <nd ref="-1666"/>
    <tag k="railway" v="tram"/>
    <tag k="gauge" v="1435"/>
    <tag k="start_date" v="1907"/>
    <tag k="end_date" v="1932"/>
    <tag k="end_date:edtf" v="1932~"/>
  </way>
  <way id="-100403" version="1">
    <nd ref="-1666"/>
    <nd ref="-1665"/>
    <tag k="railway" v="tram"/>
    <tag k="gauge" v="1435"/>
    <tag k="start_date" v="1907"/>
    <tag k="end_date" v="1932"/>
    <tag k="end_date:edtf" v="1932~"/>
  </way>
  <way id="-100408" version="1">
    <nd ref="-1597"/>
    <nd ref="-1449"/>
    <tag k="railway" v="tram"/>
    <tag k="gauge" v="1435"/>
    <tag k="start_date" v="1888"/>
    <tag k="end_date" v="1935"/>
    <tag k="end_date:edtf" v="1935~"/>
  </way>
  <way id="-100409" version="1">
    <nd ref="-1402"/>
    <nd ref="-1672"/>
    <nd ref="-1134"/>
    <tag k="railway" v="tram"/>
    <tag k="gauge" v="1435"/>
    <tag k="start_date" v="1875"/>
    <tag k="end_date" v="1933"/>
    <tag k="end_date:edtf" v="1933~"/>
  </way>
  <way id="-100410" version="1">
    <nd ref="-1621"/>
    <nd ref="-1153"/>
    <tag k="railway" v="tram"/>
    <tag k="gauge" v="1435"/>
    <tag k="start_date" v="1865"/>
    <tag k="end_date" v="1961"/>
  </way>
  <way id="-100411" version="1">
    <nd ref="-1673"/>
    <nd ref="-739"/>
    <tag k="railway" v="tram"/>
    <tag k="gauge" v="1435"/>
    <tag k="start_date" v="1908"/>
    <tag k="end_date" v="1935"/>
  </way>
  <way id="-100412" version="1">
    <nd ref="-1402"/>
    <nd ref="-1134"/>
    <tag k="railway" v="tram"/>
    <tag k="gauge" v="1435"/>
    <tag k="start_date" v="1862"/>
    <tag k="end_date" v="1960"/>
  </way>
  <way id="-100414" version="1">
    <nd ref="-1424"/>
    <nd ref="-1674"/>
    <nd ref="-1643"/>
    <tag k="railway" v="tram"/>
    <tag k="gauge" v="1435"/>
    <tag k="start_date" v="1923"/>
    <tag k="end_date" v="1956"/>
  </way>
  <way id="-100415" version="1">
    <nd ref="-1664"/>
    <nd ref="-1659"/>
    <tag k="railway" v="tram"/>
    <tag k="gauge" v="1435"/>
    <tag k="start_date" v="1862"/>
    <tag k="end_date" v="1908"/>
    <tag k="end_date:edtf" v="1908~"/>
  </way>
  <way id="-100416" version="1">
    <nd ref="-1659"/>
    <nd ref="-1633"/>
    <tag k="railway" v="tram"/>
    <tag k="gauge" v="1435"/>
    <tag k="start_date" v="1862"/>
    <tag k="end_date" v="1949"/>
  </way>
  <way id="-100417" version="1">
    <nd ref="-1664"/>
    <nd ref="-1508"/>
    <tag k="railway" v="tram"/>
    <tag k="gauge" v="1435"/>
    <tag k="start_date" v="1872"/>
    <tag k="end_date" v="1962"/>
  </way>
  <way id="-100419" version="1">
    <nd ref="-750"/>
    <nd ref="-749"/>
    <tag k="railway" v="tram"/>
    <tag k="gauge" v="1435"/>
    <tag k="start_date" v="1897"/>
    <tag k="end_date" v="1927"/>
  </way>
  <way id="-100420" version="1">
    <nd ref="-1625"/>
    <nd ref="-1579"/>
    <tag k="railway" v="tram"/>
    <tag k="gauge" v="1435"/>
    <tag k="start_date" v="1908"/>
    <tag k="end_date" v="1962"/>
  </way>
  <way id="-100421" version="1">
    <nd ref="-731"/>
    <nd ref="-447"/>
    <tag k="railway" v="tram"/>
    <tag k="gauge" v="1435"/>
    <tag k="start_date" v="1908"/>
    <tag k="end_date" v="1935"/>
  </way>
  <way id="-100422" version="1">
    <nd ref="-1677"/>
    <nd ref="-1676"/>
    <nd ref="-1675"/>
    <tag k="railway" v="tram"/>
    <tag k="gauge" v="1435"/>
    <tag k="start_date" v="1898"/>
    <tag k="end_date" v="1949"/>
  </way>
  <way id="-100423" version="1">
    <nd ref="-1682"/>
    <nd ref="-1681"/>
    <nd ref="-1680"/>
    <nd ref="-1679"/>
    <nd ref="-1678"/>
    <nd ref="-1677"/>
    <tag k="railway" v="tram"/>
    <tag k="gauge" v="1435"/>
    <tag k="start_date" v="1898"/>
    <tag k="end_date" v="1949"/>
  </way>
  <way id="-100424" version="1">
    <nd ref="-1677"/>
    <nd ref="-418"/>
    <tag k="railway" v="tram"/>
    <tag k="gauge" v="1435"/>
    <tag k="start_date" v="1898"/>
    <tag k="end_date" v="1949"/>
  </way>
  <way id="-100425" version="1">
    <nd ref="-1689"/>
    <nd ref="-1688"/>
    <nd ref="-1687"/>
    <nd ref="-1686"/>
    <nd ref="-1685"/>
    <nd ref="-1684"/>
    <nd ref="-1683"/>
    <nd ref="-418"/>
    <tag k="railway" v="tram"/>
    <tag k="gauge" v="1435"/>
    <tag k="start_date" v="1900"/>
    <tag k="end_date" v="1949"/>
  </way>
  <way id="-100426" version="1">
    <nd ref="-1691"/>
    <nd ref="-1690"/>
    <tag k="railway" v="tram"/>
    <tag k="gauge" v="1435"/>
    <tag k="start_date" v="1901"/>
    <tag k="end_date" v="1962"/>
  </way>
  <way id="-100427" version="1">
    <nd ref="-1693"/>
    <nd ref="-1692"/>
    <nd ref="-1691"/>
    <tag k="railway" v="tram"/>
    <tag k="gauge" v="1435"/>
    <tag k="start_date" v="1901"/>
    <tag k="end_date" v="1962"/>
  </way>
  <way id="-100428" version="1">
    <nd ref="-1691"/>
    <nd ref="-1695"/>
    <nd ref="-1694"/>
    <nd ref="-1693"/>
    <tag k="railway" v="tram"/>
    <tag k="gauge" v="1435"/>
    <tag k="start_date" v="1901"/>
    <tag k="end_date" v="1962"/>
  </way>
  <way id="-100437" version="1">
    <nd ref="-1266"/>
    <nd ref="-1690"/>
    <tag k="railway" v="tram"/>
    <tag k="gauge" v="1435"/>
    <tag k="start_date" v="1862"/>
    <tag k="end_date" v="1962"/>
  </way>
  <way id="-100438" version="1">
    <nd ref="-1432"/>
    <nd ref="-1700"/>
    <tag k="railway" v="tram"/>
    <tag k="gauge" v="1435"/>
    <tag k="start_date" v="1873"/>
    <tag k="end_date" v="1960"/>
  </way>
  <way id="-100440" version="1">
    <nd ref="-594"/>
    <nd ref="-1571"/>
    <tag k="railway" v="tram"/>
    <tag k="gauge" v="1435"/>
    <tag k="start_date" v="1873"/>
    <tag k="end_date" v="1960"/>
  </way>
  <way id="-100441" version="1">
    <nd ref="-1700"/>
    <nd ref="-1160"/>
    <tag k="railway" v="tram"/>
    <tag k="gauge" v="1435"/>
    <tag k="start_date" v="1873"/>
    <tag k="end_date" v="1960"/>
  </way>
  <way id="-100442" version="1">
    <nd ref="-1470"/>
    <nd ref="-1487"/>
    <tag k="railway" v="tram"/>
    <tag k="gauge" v="1435"/>
    <tag k="start_date" v="1875"/>
    <tag k="end_date" v="1958"/>
    <tag k="end_date:edtf" v="1958~"/>
  </way>
  <way id="-100443" version="1">
    <nd ref="-1487"/>
    <nd ref="-1518"/>
    <tag k="railway" v="tram"/>
    <tag k="gauge" v="1435"/>
    <tag k="start_date" v="1875"/>
    <tag k="end_date" v="1958"/>
    <tag k="end_date:edtf" v="1958~"/>
  </way>
  <way id="-100444" version="1">
    <nd ref="-1112"/>
    <nd ref="-1223"/>
    <tag k="railway" v="tram"/>
    <tag k="gauge" v="1435"/>
    <tag k="start_date" v="1872"/>
    <tag k="end_date" v="1933"/>
  </way>
  <way id="-100445" version="1">
    <nd ref="-1721"/>
    <nd ref="-1722"/>
    <nd ref="-1723"/>
    <nd ref="-1724"/>
    <nd ref="-1725"/>
    <nd ref="-1720"/>
    <tag k="railway" v="tram"/>
    <tag k="gauge" v="1435"/>
  </way>
  <way id="-100446" version="1">
    <nd ref="-1720"/>
    <nd ref="-1721"/>
    <nd ref="-905"/>
    <tag k="railway" v="tram"/>
    <tag k="gauge" v="1435"/>
    <tag k="start_date" v="1875"/>
    <tag k="end_date" v="1962"/>
  </way>
  <relation id="-402492" version="1">
    <member type="way" ref="-100437" role=""/>
    <member type="way" ref="-100217" role=""/>
    <member type="way" ref="-100161" role=""/>
    <member type="way" ref="-100192" role=""/>
    <member type="way" ref="-100317" role=""/>
    <member type="way" ref="-100050" role=""/>
    <member type="way" ref="-100134" role=""/>
    <member type="way" ref="-100371" role=""/>
    <member type="way" ref="-100346" role=""/>
    <member type="way" ref="-100218" role=""/>
    <member type="way" ref="-100097" role=""/>
    <member type="way" ref="-100267" role=""/>
    <member type="way" ref="-100311" role=""/>
    <member type="way" ref="-100091" role=""/>
    <member type="way" ref="-100265" role=""/>
    <member type="way" ref="-100276" role=""/>
    <member type="way" ref="-100125" role=""/>
    <member type="way" ref="-100281" role=""/>
    <member type="way" ref="-100074" role=""/>
    <member type="way" ref="-100197" role=""/>
    <member type="way" ref="-100231" role=""/>
    <member type="way" ref="-100206" role=""/>
    <member type="way" ref="-100127" role=""/>
    <member type="way" ref="-100129" role=""/>
    <tag k="type" v="route"/>
    <tag k="route" v="tram"/>
    <tag k="name" v="Pennsylvania Avenue line (Georgetown–Navy Yard) (1862–1875)"/>
    <tag k="network" v="Washington, D.C. streetcars"/>
    <tag k="operator" v="Washington &amp; Georgetown Railroad"/>
    <tag k="start_date" v="1862"/>
    <tag k="end_date" v="1875"/>
    <tag k="ref:streetcar_project" v="L01"/>
    <tag k="railway:traction" v="horse"/>
  </relation>
  <relation id="-402493" version="1">
    <member type="way" ref="-100437" role=""/>
    <member type="way" ref="-100217" role=""/>
    <member type="way" ref="-100161" role=""/>
    <member type="way" ref="-100192" role=""/>
    <member type="way" ref="-100317" role=""/>
    <member type="way" ref="-100050" role=""/>
    <member type="way" ref="-100134" role=""/>
    <member type="way" ref="-100371" role=""/>
    <member type="way" ref="-100346" role=""/>
    <member type="way" ref="-100218" role=""/>
    <member type="way" ref="-100097" role=""/>
    <member type="way" ref="-100267" role=""/>
    <member type="way" ref="-100311" role=""/>
    <member type="way" ref="-100091" role=""/>
    <member type="way" ref="-100265" role=""/>
    <member type="way" ref="-100276" role=""/>
    <member type="way" ref="-100125" role=""/>
    <member type="way" ref="-100281" role=""/>
    <member type="way" ref="-100074" role=""/>
    <member type="way" ref="-100197" role=""/>
    <member type="way" ref="-100231" role=""/>
    <member type="way" ref="-100206" role=""/>
    <member type="way" ref="-100127" role=""/>
    <member type="way" ref="-100160" role=""/>
    <member type="way" ref="-100129" role=""/>
    <tag k="type" v="route"/>
    <tag k="route" v="tram"/>
    <tag k="name" v="Pennsylvania Avenue line (Georgetown–Navy Yard) (1875–1892)"/>
    <tag k="network" v="Washington, D.C. streetcars"/>
    <tag k="operator" v="Washington &amp; Georgetown Railroad"/>
    <tag k="start_date" v="1875"/>
    <tag k="end_date" v="1892"/>
    <tag k="ref:streetcar_project" v="L01"/>
    <tag k="railway:traction" v="horse"/>
  </relation>
  <relation id="-402494" version="1">
    <member type="way" ref="-100437" role=""/>
    <member type="way" ref="-100217" role=""/>
    <member type="way" ref="-100161" role=""/>
    <member type="way" ref="-100192" role=""/>
    <member type="way" ref="-100317" role=""/>
    <member type="way" ref="-100050" role=""/>
    <member type="way" ref="-100134" role=""/>
    <member type="way" ref="-100371" role=""/>
    <member type="way" ref="-100346" role=""/>
    <member type="way" ref="-100218" role=""/>
    <member type="way" ref="-100097" role=""/>
    <member type="way" ref="-100267" role=""/>
    <member type="way" ref="-100311" role=""/>
    <member type="way" ref="-100091" role=""/>
    <member type="way" ref="-100265" role=""/>
    <member type="way" ref="-100276" role=""/>
    <member type="way" ref="-100125" role=""/>
    <member type="way" ref="-100281" role=""/>
    <member type="way" ref="-100074" role=""/>
    <member type="way" ref="-100197" role=""/>
    <member type="way" ref="-100231" role=""/>
    <member type="way" ref="-100206" role=""/>
    <member type="way" ref="-100127" role=""/>
    <member type="way" ref="-100160" role=""/>
    <member type="way" ref="-100129" role=""/>
    <tag k="type" v="route"/>
    <tag k="route" v="tram"/>
    <tag k="name" v="Pennsylvania Avenue line (Georgetown–Navy Yard) (1892–1895)"/>
    <tag k="network" v="Washington, D.C. streetcars"/>
    <tag k="operator" v="Washington &amp; Georgetown Railroad"/>
    <tag k="start_date" v="1892"/>
    <tag k="end_date" v="1895"/>
    <tag k="ref:streetcar_project" v="L01"/>
    <tag k="railway:traction" v="cable"/>
  </relation>
  <relation id="-402495" version="1">
    <member type="way" ref="-100437" role=""/>
    <member type="way" ref="-100320" role=""/>
    <member type="way" ref="-100248" role=""/>
    <member type="way" ref="-100247" role=""/>
    <member type="way" ref="-100217" role=""/>
    <member type="way" ref="-100161" role=""/>
    <member type="way" ref="-100192" role=""/>
    <member type="way" ref="-100317" role=""/>
    <member type="way" ref="-100050" role=""/>
    <member type="way" ref="-100134" role=""/>
    <member type="way" ref="-100371" role=""/>
    <member type="way" ref="-100346" role=""/>
    <member type="way" ref="-100218" role=""/>
    <member type="way" ref="-100097" role=""/>
    <member type="way" ref="-100267" role=""/>
    <member type="way" ref="-100311" role=""/>
    <member type="way" ref="-100091" role=""/>
    <member type="way" ref="-100265" role=""/>
    <member type="way" ref="-100276" role=""/>
    <member type="way" ref="-100125" role=""/>
    <member type="way" ref="-100281" role=""/>
    <member type="way" ref="-100074" role=""/>
    <member type="way" ref="-100197" role=""/>
    <member type="way" ref="-100231" role=""/>
    <member type="way" ref="-100206" role=""/>
    <member type="way" ref="-100127" role=""/>
    <member type="way" ref="-100160" role=""/>
    <member type="way" ref="-100129" role=""/>
    <tag k="type" v="route"/>
    <tag k="route" v="tram"/>
    <tag k="name" v="Pennsylvania Avenue line (Georgetown–Navy Yard) (1895–1898)"/>
    <tag k="network" v="Washington, D.C. streetcars"/>
    <tag k="operator" v="Capital Traction"/>
    <tag k="start_date" v="1895"/>
    <tag k="end_date" v="1898"/>
    <tag k="ref:streetcar_project" v="L01"/>
    <tag k="railway:traction" v="cable"/>
  </relation>
  <relation id="-402496" version="1">
    <member type="way" ref="-100437" role=""/>
    <member type="way" ref="-100320" role=""/>
    <member type="way" ref="-100248" role=""/>
    <member type="way" ref="-100247" role=""/>
    <member type="way" ref="-100217" role=""/>
    <member type="way" ref="-100161" role=""/>
    <member type="way" ref="-100192" role=""/>
    <member type="way" ref="-100317" role=""/>
    <member type="way" ref="-100050" role=""/>
    <member type="way" ref="-100134" role=""/>
    <member type="way" ref="-100371" role=""/>
    <member type="way" ref="-100346" role=""/>
    <member type="way" ref="-100218" role=""/>
    <member type="way" ref="-100097" role=""/>
    <member type="way" ref="-100267" role=""/>
    <member type="way" ref="-100311" role=""/>
    <member type="way" ref="-100091" role=""/>
    <member type="way" ref="-100265" role=""/>
    <member type="way" ref="-100276" role=""/>
    <member type="way" ref="-100125" role=""/>
    <member type="way" ref="-100281" role=""/>
    <member type="way" ref="-100074" role=""/>
    <member type="way" ref="-100197" role=""/>
    <member type="way" ref="-100231" role=""/>
    <member type="way" ref="-100206" role=""/>
    <member type="way" ref="-100127" role=""/>
    <member type="way" ref="-100160" role=""/>
    <member type="way" ref="-100129" role=""/>
    <tag k="type" v="route"/>
    <tag k="route" v="tram"/>
    <tag k="name" v="Pennsylvania Avenue line (Georgetown–Navy Yard) (1898–1901)"/>
    <tag k="network" v="Washington, D.C. streetcars"/>
    <tag k="operator" v="Capital Traction"/>
    <tag k="start_date" v="1898"/>
    <tag k="end_date" v="1901"/>
    <tag k="ref:streetcar_project" v="L01"/>
    <tag k="railway:traction" v="electric"/>
  </relation>
  <relation id="-402497" version="1">
    <member type="way" ref="-100437" role=""/>
    <member type="way" ref="-100426" role=""/>
    <member type="way" ref="-100428" role=""/>
    <member type="way" ref="-100427" role=""/>
    <member type="way" ref="-100320" role=""/>
    <member type="way" ref="-100248" role=""/>
    <member type="way" ref="-100247" role=""/>
    <member type="way" ref="-100217" role=""/>
    <member type="way" ref="-100161" role=""/>
    <member type="way" ref="-100192" role=""/>
    <member type="way" ref="-100317" role=""/>
    <member type="way" ref="-100050" role=""/>
    <member type="way" ref="-100134" role=""/>
    <member type="way" ref="-100371" role=""/>
    <member type="way" ref="-100346" role=""/>
    <member type="way" ref="-100218" role=""/>
    <member type="way" ref="-100097" role=""/>
    <member type="way" ref="-100267" role=""/>
    <member type="way" ref="-100311" role=""/>
    <member type="way" ref="-100091" role=""/>
    <member type="way" ref="-100265" role=""/>
    <member type="way" ref="-100276" role=""/>
    <member type="way" ref="-100125" role=""/>
    <member type="way" ref="-100281" role=""/>
    <member type="way" ref="-100074" role=""/>
    <member type="way" ref="-100197" role=""/>
    <member type="way" ref="-100129" role=""/>
    <member type="way" ref="-100160" role=""/>
    <member type="way" ref="-100127" role=""/>
    <member type="way" ref="-100105" role=""/>
    <tag k="type" v="route"/>
    <tag k="route" v="tram"/>
    <tag k="name" v="Pennsylvania Avenue line (Georgetown–Navy Yard) (1901–1916)"/>
    <tag k="network" v="Washington, D.C. streetcars"/>
    <tag k="operator" v="Capital Traction"/>
    <tag k="start_date" v="1901"/>
    <tag k="end_date" v="1916"/>
    <tag k="ref:streetcar_project" v="L01"/>
    <tag k="railway:traction" v="electric"/>
  </relation>
  <relation id="-402498" version="1">
    <member type="way" ref="-100437" role=""/>
    <member type="way" ref="-100426" role=""/>
    <member type="way" ref="-100428" role=""/>
    <member type="way" ref="-100427" role=""/>
    <member type="way" ref="-100320" role=""/>
    <member type="way" ref="-100248" role=""/>
    <member type="way" ref="-100247" role=""/>
    <member type="way" ref="-100217" role=""/>
    <member type="way" ref="-100161" role=""/>
    <member type="way" ref="-100192" role=""/>
    <member type="way" ref="-100317" role=""/>
    <member type="way" ref="-100050" role=""/>
    <member type="way" ref="-100134" role=""/>
    <member type="way" ref="-100371" role=""/>
    <member type="way" ref="-100346" role=""/>
    <member type="way" ref="-100218" role=""/>
    <member type="way" ref="-100097" role=""/>
    <member type="way" ref="-100267" role=""/>
    <member type="way" ref="-100311" role=""/>
    <member type="way" ref="-100091" role=""/>
    <member type="way" ref="-100265" role=""/>
    <member type="way" ref="-100276" role=""/>
    <member type="way" ref="-100125" role=""/>
    <member type="way" ref="-100281" role=""/>
    <member type="way" ref="-100074" role=""/>
    <member type="way" ref="-100197" role=""/>
    <member type="way" ref="-100129" role=""/>
    <member type="way" ref="-100127" role=""/>
    <member type="way" ref="-100105" role=""/>
    <tag k="type" v="route"/>
    <tag k="route" v="tram"/>
    <tag k="name" v="Pennsylvania Avenue line (Georgetown–Navy Yard) (1916–1934)"/>
    <tag k="network" v="Washington, D.C. streetcars"/>
    <tag k="operator" v="Capital Traction"/>
    <tag k="start_date" v="1916"/>
    <tag k="end_date" v="1934"/>
    <tag k="ref:streetcar_project" v="L01"/>
    <tag k="railway:traction" v="electric"/>
  </relation>
  <relation id="-402499" version="1">
    <member type="way" ref="-100437" role=""/>
    <member type="way" ref="-100426" role=""/>
    <member type="way" ref="-100428" role=""/>
    <member type="way" ref="-100427" role=""/>
    <member type="way" ref="-100320" role=""/>
    <member type="way" ref="-100248" role=""/>
    <member type="way" ref="-100247" role=""/>
    <member type="way" ref="-100217" role=""/>
    <member type="way" ref="-100161" role=""/>
    <member type="way" ref="-100192" role=""/>
    <member type="way" ref="-100317" role=""/>
    <member type="way" ref="-100050" role=""/>
    <member type="way" ref="-100134" role=""/>
    <member type="way" ref="-100371" role=""/>
    <member type="way" ref="-100346" role=""/>
    <member type="way" ref="-100218" role=""/>
    <member type="way" ref="-100097" role=""/>
    <member type="way" ref="-100267" role=""/>
    <member type="way" ref="-100311" role=""/>
    <member type="way" ref="-100091" role=""/>
    <member type="way" ref="-100265" role=""/>
    <member type="way" ref="-100276" role=""/>
    <member type="way" ref="-100125" role=""/>
    <member type="way" ref="-100281" role=""/>
    <member type="way" ref="-100074" role=""/>
    <member type="way" ref="-100197" role=""/>
    <member type="way" ref="-100129" role=""/>
    <member type="way" ref="-100127" role=""/>
    <member type="way" ref="-100105" role=""/>
    <tag k="type" v="route"/>
    <tag k="route" v="tram"/>
    <tag k="name" v="Pennsylvania Avenue line (Georgetown–Navy Yard) (1934–1936)"/>
    <tag k="network" v="Washington, D.C. streetcars"/>
    <tag k="operator" v="Capital Transit"/>
    <tag k="start_date" v="1934"/>
    <tag k="end_date" v="1936"/>
    <tag k="ref:streetcar_project" v="L01"/>
    <tag k="railway:traction" v="electric"/>
  </relation>
  <relation id="-402500" version="1">
    <member type="way" ref="-100437" role=""/>
    <member type="way" ref="-100426" role=""/>
    <member type="way" ref="-100428" role=""/>
    <member type="way" ref="-100427" role=""/>
    <member type="way" ref="-100320" role=""/>
    <member type="way" ref="-100248" role=""/>
    <member type="way" ref="-100247" role=""/>
    <member type="way" ref="-100217" role=""/>
    <member type="way" ref="-100354" role=""/>
    <member type="way" ref="-100142" role=""/>
    <member type="way" ref="-100161" role=""/>
    <member type="way" ref="-100192" role=""/>
    <member type="way" ref="-100317" role=""/>
    <member type="way" ref="-100050" role=""/>
    <member type="way" ref="-100134" role=""/>
    <member type="way" ref="-100371" role=""/>
    <member type="way" ref="-100346" role=""/>
    <member type="way" ref="-100218" role=""/>
    <member type="way" ref="-100097" role=""/>
    <member type="way" ref="-100267" role=""/>
    <member type="way" ref="-100311" role=""/>
    <member type="way" ref="-100091" role=""/>
    <member type="way" ref="-100265" role=""/>
    <member type="way" ref="-100276" role=""/>
    <member type="way" ref="-100125" role=""/>
    <member type="way" ref="-100281" role=""/>
    <member type="way" ref="-100074" role=""/>
    <member type="way" ref="-100197" role=""/>
    <member type="way" ref="-100129" role=""/>
    <member type="way" ref="-100127" role=""/>
    <member type="way" ref="-100105" role=""/>
    <tag k="type" v="route"/>
    <tag k="route" v="tram"/>
    <tag k="name" v="Pennsylvania Avenue line (Georgetown–Navy Yard) (1936–1956)"/>
    <tag k="network" v="Washington, D.C. streetcars"/>
    <tag k="operator" v="Capital Transit"/>
    <tag k="start_date" v="1936"/>
    <tag k="end_date" v="1956"/>
    <tag k="ref:streetcar_project" v="L01"/>
    <tag k="ref" v="30;54"/>
    <tag k="railway:traction" v="electric"/>
  </relation>
  <relation id="-402501" version="1">
    <member type="way" ref="-100437" role=""/>
    <member type="way" ref="-100426" role=""/>
    <member type="way" ref="-100428" role=""/>
    <member type="way" ref="-100427" role=""/>
    <member type="way" ref="-100320" role=""/>
    <member type="way" ref="-100248" role=""/>
    <member type="way" ref="-100247" role=""/>
    <member type="way" ref="-100217" role=""/>
    <member type="way" ref="-100354" role=""/>
    <member type="way" ref="-100142" role=""/>
    <member type="way" ref="-100161" role=""/>
    <member type="way" ref="-100192" role=""/>
    <member type="way" ref="-100317" role=""/>
    <member type="way" ref="-100050" role=""/>
    <member type="way" ref="-100134" role=""/>
    <member type="way" ref="-100371" role=""/>
    <member type="way" ref="-100346" role=""/>
    <member type="way" ref="-100218" role=""/>
    <member type="way" ref="-100097" role=""/>
    <member type="way" ref="-100267" role=""/>
    <member type="way" ref="-100311" role=""/>
    <member type="way" ref="-100091" role=""/>
    <member type="way" ref="-100265" role=""/>
    <member type="way" ref="-100276" role=""/>
    <member type="way" ref="-100125" role=""/>
    <member type="way" ref="-100281" role=""/>
    <member type="way" ref="-100074" role=""/>
    <member type="way" ref="-100197" role=""/>
    <member type="way" ref="-100129" role=""/>
    <member type="way" ref="-100127" role=""/>
    <member type="way" ref="-100105" role=""/>
    <tag k="type" v="route"/>
    <tag k="route" v="tram"/>
    <tag k="name" v="Pennsylvania Avenue line (Georgetown–Navy Yard) (1956–1960)"/>
    <tag k="network" v="Washington, D.C. streetcars"/>
    <tag k="operator" v="D.C. Transit"/>
    <tag k="start_date" v="1956"/>
    <tag k="end_date" v="1960"/>
    <tag k="ref:streetcar_project" v="L01"/>
    <tag k="ref" v="30;54"/>
    <tag k="railway:traction" v="electric"/>
  </relation>
  <relation id="-402502" version="1">
    <member type="way" ref="-100437" role=""/>
    <member type="way" ref="-100426" role=""/>
    <member type="way" ref="-100428" role=""/>
    <member type="way" ref="-100427" role=""/>
    <member type="way" ref="-100320" role=""/>
    <member type="way" ref="-100248" role=""/>
    <member type="way" ref="-100247" role=""/>
    <member type="way" ref="-100217" role=""/>
    <member type="way" ref="-100161" role=""/>
    <member type="way" ref="-100192" role=""/>
    <member type="way" ref="-100317" role=""/>
    <member type="way" ref="-100050" role=""/>
    <member type="way" ref="-100134" role=""/>
    <member type="way" ref="-100371" role=""/>
    <member type="way" ref="-100346" role=""/>
    <member type="way" ref="-100218" role=""/>
    <member type="way" ref="-100097" role=""/>
    <member type="way" ref="-100267" role=""/>
    <member type="way" ref="-100311" role=""/>
    <member type="way" ref="-100091" role=""/>
    <member type="way" ref="-100265" role=""/>
    <member type="way" ref="-100276" role=""/>
    <member type="way" ref="-100125" role=""/>
    <member type="way" ref="-100281" role=""/>
    <member type="way" ref="-100074" role=""/>
    <member type="way" ref="-100197" role=""/>
    <member type="way" ref="-100129" role=""/>
    <member type="way" ref="-100127" role=""/>
    <member type="way" ref="-100105" role=""/>
    <tag k="type" v="route"/>
    <tag k="route" v="tram"/>
    <tag k="name" v="Pennsylvania Avenue line (Georgetown–Navy Yard) (1960–1962)"/>
    <tag k="network" v="Washington, D.C. streetcars"/>
    <tag k="operator" v="D.C. Transit"/>
    <tag k="start_date" v="1960"/>
    <tag k="end_date" v="1962"/>
    <tag k="ref:streetcar_project" v="L01"/>
    <tag k="ref" v="30;54"/>
    <tag k="railway:traction" v="electric"/>
  </relation>
  <relation id="-402503" version="1">
    <member type="relation" ref="-402492" role=""/>
    <member type="relation" ref="-402493" role=""/>
    <member type="relation" ref="-402494" role=""/>
    <member type="relation" ref="-402495" role=""/>
    <member type="relation" ref="-402496" role=""/>
    <member type="relation" ref="-402497" role=""/>
    <member type="relation" ref="-402498" role=""/>
    <member type="relation" ref="-402499" role=""/>
    <member type="relation" ref="-402500" role=""/>
    <member type="relation" ref="-402501" role=""/>
    <member type="relation" ref="-402502" role=""/>
    <tag k="type" v="chronology"/>
    <tag k="name" v="Pennsylvania Avenue line (Georgetown–Navy Yard)"/>
    <tag k="network" v="Washington, D.C. streetcars"/>
    <tag k="operator" v="Washington &amp; Georgetown Railroad"/>
    <tag k="start_date" v="1862"/>
    <tag k="end_date" v="1962"/>
    <tag k="ref:streetcar_project" v="L01"/>
    <tag k="ref" v="30;54"/>
    <tag k="description" v="Later operators: Capital Traction (1895); Capital Transit (1933); D.C. Transit (1956)"/>
    <tag k="source" v="WP; MPD; CRF"/>
  </relation>
  <relation id="-402504" version="1">
    <member type="way" ref="-100089" role=""/>
    <member type="way" ref="-100412" role=""/>
    <member type="way" ref="-100344" role=""/>
    <member type="way" ref="-100141" role=""/>
    <member type="way" ref="-100309" role=""/>
    <member type="way" ref="-100154" role=""/>
    <member type="way" ref="-100323" role=""/>
    <member type="way" ref="-100302" role=""/>
    <member type="way" ref="-100235" role=""/>
    <member type="way" ref="-100348" role=""/>
    <member type="way" ref="-100113" role=""/>
    <member type="way" ref="-100331" role=""/>
    <member type="way" ref="-100093" role=""/>
    <tag k="type" v="route"/>
    <tag k="route" v="tram"/>
    <tag k="name" v="7th Street line (1862–1875)"/>
    <tag k="network" v="Washington, D.C. streetcars"/>
    <tag k="operator" v="Washington &amp; Georgetown Railroad"/>
    <tag k="start_date" v="1862"/>
    <tag k="end_date" v="1875"/>
    <tag k="ref:streetcar_project" v="L02"/>
    <tag k="railway:traction" v="horse"/>
  </relation>
  <relation id="-402505" version="1">
    <member type="way" ref="-100398" role=""/>
    <member type="way" ref="-100090" role=""/>
    <member type="way" ref="-100089" role=""/>
    <member type="way" ref="-100412" role=""/>
    <member type="way" ref="-100344" role=""/>
    <member type="way" ref="-100141" role=""/>
    <member type="way" ref="-100309" role=""/>
    <member type="way" ref="-100154" role=""/>
    <member type="way" ref="-100323" role=""/>
    <member type="way" ref="-100302" role=""/>
    <member type="way" ref="-100235" role=""/>
    <member type="way" ref="-100348" role=""/>
    <member type="way" ref="-100113" role=""/>
    <member type="way" ref="-100331" role=""/>
    <member type="way" ref="-100093" role=""/>
    <tag k="type" v="route"/>
    <tag k="route" v="tram"/>
    <tag k="name" v="7th Street line (1875–1890)"/>
    <tag k="network" v="Washington, D.C. streetcars"/>
    <tag k="operator" v="Washington &amp; Georgetown Railroad"/>
    <tag k="start_date" v="1875"/>
    <tag k="end_date" v="1890"/>
    <tag k="ref:streetcar_project" v="L02"/>
    <tag k="railway:traction" v="horse"/>
  </relation>
  <relation id="-402506" version="1">
    <member type="way" ref="-100398" role=""/>
    <member type="way" ref="-100090" role=""/>
    <member type="way" ref="-100089" role=""/>
    <member type="way" ref="-100412" role=""/>
    <member type="way" ref="-100344" role=""/>
    <member type="way" ref="-100141" role=""/>
    <member type="way" ref="-100309" role=""/>
    <member type="way" ref="-100154" role=""/>
    <member type="way" ref="-100323" role=""/>
    <member type="way" ref="-100302" role=""/>
    <member type="way" ref="-100235" role=""/>
    <member type="way" ref="-100348" role=""/>
    <member type="way" ref="-100113" role=""/>
    <member type="way" ref="-100331" role=""/>
    <member type="way" ref="-100093" role=""/>
    <tag k="type" v="route"/>
    <tag k="route" v="tram"/>
    <tag k="name" v="7th Street line (1890–1895)"/>
    <tag k="network" v="Washington, D.C. streetcars"/>
    <tag k="operator" v="Washington &amp; Georgetown Railroad"/>
    <tag k="start_date" v="1890"/>
    <tag k="end_date" v="1895"/>
    <tag k="ref:streetcar_project" v="L02"/>
    <tag k="railway:traction" v="cable"/>
  </relation>
  <relation id="-402507" version="1">
    <member type="way" ref="-100398" role=""/>
    <member type="way" ref="-100090" role=""/>
    <member type="way" ref="-100089" role=""/>
    <member type="way" ref="-100412" role=""/>
    <member type="way" ref="-100344" role=""/>
    <member type="way" ref="-100141" role=""/>
    <member type="way" ref="-100309" role=""/>
    <member type="way" ref="-100154" role=""/>
    <member type="way" ref="-100323" role=""/>
    <member type="way" ref="-100302" role=""/>
    <member type="way" ref="-100235" role=""/>
    <member type="way" ref="-100348" role=""/>
    <member type="way" ref="-100113" role=""/>
    <member type="way" ref="-100331" role=""/>
    <member type="way" ref="-100093" role=""/>
    <tag k="type" v="route"/>
    <tag k="route" v="tram"/>
    <tag k="name" v="7th Street line (1895–1898)"/>
    <tag k="network" v="Washington, D.C. streetcars"/>
    <tag k="operator" v="Capital Traction"/>
    <tag k="start_date" v="1895"/>
    <tag k="end_date" v="1898"/>
    <tag k="ref:streetcar_project" v="L02"/>
    <tag k="railway:traction" v="cable"/>
  </relation>
  <relation id="-402508" version="1">
    <member type="way" ref="-100398" role=""/>
    <member type="way" ref="-100090" role=""/>
    <member type="way" ref="-100089" role=""/>
    <member type="way" ref="-100412" role=""/>
    <member type="way" ref="-100344" role=""/>
    <member type="way" ref="-100141" role=""/>
    <member type="way" ref="-100309" role=""/>
    <member type="way" ref="-100154" role=""/>
    <member type="way" ref="-100323" role=""/>
    <member type="way" ref="-100302" role=""/>
    <member type="way" ref="-100235" role=""/>
    <member type="way" ref="-100348" role=""/>
    <member type="way" ref="-100113" role=""/>
    <member type="way" ref="-100331" role=""/>
    <member type="way" ref="-100093" role=""/>
    <tag k="type" v="route"/>
    <tag k="route" v="tram"/>
    <tag k="name" v="7th Street line (1898–1934)"/>
    <tag k="network" v="Washington, D.C. streetcars"/>
    <tag k="operator" v="Capital Traction"/>
    <tag k="start_date" v="1898"/>
    <tag k="end_date" v="1934"/>
    <tag k="ref:streetcar_project" v="L02"/>
    <tag k="railway:traction" v="electric"/>
  </relation>
  <relation id="-402509" version="1">
    <member type="way" ref="-100398" role=""/>
    <member type="way" ref="-100090" role=""/>
    <member type="way" ref="-100089" role=""/>
    <member type="way" ref="-100412" role=""/>
    <member type="way" ref="-100344" role=""/>
    <member type="way" ref="-100141" role=""/>
    <member type="way" ref="-100309" role=""/>
    <member type="way" ref="-100154" role=""/>
    <member type="way" ref="-100323" role=""/>
    <member type="way" ref="-100302" role=""/>
    <member type="way" ref="-100235" role=""/>
    <member type="way" ref="-100348" role=""/>
    <member type="way" ref="-100113" role=""/>
    <member type="way" ref="-100331" role=""/>
    <member type="way" ref="-100093" role=""/>
    <tag k="type" v="route"/>
    <tag k="route" v="tram"/>
    <tag k="name" v="7th Street line (1934–1941)"/>
    <tag k="network" v="Washington, D.C. streetcars"/>
    <tag k="operator" v="Capital Transit"/>
    <tag k="start_date" v="1934"/>
    <tag k="end_date" v="1941"/>
    <tag k="ref:streetcar_project" v="L02"/>
    <tag k="railway:traction" v="electric"/>
  </relation>
  <relation id="-402510" version="1">
    <member type="way" ref="-100398" role=""/>
    <member type="way" ref="-100090" role=""/>
    <member type="way" ref="-100089" role=""/>
    <member type="way" ref="-100412" role=""/>
    <member type="way" ref="-100344" role=""/>
    <member type="way" ref="-100178" role=""/>
    <member type="way" ref="-100376" role=""/>
    <member type="way" ref="-100294" role=""/>
    <member type="way" ref="-100380" role=""/>
    <member type="way" ref="-100379" role=""/>
    <member type="way" ref="-100246" role=""/>
    <member type="way" ref="-100125" role=""/>
    <member type="way" ref="-100281" role=""/>
    <member type="way" ref="-100289" role=""/>
    <member type="way" ref="-100176" role=""/>
    <member type="way" ref="-100141" role=""/>
    <member type="way" ref="-100309" role=""/>
    <member type="way" ref="-100154" role=""/>
    <member type="way" ref="-100323" role=""/>
    <member type="way" ref="-100302" role=""/>
    <member type="way" ref="-100235" role=""/>
    <member type="way" ref="-100348" role=""/>
    <member type="way" ref="-100113" role=""/>
    <member type="way" ref="-100331" role=""/>
    <member type="way" ref="-100093" role=""/>
    <tag k="type" v="route"/>
    <tag k="route" v="tram"/>
    <tag k="name" v="7th Street line (1941–1956)"/>
    <tag k="network" v="Washington, D.C. streetcars"/>
    <tag k="operator" v="Capital Transit"/>
    <tag k="start_date" v="1941"/>
    <tag k="end_date" v="1956"/>
    <tag k="ref:streetcar_project" v="L02"/>
    <tag k="ref" v="70;76;78"/>
    <tag k="railway:traction" v="electric"/>
  </relation>
  <relation id="-402511" version="1">
    <member type="way" ref="-100398" role=""/>
    <member type="way" ref="-100090" role=""/>
    <member type="way" ref="-100089" role=""/>
    <member type="way" ref="-100412" role=""/>
    <member type="way" ref="-100344" role=""/>
    <member type="way" ref="-100178" role=""/>
    <member type="way" ref="-100376" role=""/>
    <member type="way" ref="-100294" role=""/>
    <member type="way" ref="-100380" role=""/>
    <member type="way" ref="-100379" role=""/>
    <member type="way" ref="-100246" role=""/>
    <member type="way" ref="-100125" role=""/>
    <member type="way" ref="-100281" role=""/>
    <member type="way" ref="-100289" role=""/>
    <member type="way" ref="-100176" role=""/>
    <member type="way" ref="-100141" role=""/>
    <member type="way" ref="-100309" role=""/>
    <member type="way" ref="-100154" role=""/>
    <member type="way" ref="-100323" role=""/>
    <member type="way" ref="-100302" role=""/>
    <member type="way" ref="-100235" role=""/>
    <member type="way" ref="-100348" role=""/>
    <member type="way" ref="-100113" role=""/>
    <member type="way" ref="-100331" role=""/>
    <member type="way" ref="-100093" role=""/>
    <tag k="type" v="route"/>
    <tag k="route" v="tram"/>
    <tag k="name" v="7th Street line (1956–1960)"/>
    <tag k="network" v="Washington, D.C. streetcars"/>
    <tag k="operator" v="D.C. Transit"/>
    <tag k="start_date" v="1956"/>
    <tag k="end_date" v="1960"/>
    <tag k="ref:streetcar_project" v="L02"/>
    <tag k="ref" v="70;76;78"/>
    <tag k="railway:traction" v="electric"/>
  </relation>
  <relation id="-402512" version="1">
    <member type="relation" ref="-402504" role=""/>
    <member type="relation" ref="-402505" role=""/>
    <member type="relation" ref="-402506" role=""/>
    <member type="relation" ref="-402507" role=""/>
    <member type="relation" ref="-402508" role=""/>
    <member type="relation" ref="-402509" role=""/>
    <member type="relation" ref="-402510" role=""/>
    <member type="relation" ref="-402511" role=""/>
    <tag k="type" v="chronology"/>
    <tag k="name" v="7th Street line"/>
    <tag k="network" v="Washington, D.C. streetcars"/>
    <tag k="operator" v="Washington &amp; Georgetown Railroad"/>
    <tag k="start_date" v="1862"/>
    <tag k="end_date" v="1960"/>
    <tag k="ref:streetcar_project" v="L02"/>
    <tag k="ref" v="70;76;78"/>
    <tag k="description" v="Later operators: Capital Traction (1895); Capital Transit; D.C. Transit"/>
    <tag k="source" v="WP; MPD; CRF; GDC"/>
  </relation>
  <relation id="-402513" version="1">
    <member type="way" ref="-100291" role=""/>
    <member type="way" ref="-100359" role=""/>
    <member type="way" ref="-100038" role=""/>
    <member type="way" ref="-100190" role=""/>
    <tag k="type" v="route"/>
    <tag k="route" v="tram"/>
    <tag k="name" v="14th Street line (1862–1892)"/>
    <tag k="network" v="Washington, D.C. streetcars"/>
    <tag k="operator" v="Washington &amp; Georgetown Railroad"/>
    <tag k="start_date" v="1862"/>
    <tag k="end_date" v="1892"/>
    <tag k="ref:streetcar_project" v="L03"/>
    <tag k="railway:traction" v="horse"/>
  </relation>
  <relation id="-402514" version="1">
    <member type="way" ref="-100291" role=""/>
    <member type="way" ref="-100359" role=""/>
    <member type="way" ref="-100038" role=""/>
    <member type="way" ref="-100190" role=""/>
    <member type="way" ref="-100061" role=""/>
    <tag k="type" v="route"/>
    <tag k="route" v="tram"/>
    <tag k="name" v="14th Street line (1892–1895)"/>
    <tag k="network" v="Washington, D.C. streetcars"/>
    <tag k="operator" v="Washington &amp; Georgetown Railroad"/>
    <tag k="start_date" v="1892"/>
    <tag k="end_date" v="1895"/>
    <tag k="ref:streetcar_project" v="L03"/>
    <tag k="railway:traction" v="cable"/>
  </relation>
  <relation id="-402515" version="1">
    <member type="way" ref="-100291" role=""/>
    <member type="way" ref="-100359" role=""/>
    <member type="way" ref="-100038" role=""/>
    <member type="way" ref="-100190" role=""/>
    <member type="way" ref="-100061" role=""/>
    <tag k="type" v="route"/>
    <tag k="route" v="tram"/>
    <tag k="name" v="14th Street line (1895–1898)"/>
    <tag k="network" v="Washington, D.C. streetcars"/>
    <tag k="operator" v="Capital Traction"/>
    <tag k="start_date" v="1895"/>
    <tag k="end_date" v="1898"/>
    <tag k="ref:streetcar_project" v="L03"/>
    <tag k="railway:traction" v="cable"/>
  </relation>
  <relation id="-402516" version="1">
    <member type="way" ref="-100291" role=""/>
    <member type="way" ref="-100359" role=""/>
    <member type="way" ref="-100038" role=""/>
    <member type="way" ref="-100190" role=""/>
    <member type="way" ref="-100061" role=""/>
    <tag k="type" v="route"/>
    <tag k="route" v="tram"/>
    <tag k="name" v="14th Street line (1898–1906)"/>
    <tag k="network" v="Washington, D.C. streetcars"/>
    <tag k="operator" v="Capital Traction"/>
    <tag k="start_date" v="1898"/>
    <tag k="end_date" v="1906"/>
    <tag k="ref:streetcar_project" v="L03"/>
    <tag k="railway:traction" v="electric"/>
  </relation>
  <relation id="-402517" version="1">
    <member type="way" ref="-100291" role=""/>
    <member type="way" ref="-100359" role=""/>
    <member type="way" ref="-100038" role=""/>
    <member type="way" ref="-100190" role=""/>
    <member type="way" ref="-100061" role=""/>
    <member type="way" ref="-100034" role=""/>
    <tag k="type" v="route"/>
    <tag k="route" v="tram"/>
    <tag k="name" v="14th Street line (1906–1907)"/>
    <tag k="network" v="Washington, D.C. streetcars"/>
    <tag k="operator" v="Capital Traction"/>
    <tag k="start_date" v="1906"/>
    <tag k="end_date" v="1907"/>
    <tag k="ref:streetcar_project" v="L03"/>
    <tag k="railway:traction" v="electric"/>
  </relation>
  <relation id="-402518" version="1">
    <member type="way" ref="-100291" role=""/>
    <member type="way" ref="-100359" role=""/>
    <member type="way" ref="-100038" role=""/>
    <member type="way" ref="-100190" role=""/>
    <member type="way" ref="-100061" role=""/>
    <member type="way" ref="-100034" role=""/>
    <member type="way" ref="-100081" role=""/>
    <tag k="type" v="route"/>
    <tag k="route" v="tram"/>
    <tag k="name" v="14th Street line (1907–1934)"/>
    <tag k="network" v="Washington, D.C. streetcars"/>
    <tag k="operator" v="Capital Traction"/>
    <tag k="start_date" v="1907"/>
    <tag k="end_date" v="1934"/>
    <tag k="ref:streetcar_project" v="L03"/>
    <tag k="railway:traction" v="electric"/>
  </relation>
  <relation id="-402519" version="1">
    <member type="way" ref="-100291" role=""/>
    <member type="way" ref="-100359" role=""/>
    <member type="way" ref="-100038" role=""/>
    <member type="way" ref="-100190" role=""/>
    <member type="way" ref="-100061" role=""/>
    <member type="way" ref="-100034" role=""/>
    <member type="way" ref="-100081" role=""/>
    <tag k="type" v="route"/>
    <tag k="route" v="tram"/>
    <tag k="name" v="14th Street line (1934–1956)"/>
    <tag k="network" v="Washington, D.C. streetcars"/>
    <tag k="operator" v="Capital Transit"/>
    <tag k="start_date" v="1934"/>
    <tag k="end_date" v="1956"/>
    <tag k="ref:streetcar_project" v="L03"/>
    <tag k="railway:traction" v="electric"/>
  </relation>
  <relation id="-402520" version="1">
    <member type="way" ref="-100291" role=""/>
    <member type="way" ref="-100359" role=""/>
    <member type="way" ref="-100038" role=""/>
    <member type="way" ref="-100190" role=""/>
    <member type="way" ref="-100061" role=""/>
    <member type="way" ref="-100034" role=""/>
    <member type="way" ref="-100081" role=""/>
    <tag k="type" v="route"/>
    <tag k="route" v="tram"/>
    <tag k="name" v="14th Street line (1956–1962)"/>
    <tag k="network" v="Washington, D.C. streetcars"/>
    <tag k="operator" v="D.C. Transit"/>
    <tag k="start_date" v="1956"/>
    <tag k="end_date" v="1962"/>
    <tag k="ref:streetcar_project" v="L03"/>
    <tag k="ref" v="50;52;54"/>
    <tag k="railway:traction" v="electric"/>
  </relation>
  <relation id="-402521" version="1">
    <member type="relation" ref="-402513" role=""/>
    <member type="relation" ref="-402514" role=""/>
    <member type="relation" ref="-402515" role=""/>
    <member type="relation" ref="-402516" role=""/>
    <member type="relation" ref="-402517" role=""/>
    <member type="relation" ref="-402518" role=""/>
    <member type="relation" ref="-402519" role=""/>
    <member type="relation" ref="-402520" role=""/>
    <tag k="type" v="chronology"/>
    <tag k="name" v="14th Street line"/>
    <tag k="network" v="Washington, D.C. streetcars"/>
    <tag k="operator" v="Washington &amp; Georgetown Railroad"/>
    <tag k="start_date" v="1862"/>
    <tag k="end_date" v="1962"/>
    <tag k="ref:streetcar_project" v="L03"/>
    <tag k="ref" v="50;52;54"/>
    <tag k="description" v="Later operators: Capital Traction (1895); Capital Transit; D.C. Transit"/>
    <tag k="source" v="WP; MPD; CRF"/>
  </relation>
  <relation id="-402522" version="1">
    <member type="way" ref="-100415" role=""/>
    <member type="way" ref="-100416" role=""/>
    <member type="way" ref="-100366" role=""/>
    <member type="way" ref="-100363" role=""/>
    <member type="way" ref="-100251" role=""/>
    <member type="way" ref="-100252" role=""/>
    <tag k="type" v="route"/>
    <tag k="route" v="tram"/>
    <tag k="name" v="Georgetown–B&amp;O Depot (Capitol Hill) line (1862–1892)"/>
    <tag k="network" v="Washington, D.C. streetcars"/>
    <tag k="operator" v="Washington &amp; Georgetown Railroad"/>
    <tag k="start_date" v="1862"/>
    <tag k="end_date" v="1892"/>
    <tag k="ref:streetcar_project" v="L04"/>
    <tag k="railway:traction" v="horse"/>
  </relation>
  <relation id="-402523" version="1">
    <member type="way" ref="-100415" role=""/>
    <member type="way" ref="-100416" role=""/>
    <member type="way" ref="-100366" role=""/>
    <member type="way" ref="-100363" role=""/>
    <member type="way" ref="-100251" role=""/>
    <member type="way" ref="-100252" role=""/>
    <tag k="type" v="route"/>
    <tag k="route" v="tram"/>
    <tag k="name" v="Georgetown–B&amp;O Depot (Capitol Hill) line (1892–1895)"/>
    <tag k="network" v="Washington, D.C. streetcars"/>
    <tag k="operator" v="Washington &amp; Georgetown Railroad"/>
    <tag k="start_date" v="1892"/>
    <tag k="end_date" v="1895"/>
    <tag k="ref:streetcar_project" v="L04"/>
    <tag k="railway:traction" v="cable"/>
  </relation>
  <relation id="-402524" version="1">
    <member type="way" ref="-100415" role=""/>
    <member type="way" ref="-100416" role=""/>
    <member type="way" ref="-100366" role=""/>
    <member type="way" ref="-100363" role=""/>
    <member type="way" ref="-100251" role=""/>
    <member type="way" ref="-100252" role=""/>
    <tag k="type" v="route"/>
    <tag k="route" v="tram"/>
    <tag k="name" v="Georgetown–B&amp;O Depot (Capitol Hill) line (1895–1898)"/>
    <tag k="network" v="Washington, D.C. streetcars"/>
    <tag k="operator" v="Capital Traction"/>
    <tag k="start_date" v="1895"/>
    <tag k="end_date" v="1898"/>
    <tag k="ref:streetcar_project" v="L04"/>
    <tag k="railway:traction" v="cable"/>
  </relation>
  <relation id="-402525" version="1">
    <member type="way" ref="-100415" role=""/>
    <member type="way" ref="-100416" role=""/>
    <member type="way" ref="-100366" role=""/>
    <member type="way" ref="-100363" role=""/>
    <member type="way" ref="-100251" role=""/>
    <member type="way" ref="-100252" role=""/>
    <tag k="type" v="route"/>
    <tag k="route" v="tram"/>
    <tag k="name" v="Georgetown–B&amp;O Depot (Capitol Hill) line (1898–1908)"/>
    <tag k="network" v="Washington, D.C. streetcars"/>
    <tag k="operator" v="Capital Traction"/>
    <tag k="start_date" v="1898"/>
    <tag k="end_date" v="1908"/>
    <tag k="ref:streetcar_project" v="L04"/>
    <tag k="end_date:edtf" v="1908~"/>
    <tag k="railway:traction" v="electric"/>
  </relation>
  <relation id="-402526" version="1">
    <member type="relation" ref="-402522" role=""/>
    <member type="relation" ref="-402523" role=""/>
    <member type="relation" ref="-402524" role=""/>
    <member type="relation" ref="-402525" role=""/>
    <tag k="type" v="chronology"/>
    <tag k="name" v="Georgetown–B&amp;O Depot (Capitol Hill) line"/>
    <tag k="network" v="Washington, D.C. streetcars"/>
    <tag k="operator" v="Washington &amp; Georgetown Railroad"/>
    <tag k="start_date" v="1862"/>
    <tag k="end_date" v="1908"/>
    <tag k="ref:streetcar_project" v="L04"/>
    <tag k="end_date:edtf" v="1908~"/>
    <tag k="description" v="Later operators: Capital Traction (1895)"/>
    <tag k="source" v="MPD"/>
  </relation>
  <relation id="-402527" version="1">
    <member type="way" ref="-100410" role=""/>
    <member type="way" ref="-100189" role=""/>
    <member type="way" ref="-100188" role=""/>
    <member type="way" ref="-100263" role=""/>
    <member type="way" ref="-100397" role=""/>
    <member type="way" ref="-100280" role=""/>
    <member type="way" ref="-100242" role=""/>
    <member type="way" ref="-100220" role=""/>
    <member type="way" ref="-100273" role=""/>
    <member type="way" ref="-100228" role=""/>
    <member type="way" ref="-100213" role=""/>
    <member type="way" ref="-100300" role=""/>
    <member type="way" ref="-100305" role=""/>
    <member type="way" ref="-100292" role=""/>
    <member type="way" ref="-100371" role=""/>
    <member type="way" ref="-100346" role=""/>
    <member type="way" ref="-100119" role=""/>
    <member type="way" ref="-100226" role=""/>
    <member type="way" ref="-100269" role=""/>
    <member type="way" ref="-100098" role=""/>
    <member type="way" ref="-100136" role=""/>
    <tag k="type" v="route"/>
    <tag k="route" v="tram"/>
    <tag k="name" v="Metropolitan main line (Capitol–War Dept; later F St/D St line) (1865–1896)"/>
    <tag k="network" v="Washington, D.C. streetcars"/>
    <tag k="operator" v="Metropolitan Railroad"/>
    <tag k="start_date" v="1865"/>
    <tag k="end_date" v="1896"/>
    <tag k="ref:streetcar_project" v="L05"/>
    <tag k="railway:traction" v="horse"/>
  </relation>
  <relation id="-402528" version="1">
    <member type="way" ref="-100410" role=""/>
    <member type="way" ref="-100189" role=""/>
    <member type="way" ref="-100188" role=""/>
    <member type="way" ref="-100263" role=""/>
    <member type="way" ref="-100397" role=""/>
    <member type="way" ref="-100280" role=""/>
    <member type="way" ref="-100242" role=""/>
    <member type="way" ref="-100220" role=""/>
    <member type="way" ref="-100273" role=""/>
    <member type="way" ref="-100228" role=""/>
    <member type="way" ref="-100213" role=""/>
    <member type="way" ref="-100300" role=""/>
    <member type="way" ref="-100305" role=""/>
    <member type="way" ref="-100292" role=""/>
    <member type="way" ref="-100371" role=""/>
    <member type="way" ref="-100346" role=""/>
    <member type="way" ref="-100119" role=""/>
    <member type="way" ref="-100226" role=""/>
    <member type="way" ref="-100269" role=""/>
    <member type="way" ref="-100098" role=""/>
    <member type="way" ref="-100136" role=""/>
    <tag k="type" v="route"/>
    <tag k="route" v="tram"/>
    <tag k="name" v="Metropolitan main line (Capitol–War Dept; later F St/D St line) (1896–1902)"/>
    <tag k="network" v="Washington, D.C. streetcars"/>
    <tag k="operator" v="Metropolitan Railroad"/>
    <tag k="start_date" v="1896"/>
    <tag k="end_date" v="1902"/>
    <tag k="ref:streetcar_project" v="L05"/>
    <tag k="railway:traction" v="electric"/>
  </relation>
  <relation id="-402529" version="1">
    <member type="way" ref="-100410" role=""/>
    <member type="way" ref="-100189" role=""/>
    <member type="way" ref="-100188" role=""/>
    <member type="way" ref="-100263" role=""/>
    <member type="way" ref="-100397" role=""/>
    <member type="way" ref="-100280" role=""/>
    <member type="way" ref="-100242" role=""/>
    <member type="way" ref="-100220" role=""/>
    <member type="way" ref="-100273" role=""/>
    <member type="way" ref="-100228" role=""/>
    <member type="way" ref="-100213" role=""/>
    <member type="way" ref="-100300" role=""/>
    <member type="way" ref="-100305" role=""/>
    <member type="way" ref="-100292" role=""/>
    <member type="way" ref="-100371" role=""/>
    <member type="way" ref="-100346" role=""/>
    <member type="way" ref="-100119" role=""/>
    <member type="way" ref="-100226" role=""/>
    <member type="way" ref="-100269" role=""/>
    <member type="way" ref="-100098" role=""/>
    <member type="way" ref="-100136" role=""/>
    <tag k="type" v="route"/>
    <tag k="route" v="tram"/>
    <tag k="name" v="Metropolitan main line (Capitol–War Dept; later F St/D St line) (1902–1934)"/>
    <tag k="network" v="Washington, D.C. streetcars"/>
    <tag k="operator" v="Washington Railway &amp; Electric"/>
    <tag k="start_date" v="1902"/>
    <tag k="end_date" v="1934"/>
    <tag k="ref:streetcar_project" v="L05"/>
    <tag k="railway:traction" v="electric"/>
  </relation>
  <relation id="-402530" version="1">
    <member type="way" ref="-100410" role=""/>
    <member type="way" ref="-100189" role=""/>
    <member type="way" ref="-100188" role=""/>
    <member type="way" ref="-100263" role=""/>
    <member type="way" ref="-100397" role=""/>
    <member type="way" ref="-100280" role=""/>
    <member type="way" ref="-100242" role=""/>
    <member type="way" ref="-100220" role=""/>
    <member type="way" ref="-100273" role=""/>
    <member type="way" ref="-100228" role=""/>
    <member type="way" ref="-100213" role=""/>
    <member type="way" ref="-100300" role=""/>
    <member type="way" ref="-100305" role=""/>
    <member type="way" ref="-100292" role=""/>
    <member type="way" ref="-100371" role=""/>
    <member type="way" ref="-100346" role=""/>
    <member type="way" ref="-100119" role=""/>
    <member type="way" ref="-100226" role=""/>
    <member type="way" ref="-100269" role=""/>
    <member type="way" ref="-100098" role=""/>
    <member type="way" ref="-100136" role=""/>
    <tag k="type" v="route"/>
    <tag k="route" v="tram"/>
    <tag k="name" v="Metropolitan main line (Capitol–War Dept; later F St/D St line) (1934–1956)"/>
    <tag k="network" v="Washington, D.C. streetcars"/>
    <tag k="operator" v="Capital Transit"/>
    <tag k="start_date" v="1934"/>
    <tag k="end_date" v="1956"/>
    <tag k="ref:streetcar_project" v="L05"/>
    <tag k="railway:traction" v="electric"/>
  </relation>
  <relation id="-402531" version="1">
    <member type="way" ref="-100410" role=""/>
    <member type="way" ref="-100189" role=""/>
    <member type="way" ref="-100188" role=""/>
    <member type="way" ref="-100263" role=""/>
    <member type="way" ref="-100397" role=""/>
    <member type="way" ref="-100280" role=""/>
    <member type="way" ref="-100242" role=""/>
    <member type="way" ref="-100220" role=""/>
    <member type="way" ref="-100273" role=""/>
    <member type="way" ref="-100228" role=""/>
    <member type="way" ref="-100213" role=""/>
    <member type="way" ref="-100300" role=""/>
    <member type="way" ref="-100305" role=""/>
    <member type="way" ref="-100292" role=""/>
    <member type="way" ref="-100371" role=""/>
    <member type="way" ref="-100346" role=""/>
    <member type="way" ref="-100119" role=""/>
    <member type="way" ref="-100226" role=""/>
    <member type="way" ref="-100269" role=""/>
    <member type="way" ref="-100098" role=""/>
    <member type="way" ref="-100136" role=""/>
    <tag k="type" v="route"/>
    <tag k="route" v="tram"/>
    <tag k="name" v="Metropolitan main line (Capitol–War Dept; later F St/D St line) (1956–1961)"/>
    <tag k="network" v="Washington, D.C. streetcars"/>
    <tag k="operator" v="D.C. Transit"/>
    <tag k="start_date" v="1956"/>
    <tag k="end_date" v="1961"/>
    <tag k="ref:streetcar_project" v="L05"/>
    <tag k="ref" v="42"/>
    <tag k="railway:traction" v="electric"/>
  </relation>
  <relation id="-402532" version="1">
    <member type="relation" ref="-402527" role=""/>
    <member type="relation" ref="-402528" role=""/>
    <member type="relation" ref="-402529" role=""/>
    <member type="relation" ref="-402530" role=""/>
    <member type="relation" ref="-402531" role=""/>
    <tag k="type" v="chronology"/>
    <tag k="name" v="Metropolitan main line (Capitol–War Dept; later F St/D St line)"/>
    <tag k="network" v="Washington, D.C. streetcars"/>
    <tag k="operator" v="Metropolitan Railroad"/>
    <tag k="start_date" v="1865"/>
    <tag k="end_date" v="1961"/>
    <tag k="ref:streetcar_project" v="L05"/>
    <tag k="ref" v="42"/>
    <tag k="description" v="Later operators: Washington Traction &amp; Electric (1899); WRECo (1902); Capital Transit; D.C. Transit"/>
    <tag k="source" v="WP; MPD; CRF"/>
  </relation>
  <relation id="-402533" version="1">
    <member type="way" ref="-100343" role=""/>
    <member type="way" ref="-100132" role=""/>
    <member type="way" ref="-100183" role=""/>
    <member type="way" ref="-100328" role=""/>
    <member type="way" ref="-100295" role=""/>
    <member type="way" ref="-100214" role=""/>
    <member type="way" ref="-100111" role=""/>
    <member type="way" ref="-100080" role=""/>
    <member type="way" ref="-100444" role=""/>
    <tag k="type" v="route"/>
    <tag k="route" v="tram"/>
    <tag k="name" v="9th Street line (1872–1895)"/>
    <tag k="network" v="Washington, D.C. streetcars"/>
    <tag k="operator" v="Metropolitan Railroad"/>
    <tag k="start_date" v="1872"/>
    <tag k="end_date" v="1895"/>
    <tag k="ref:streetcar_project" v="L06"/>
    <tag k="railway:traction" v="horse"/>
  </relation>
  <relation id="-402534" version="1">
    <member type="way" ref="-100343" role=""/>
    <member type="way" ref="-100132" role=""/>
    <member type="way" ref="-100183" role=""/>
    <member type="way" ref="-100328" role=""/>
    <member type="way" ref="-100295" role=""/>
    <member type="way" ref="-100214" role=""/>
    <member type="way" ref="-100111" role=""/>
    <member type="way" ref="-100080" role=""/>
    <member type="way" ref="-100444" role=""/>
    <tag k="type" v="route"/>
    <tag k="route" v="tram"/>
    <tag k="name" v="9th Street line (1895–1902)"/>
    <tag k="network" v="Washington, D.C. streetcars"/>
    <tag k="operator" v="Metropolitan Railroad"/>
    <tag k="start_date" v="1895"/>
    <tag k="end_date" v="1902"/>
    <tag k="ref:streetcar_project" v="L06"/>
    <tag k="railway:traction" v="electric"/>
  </relation>
  <relation id="-402535" version="1">
    <member type="way" ref="-100343" role=""/>
    <member type="way" ref="-100132" role=""/>
    <member type="way" ref="-100183" role=""/>
    <member type="way" ref="-100328" role=""/>
    <member type="way" ref="-100295" role=""/>
    <member type="way" ref="-100214" role=""/>
    <member type="way" ref="-100111" role=""/>
    <member type="way" ref="-100080" role=""/>
    <member type="way" ref="-100444" role=""/>
    <tag k="type" v="route"/>
    <tag k="route" v="tram"/>
    <tag k="name" v="9th Street line (1902–1933)"/>
    <tag k="network" v="Washington, D.C. streetcars"/>
    <tag k="operator" v="Washington Railway &amp; Electric"/>
    <tag k="start_date" v="1902"/>
    <tag k="end_date" v="1933"/>
    <tag k="ref:streetcar_project" v="L06"/>
    <tag k="railway:traction" v="electric"/>
  </relation>
  <relation id="-402536" version="1">
    <member type="way" ref="-100092" role=""/>
    <tag k="type" v="route"/>
    <tag k="route" v="tram"/>
    <tag k="name" v="9th Street line (1936–1961)"/>
    <tag k="network" v="Washington, D.C. streetcars"/>
    <tag k="operator" v="Capital Transit"/>
    <tag k="start_date" v="1936"/>
    <tag k="end_date" v="1961"/>
    <tag k="ref:streetcar_project" v="L06"/>
    <tag k="railway:traction" v="electric"/>
  </relation>
  <relation id="-402537" version="1">
    <member type="relation" ref="-402533" role=""/>
    <member type="relation" ref="-402534" role=""/>
    <member type="relation" ref="-402535" role=""/>
    <member type="relation" ref="-402536" role=""/>
    <tag k="type" v="chronology"/>
    <tag k="name" v="9th Street line"/>
    <tag k="network" v="Washington, D.C. streetcars"/>
    <tag k="operator" v="Metropolitan Railroad"/>
    <tag k="start_date" v="1872"/>
    <tag k="end_date" v="1961"/>
    <tag k="ref:streetcar_project" v="L06"/>
    <tag k="description" v="Later operators: WRECo (1902); Capital Transit"/>
    <tag k="source" v="MPD; GDC"/>
  </relation>
  <relation id="-402538" version="1">
    <member type="way" ref="-100059" role=""/>
    <member type="way" ref="-100122" role=""/>
    <member type="way" ref="-100440" role=""/>
    <member type="way" ref="-100441" role=""/>
    <member type="way" ref="-100094" role=""/>
    <member type="way" ref="-100245" role=""/>
    <member type="way" ref="-100339" role=""/>
    <member type="way" ref="-100438" role=""/>
    <tag k="type" v="route"/>
    <tag k="route" v="tram"/>
    <tag k="name" v="P Street / Georgetown line (1873–1896)"/>
    <tag k="network" v="Washington, D.C. streetcars"/>
    <tag k="operator" v="Metropolitan Railroad"/>
    <tag k="start_date" v="1873"/>
    <tag k="end_date" v="1896"/>
    <tag k="ref:streetcar_project" v="L07"/>
    <tag k="railway:traction" v="horse"/>
  </relation>
  <relation id="-402539" version="1">
    <member type="way" ref="-100059" role=""/>
    <member type="way" ref="-100122" role=""/>
    <member type="way" ref="-100440" role=""/>
    <member type="way" ref="-100245" role=""/>
    <member type="way" ref="-100162" role=""/>
    <member type="way" ref="-100208" role=""/>
    <member type="way" ref="-100438" role=""/>
    <member type="way" ref="-100094" role=""/>
    <member type="way" ref="-100441" role=""/>
    <tag k="type" v="route"/>
    <tag k="route" v="tram"/>
    <tag k="name" v="P Street / Georgetown line (1896–1902)"/>
    <tag k="network" v="Washington, D.C. streetcars"/>
    <tag k="operator" v="Metropolitan Railroad"/>
    <tag k="start_date" v="1896"/>
    <tag k="end_date" v="1902"/>
    <tag k="ref:streetcar_project" v="L07"/>
    <tag k="railway:traction" v="electric"/>
  </relation>
  <relation id="-402540" version="1">
    <member type="way" ref="-100059" role=""/>
    <member type="way" ref="-100122" role=""/>
    <member type="way" ref="-100440" role=""/>
    <member type="way" ref="-100245" role=""/>
    <member type="way" ref="-100162" role=""/>
    <member type="way" ref="-100208" role=""/>
    <member type="way" ref="-100438" role=""/>
    <member type="way" ref="-100094" role=""/>
    <member type="way" ref="-100441" role=""/>
    <tag k="type" v="route"/>
    <tag k="route" v="tram"/>
    <tag k="name" v="P Street / Georgetown line (1902–1934)"/>
    <tag k="network" v="Washington, D.C. streetcars"/>
    <tag k="operator" v="Washington Railway &amp; Electric"/>
    <tag k="start_date" v="1902"/>
    <tag k="end_date" v="1934"/>
    <tag k="ref:streetcar_project" v="L07"/>
    <tag k="railway:traction" v="electric"/>
  </relation>
  <relation id="-402541" version="1">
    <member type="way" ref="-100059" role=""/>
    <member type="way" ref="-100122" role=""/>
    <member type="way" ref="-100440" role=""/>
    <member type="way" ref="-100245" role=""/>
    <member type="way" ref="-100162" role=""/>
    <member type="way" ref="-100208" role=""/>
    <member type="way" ref="-100438" role=""/>
    <member type="way" ref="-100094" role=""/>
    <member type="way" ref="-100441" role=""/>
    <tag k="type" v="route"/>
    <tag k="route" v="tram"/>
    <tag k="name" v="P Street / Georgetown line (1934–1935)"/>
    <tag k="network" v="Washington, D.C. streetcars"/>
    <tag k="operator" v="Capital Transit"/>
    <tag k="start_date" v="1934"/>
    <tag k="end_date" v="1935"/>
    <tag k="ref:streetcar_project" v="L07"/>
    <tag k="railway:traction" v="electric"/>
  </relation>
  <relation id="-402542" version="1">
    <member type="relation" ref="-402538" role=""/>
    <member type="relation" ref="-402539" role=""/>
    <member type="relation" ref="-402540" role=""/>
    <member type="relation" ref="-402541" role=""/>
    <tag k="type" v="chronology"/>
    <tag k="name" v="P Street / Georgetown line"/>
    <tag k="network" v="Washington, D.C. streetcars"/>
    <tag k="operator" v="Metropolitan Railroad (Union Railroad charter)"/>
    <tag k="start_date" v="1873"/>
    <tag k="end_date" v="1935"/>
    <tag k="ref:streetcar_project" v="L07"/>
    <tag k="description" v="Later operators: WRECo; Capital Transit"/>
    <tag k="source" v="WP; MPD; CRF"/>
  </relation>
  <relation id="-402543" version="1">
    <member type="way" ref="-100398" role=""/>
    <member type="way" ref="-100133" role=""/>
    <member type="way" ref="-100345" role=""/>
    <member type="way" ref="-100071" role=""/>
    <member type="way" ref="-100289" role=""/>
    <member type="way" ref="-100084" role=""/>
    <member type="way" ref="-100277" role=""/>
    <tag k="type" v="route"/>
    <tag k="route" v="tram"/>
    <tag k="name" v="4th Street NW/SW line (1872–1895)"/>
    <tag k="network" v="Washington, D.C. streetcars"/>
    <tag k="operator" v="Metropolitan Railroad"/>
    <tag k="start_date" v="1872"/>
    <tag k="end_date" v="1895"/>
    <tag k="ref:streetcar_project" v="L08"/>
    <tag k="railway:traction" v="horse"/>
  </relation>
  <relation id="-402544" version="1">
    <member type="way" ref="-100398" role=""/>
    <member type="way" ref="-100133" role=""/>
    <member type="way" ref="-100345" role=""/>
    <member type="way" ref="-100071" role=""/>
    <member type="way" ref="-100289" role=""/>
    <member type="way" ref="-100084" role=""/>
    <member type="way" ref="-100277" role=""/>
    <tag k="type" v="route"/>
    <tag k="route" v="tram"/>
    <tag k="name" v="4th Street NW/SW line (1895–1902)"/>
    <tag k="network" v="Washington, D.C. streetcars"/>
    <tag k="operator" v="Metropolitan Railroad"/>
    <tag k="start_date" v="1895"/>
    <tag k="end_date" v="1902"/>
    <tag k="ref:streetcar_project" v="L08"/>
    <tag k="railway:traction" v="electric"/>
  </relation>
  <relation id="-402545" version="1">
    <member type="way" ref="-100398" role=""/>
    <member type="way" ref="-100133" role=""/>
    <member type="way" ref="-100345" role=""/>
    <member type="way" ref="-100071" role=""/>
    <member type="way" ref="-100289" role=""/>
    <member type="way" ref="-100084" role=""/>
    <member type="way" ref="-100277" role=""/>
    <tag k="type" v="route"/>
    <tag k="route" v="tram"/>
    <tag k="name" v="4th Street NW/SW line (1902–1934)"/>
    <tag k="network" v="Washington, D.C. streetcars"/>
    <tag k="operator" v="Washington Railway &amp; Electric"/>
    <tag k="start_date" v="1902"/>
    <tag k="end_date" v="1934"/>
    <tag k="ref:streetcar_project" v="L08"/>
    <tag k="railway:traction" v="electric"/>
  </relation>
  <relation id="-402546" version="1">
    <member type="way" ref="-100398" role=""/>
    <member type="way" ref="-100133" role=""/>
    <member type="way" ref="-100345" role=""/>
    <member type="way" ref="-100071" role=""/>
    <member type="way" ref="-100289" role=""/>
    <member type="way" ref="-100084" role=""/>
    <member type="way" ref="-100277" role=""/>
    <tag k="type" v="route"/>
    <tag k="route" v="tram"/>
    <tag k="name" v="4th Street NW/SW line (1934–1941)"/>
    <tag k="network" v="Washington, D.C. streetcars"/>
    <tag k="operator" v="Capital Transit"/>
    <tag k="start_date" v="1934"/>
    <tag k="end_date" v="1941"/>
    <tag k="ref:streetcar_project" v="L08"/>
    <tag k="railway:traction" v="electric"/>
  </relation>
  <relation id="-402547" version="1">
    <member type="relation" ref="-402543" role=""/>
    <member type="relation" ref="-402544" role=""/>
    <member type="relation" ref="-402545" role=""/>
    <member type="relation" ref="-402546" role=""/>
    <tag k="type" v="chronology"/>
    <tag k="name" v="4th Street NW/SW line"/>
    <tag k="network" v="Washington, D.C. streetcars"/>
    <tag k="operator" v="Metropolitan Railroad"/>
    <tag k="start_date" v="1872"/>
    <tag k="end_date" v="1935"/>
    <tag k="ref:streetcar_project" v="L08"/>
    <tag k="description" v="Later operators: WRECo; Capital Transit"/>
    <tag k="source" v="WP; CRF"/>
  </relation>
  <relation id="-402548" version="1">
    <member type="way" ref="-100417" role=""/>
    <member type="way" ref="-100236" role=""/>
    <member type="way" ref="-100173" role=""/>
    <member type="way" ref="-100249" role=""/>
    <member type="way" ref="-100070" role=""/>
    <member type="way" ref="-100358" role=""/>
    <tag k="type" v="route"/>
    <tag k="route" v="tram"/>
    <tag k="name" v="East Capitol Street line (1872–1896)"/>
    <tag k="network" v="Washington, D.C. streetcars"/>
    <tag k="operator" v="Metropolitan Railroad"/>
    <tag k="start_date" v="1872"/>
    <tag k="end_date" v="1896"/>
    <tag k="ref:streetcar_project" v="L09"/>
    <tag k="railway:traction" v="horse"/>
  </relation>
  <relation id="-402549" version="1">
    <member type="way" ref="-100417" role=""/>
    <member type="way" ref="-100236" role=""/>
    <member type="way" ref="-100173" role=""/>
    <member type="way" ref="-100249" role=""/>
    <member type="way" ref="-100070" role=""/>
    <member type="way" ref="-100358" role=""/>
    <member type="way" ref="-100256" role=""/>
    <member type="way" ref="-100174" role=""/>
    <member type="way" ref="-100254" role=""/>
    <member type="way" ref="-100146" role=""/>
    <member type="way" ref="-100152" role=""/>
    <tag k="type" v="route"/>
    <tag k="route" v="tram"/>
    <tag k="name" v="East Capitol Street line (1896–1902)"/>
    <tag k="network" v="Washington, D.C. streetcars"/>
    <tag k="operator" v="Metropolitan Railroad"/>
    <tag k="start_date" v="1896"/>
    <tag k="end_date" v="1902"/>
    <tag k="ref:streetcar_project" v="L09"/>
    <tag k="railway:traction" v="electric"/>
  </relation>
  <relation id="-402550" version="1">
    <member type="way" ref="-100417" role=""/>
    <member type="way" ref="-100236" role=""/>
    <member type="way" ref="-100173" role=""/>
    <member type="way" ref="-100249" role=""/>
    <member type="way" ref="-100070" role=""/>
    <member type="way" ref="-100358" role=""/>
    <member type="way" ref="-100256" role=""/>
    <member type="way" ref="-100174" role=""/>
    <member type="way" ref="-100254" role=""/>
    <member type="way" ref="-100146" role=""/>
    <member type="way" ref="-100152" role=""/>
    <tag k="type" v="route"/>
    <tag k="route" v="tram"/>
    <tag k="name" v="East Capitol Street line (1902–1934)"/>
    <tag k="network" v="Washington, D.C. streetcars"/>
    <tag k="operator" v="Washington Railway &amp; Electric"/>
    <tag k="start_date" v="1902"/>
    <tag k="end_date" v="1934"/>
    <tag k="ref:streetcar_project" v="L09"/>
    <tag k="railway:traction" v="electric"/>
  </relation>
  <relation id="-402551" version="1">
    <member type="way" ref="-100417" role=""/>
    <member type="way" ref="-100236" role=""/>
    <member type="way" ref="-100173" role=""/>
    <member type="way" ref="-100249" role=""/>
    <member type="way" ref="-100070" role=""/>
    <member type="way" ref="-100358" role=""/>
    <member type="way" ref="-100256" role=""/>
    <member type="way" ref="-100174" role=""/>
    <member type="way" ref="-100254" role=""/>
    <member type="way" ref="-100146" role=""/>
    <member type="way" ref="-100152" role=""/>
    <tag k="type" v="route"/>
    <tag k="route" v="tram"/>
    <tag k="name" v="East Capitol Street line (1934–1956)"/>
    <tag k="network" v="Washington, D.C. streetcars"/>
    <tag k="operator" v="Capital Transit"/>
    <tag k="start_date" v="1934"/>
    <tag k="end_date" v="1956"/>
    <tag k="ref:streetcar_project" v="L09"/>
    <tag k="railway:traction" v="electric"/>
  </relation>
  <relation id="-402552" version="1">
    <member type="way" ref="-100417" role=""/>
    <member type="way" ref="-100236" role=""/>
    <member type="way" ref="-100173" role=""/>
    <member type="way" ref="-100249" role=""/>
    <member type="way" ref="-100070" role=""/>
    <member type="way" ref="-100358" role=""/>
    <member type="way" ref="-100256" role=""/>
    <member type="way" ref="-100174" role=""/>
    <member type="way" ref="-100254" role=""/>
    <member type="way" ref="-100146" role=""/>
    <member type="way" ref="-100152" role=""/>
    <tag k="type" v="route"/>
    <tag k="route" v="tram"/>
    <tag k="name" v="East Capitol Street line (1956–1962)"/>
    <tag k="network" v="Washington, D.C. streetcars"/>
    <tag k="operator" v="D.C. Transit"/>
    <tag k="start_date" v="1956"/>
    <tag k="end_date" v="1962"/>
    <tag k="ref:streetcar_project" v="L09"/>
    <tag k="ref" v="40;96"/>
    <tag k="railway:traction" v="electric"/>
  </relation>
  <relation id="-402553" version="1">
    <member type="relation" ref="-402548" role=""/>
    <member type="relation" ref="-402549" role=""/>
    <member type="relation" ref="-402550" role=""/>
    <member type="relation" ref="-402551" role=""/>
    <member type="relation" ref="-402552" role=""/>
    <tag k="type" v="chronology"/>
    <tag k="name" v="East Capitol Street line"/>
    <tag k="network" v="Washington, D.C. streetcars"/>
    <tag k="operator" v="Metropolitan Railroad"/>
    <tag k="start_date" v="1872"/>
    <tag k="end_date" v="1962"/>
    <tag k="ref:streetcar_project" v="L09"/>
    <tag k="ref" v="40;96"/>
    <tag k="description" v="Later operators: WRECo; Capital Transit; D.C. Transit"/>
    <tag k="source" v="WP; MPD; CRF"/>
  </relation>
  <relation id="-402554" version="1">
    <member type="way" ref="-100296" role=""/>
    <member type="way" ref="-100064" role=""/>
    <tag k="type" v="route"/>
    <tag k="route" v="tram"/>
    <tag k="name" v="Connecticut Avenue line (south) (1873–1883)"/>
    <tag k="network" v="Washington, D.C. streetcars"/>
    <tag k="operator" v="Connecticut Avenue &amp; Park Railway"/>
    <tag k="start_date" v="1873"/>
    <tag k="end_date" v="1883"/>
    <tag k="ref:streetcar_project" v="L10"/>
    <tag k="railway:traction" v="horse"/>
  </relation>
  <relation id="-402555" version="1">
    <member type="way" ref="-100296" role=""/>
    <member type="way" ref="-100064" role=""/>
    <member type="way" ref="-100120" role=""/>
    <tag k="type" v="route"/>
    <tag k="route" v="tram"/>
    <tag k="name" v="Connecticut Avenue line (south) (1883–1896)"/>
    <tag k="network" v="Washington, D.C. streetcars"/>
    <tag k="operator" v="Connecticut Avenue &amp; Park Railway"/>
    <tag k="start_date" v="1883"/>
    <tag k="end_date" v="1896"/>
    <tag k="ref:streetcar_project" v="L10"/>
    <tag k="railway:traction" v="horse"/>
  </relation>
  <relation id="-402556" version="1">
    <member type="way" ref="-100296" role=""/>
    <member type="way" ref="-100064" role=""/>
    <member type="way" ref="-100120" role=""/>
    <tag k="type" v="route"/>
    <tag k="route" v="tram"/>
    <tag k="name" v="Connecticut Avenue line (south) (1896–1902)"/>
    <tag k="network" v="Washington, D.C. streetcars"/>
    <tag k="operator" v="Connecticut Avenue &amp; Park Railway"/>
    <tag k="start_date" v="1896"/>
    <tag k="end_date" v="1902"/>
    <tag k="ref:streetcar_project" v="L10"/>
    <tag k="railway:traction" v="electric"/>
  </relation>
  <relation id="-402557" version="1">
    <member type="way" ref="-100296" role=""/>
    <member type="way" ref="-100064" role=""/>
    <member type="way" ref="-100120" role=""/>
    <tag k="type" v="route"/>
    <tag k="route" v="tram"/>
    <tag k="name" v="Connecticut Avenue line (south) (1902–1934)"/>
    <tag k="network" v="Washington, D.C. streetcars"/>
    <tag k="operator" v="Washington Railway &amp; Electric"/>
    <tag k="start_date" v="1902"/>
    <tag k="end_date" v="1934"/>
    <tag k="ref:streetcar_project" v="L10"/>
    <tag k="railway:traction" v="electric"/>
  </relation>
  <relation id="-402558" version="1">
    <member type="way" ref="-100296" role=""/>
    <member type="way" ref="-100064" role=""/>
    <member type="way" ref="-100120" role=""/>
    <tag k="type" v="route"/>
    <tag k="route" v="tram"/>
    <tag k="name" v="Connecticut Avenue line (south) (1934–1956)"/>
    <tag k="network" v="Washington, D.C. streetcars"/>
    <tag k="operator" v="Capital Transit"/>
    <tag k="start_date" v="1934"/>
    <tag k="end_date" v="1956"/>
    <tag k="ref:streetcar_project" v="L10"/>
    <tag k="railway:traction" v="electric"/>
  </relation>
  <relation id="-402559" version="1">
    <member type="way" ref="-100296" role=""/>
    <member type="way" ref="-100064" role=""/>
    <member type="way" ref="-100120" role=""/>
    <tag k="type" v="route"/>
    <tag k="route" v="tram"/>
    <tag k="name" v="Connecticut Avenue line (south) (1956–1961)"/>
    <tag k="network" v="Washington, D.C. streetcars"/>
    <tag k="operator" v="D.C. Transit"/>
    <tag k="start_date" v="1956"/>
    <tag k="end_date" v="1961"/>
    <tag k="ref:streetcar_project" v="L10"/>
    <tag k="ref" v="42;44"/>
    <tag k="railway:traction" v="electric"/>
  </relation>
  <relation id="-402560" version="1">
    <member type="relation" ref="-402554" role=""/>
    <member type="relation" ref="-402555" role=""/>
    <member type="relation" ref="-402556" role=""/>
    <member type="relation" ref="-402557" role=""/>
    <member type="relation" ref="-402558" role=""/>
    <member type="relation" ref="-402559" role=""/>
    <tag k="type" v="chronology"/>
    <tag k="name" v="Connecticut Avenue line (south)"/>
    <tag k="network" v="Washington, D.C. streetcars"/>
    <tag k="operator" v="Connecticut Avenue &amp; Park Railway (chartered 1868)"/>
    <tag k="start_date" v="1873"/>
    <tag k="end_date" v="1961"/>
    <tag k="ref:streetcar_project" v="L10"/>
    <tag k="ref" v="42;44"/>
    <tag k="description" v="Later operators: Metropolitan (1874); WRECo; Capital Transit; D.C. Transit"/>
    <tag k="source" v="WP; MPD; CRF; MAP1880"/>
  </relation>
  <relation id="-402561" version="1">
    <member type="way" ref="-100065" role=""/>
    <member type="way" ref="-100049" role=""/>
    <tag k="type" v="route"/>
    <tag k="route" v="tram"/>
    <tag k="name" v="Mount Pleasant extension (1900–1902)"/>
    <tag k="network" v="Washington, D.C. streetcars"/>
    <tag k="operator" v="Metropolitan Railroad"/>
    <tag k="start_date" v="1900"/>
    <tag k="end_date" v="1902"/>
    <tag k="ref:streetcar_project" v="L11"/>
    <tag k="railway:traction" v="electric"/>
  </relation>
  <relation id="-402562" version="1">
    <member type="way" ref="-100065" role=""/>
    <member type="way" ref="-100049" role=""/>
    <tag k="type" v="route"/>
    <tag k="route" v="tram"/>
    <tag k="name" v="Mount Pleasant extension (1902–1934)"/>
    <tag k="network" v="Washington, D.C. streetcars"/>
    <tag k="operator" v="Washington Railway &amp; Electric"/>
    <tag k="start_date" v="1902"/>
    <tag k="end_date" v="1934"/>
    <tag k="ref:streetcar_project" v="L11"/>
    <tag k="railway:traction" v="electric"/>
  </relation>
  <relation id="-402563" version="1">
    <member type="way" ref="-100065" role=""/>
    <member type="way" ref="-100049" role=""/>
    <tag k="type" v="route"/>
    <tag k="route" v="tram"/>
    <tag k="name" v="Mount Pleasant extension (1934–1956)"/>
    <tag k="network" v="Washington, D.C. streetcars"/>
    <tag k="operator" v="Capital Transit"/>
    <tag k="start_date" v="1934"/>
    <tag k="end_date" v="1956"/>
    <tag k="ref:streetcar_project" v="L11"/>
    <tag k="railway:traction" v="electric"/>
  </relation>
  <relation id="-402564" version="1">
    <member type="way" ref="-100065" role=""/>
    <member type="way" ref="-100049" role=""/>
    <tag k="type" v="route"/>
    <tag k="route" v="tram"/>
    <tag k="name" v="Mount Pleasant extension (1956–1961)"/>
    <tag k="network" v="Washington, D.C. streetcars"/>
    <tag k="operator" v="D.C. Transit"/>
    <tag k="start_date" v="1956"/>
    <tag k="end_date" v="1961"/>
    <tag k="ref:streetcar_project" v="L11"/>
    <tag k="ref" v="42"/>
    <tag k="railway:traction" v="electric"/>
  </relation>
  <relation id="-402565" version="1">
    <member type="relation" ref="-402561" role=""/>
    <member type="relation" ref="-402562" role=""/>
    <member type="relation" ref="-402563" role=""/>
    <member type="relation" ref="-402564" role=""/>
    <tag k="type" v="chronology"/>
    <tag k="name" v="Mount Pleasant extension"/>
    <tag k="network" v="Washington, D.C. streetcars"/>
    <tag k="operator" v="Metropolitan Railroad"/>
    <tag k="start_date" v="1900"/>
    <tag k="end_date" v="1961"/>
    <tag k="ref:streetcar_project" v="L11"/>
    <tag k="ref" v="42"/>
    <tag k="description" v="Later operators: WRECo; Capital Transit; D.C. Transit"/>
    <tag k="source" v="WP-Metro; TIN; LAWS; CRF"/>
  </relation>
  <relation id="-402566" version="1">
    <member type="way" ref="-100230" role=""/>
    <member type="way" ref="-100055" role=""/>
    <member type="way" ref="-100103" role=""/>
    <tag k="type" v="route"/>
    <tag k="route" v="tram"/>
    <tag k="name" v="Georgia Avenue (7th St Extended / Brightwood) line (1873–1892)"/>
    <tag k="network" v="Washington, D.C. streetcars"/>
    <tag k="operator" v="Boundary &amp; Silver Spring Railway"/>
    <tag k="start_date" v="1873"/>
    <tag k="end_date" v="1892"/>
    <tag k="ref:streetcar_project" v="L12"/>
    <tag k="railway:traction" v="horse"/>
  </relation>
  <relation id="-402567" version="1">
    <member type="way" ref="-100230" role=""/>
    <member type="way" ref="-100055" role=""/>
    <member type="way" ref="-100103" role=""/>
    <member type="way" ref="-100109" role=""/>
    <member type="way" ref="-100042" role=""/>
    <member type="way" ref="-100130" role=""/>
    <tag k="type" v="route"/>
    <tag k="route" v="tram"/>
    <tag k="name" v="Georgia Avenue (7th St Extended / Brightwood) line (1892–1893)"/>
    <tag k="network" v="Washington, D.C. streetcars"/>
    <tag k="operator" v="Boundary &amp; Silver Spring Railway"/>
    <tag k="start_date" v="1892"/>
    <tag k="end_date" v="1893"/>
    <tag k="ref:streetcar_project" v="L12"/>
    <tag k="railway:traction" v="electric"/>
  </relation>
  <relation id="-402568" version="1">
    <member type="way" ref="-100230" role=""/>
    <member type="way" ref="-100055" role=""/>
    <member type="way" ref="-100103" role=""/>
    <member type="way" ref="-100109" role=""/>
    <member type="way" ref="-100042" role=""/>
    <member type="way" ref="-100130" role=""/>
    <member type="way" ref="-100048" role=""/>
    <member type="way" ref="-100056" role=""/>
    <member type="way" ref="-100374" role=""/>
    <tag k="type" v="route"/>
    <tag k="route" v="tram"/>
    <tag k="name" v="Georgia Avenue (7th St Extended / Brightwood) line (1893–1902)"/>
    <tag k="network" v="Washington, D.C. streetcars"/>
    <tag k="operator" v="Boundary &amp; Silver Spring Railway"/>
    <tag k="start_date" v="1893"/>
    <tag k="end_date" v="1902"/>
    <tag k="ref:streetcar_project" v="L12"/>
    <tag k="railway:traction" v="electric"/>
  </relation>
  <relation id="-402569" version="1">
    <member type="way" ref="-100230" role=""/>
    <member type="way" ref="-100055" role=""/>
    <member type="way" ref="-100103" role=""/>
    <member type="way" ref="-100109" role=""/>
    <member type="way" ref="-100042" role=""/>
    <member type="way" ref="-100130" role=""/>
    <member type="way" ref="-100048" role=""/>
    <member type="way" ref="-100056" role=""/>
    <member type="way" ref="-100374" role=""/>
    <tag k="type" v="route"/>
    <tag k="route" v="tram"/>
    <tag k="name" v="Georgia Avenue (7th St Extended / Brightwood) line (1902–1934)"/>
    <tag k="network" v="Washington, D.C. streetcars"/>
    <tag k="operator" v="Washington Railway &amp; Electric"/>
    <tag k="start_date" v="1902"/>
    <tag k="end_date" v="1934"/>
    <tag k="ref:streetcar_project" v="L12"/>
    <tag k="railway:traction" v="electric"/>
  </relation>
  <relation id="-402570" version="1">
    <member type="way" ref="-100230" role=""/>
    <member type="way" ref="-100055" role=""/>
    <member type="way" ref="-100103" role=""/>
    <member type="way" ref="-100109" role=""/>
    <member type="way" ref="-100042" role=""/>
    <member type="way" ref="-100130" role=""/>
    <member type="way" ref="-100048" role=""/>
    <member type="way" ref="-100056" role=""/>
    <member type="way" ref="-100374" role=""/>
    <tag k="type" v="route"/>
    <tag k="route" v="tram"/>
    <tag k="name" v="Georgia Avenue (7th St Extended / Brightwood) line (1934–1956)"/>
    <tag k="network" v="Washington, D.C. streetcars"/>
    <tag k="operator" v="Capital Transit"/>
    <tag k="start_date" v="1934"/>
    <tag k="end_date" v="1956"/>
    <tag k="ref:streetcar_project" v="L12"/>
    <tag k="railway:traction" v="electric"/>
  </relation>
  <relation id="-402571" version="1">
    <member type="way" ref="-100230" role=""/>
    <member type="way" ref="-100055" role=""/>
    <member type="way" ref="-100103" role=""/>
    <member type="way" ref="-100109" role=""/>
    <member type="way" ref="-100042" role=""/>
    <member type="way" ref="-100130" role=""/>
    <member type="way" ref="-100048" role=""/>
    <member type="way" ref="-100056" role=""/>
    <member type="way" ref="-100374" role=""/>
    <tag k="type" v="route"/>
    <tag k="route" v="tram"/>
    <tag k="name" v="Georgia Avenue (7th St Extended / Brightwood) line (1956–1960)"/>
    <tag k="network" v="Washington, D.C. streetcars"/>
    <tag k="operator" v="D.C. Transit"/>
    <tag k="start_date" v="1956"/>
    <tag k="end_date" v="1960"/>
    <tag k="ref:streetcar_project" v="L12"/>
    <tag k="ref" v="70"/>
    <tag k="railway:traction" v="electric"/>
  </relation>
  <relation id="-402572" version="1">
    <member type="relation" ref="-402566" role=""/>
    <member type="relation" ref="-402567" role=""/>
    <member type="relation" ref="-402568" role=""/>
    <member type="relation" ref="-402569" role=""/>
    <member type="relation" ref="-402570" role=""/>
    <member type="relation" ref="-402571" role=""/>
    <tag k="type" v="chronology"/>
    <tag k="name" v="Georgia Avenue (7th St Extended / Brightwood) line"/>
    <tag k="network" v="Washington, D.C. streetcars"/>
    <tag k="operator" v="Boundary &amp; Silver Spring Railway (chartered 1872; bought by Metropolitan Dec 1872)"/>
    <tag k="start_date" v="1873"/>
    <tag k="end_date" v="1960"/>
    <tag k="ref:streetcar_project" v="L12"/>
    <tag k="ref" v="70"/>
    <tag k="description" v="Later operators: Brightwood Railway (1888/1890); WRECo; Capital Transit; D.C. Transit"/>
    <tag k="source" v="WP; MPD; CRF"/>
  </relation>
  <relation id="-402573" version="1">
    <member type="way" ref="-100087" role=""/>
    <tag k="type" v="route"/>
    <tag k="route" v="tram"/>
    <tag k="name" v="Takoma branch (Brightwood Railway) (1893–1902)"/>
    <tag k="network" v="Washington, D.C. streetcars"/>
    <tag k="operator" v="Brightwood Railway"/>
    <tag k="start_date" v="1893"/>
    <tag k="end_date" v="1902"/>
    <tag k="ref:streetcar_project" v="L13"/>
    <tag k="railway:traction" v="electric"/>
  </relation>
  <relation id="-402574" version="1">
    <member type="way" ref="-100087" role=""/>
    <tag k="type" v="route"/>
    <tag k="route" v="tram"/>
    <tag k="name" v="Takoma branch (Brightwood Railway) (1902–1934)"/>
    <tag k="network" v="Washington, D.C. streetcars"/>
    <tag k="operator" v="Washington Railway &amp; Electric"/>
    <tag k="start_date" v="1902"/>
    <tag k="end_date" v="1934"/>
    <tag k="ref:streetcar_project" v="L13"/>
    <tag k="railway:traction" v="electric"/>
  </relation>
  <relation id="-402575" version="1">
    <member type="way" ref="-100087" role=""/>
    <tag k="type" v="route"/>
    <tag k="route" v="tram"/>
    <tag k="name" v="Takoma branch (Brightwood Railway) (1934–1956)"/>
    <tag k="network" v="Washington, D.C. streetcars"/>
    <tag k="operator" v="Capital Transit"/>
    <tag k="start_date" v="1934"/>
    <tag k="end_date" v="1956"/>
    <tag k="ref:streetcar_project" v="L13"/>
    <tag k="railway:traction" v="electric"/>
  </relation>
  <relation id="-402576" version="1">
    <member type="way" ref="-100087" role=""/>
    <tag k="type" v="route"/>
    <tag k="route" v="tram"/>
    <tag k="name" v="Takoma branch (Brightwood Railway) (1956–1960)"/>
    <tag k="network" v="Washington, D.C. streetcars"/>
    <tag k="operator" v="D.C. Transit"/>
    <tag k="start_date" v="1956"/>
    <tag k="end_date" v="1960"/>
    <tag k="ref:streetcar_project" v="L13"/>
    <tag k="ref" v="72"/>
    <tag k="railway:traction" v="electric"/>
  </relation>
  <relation id="-402577" version="1">
    <member type="relation" ref="-402573" role=""/>
    <member type="relation" ref="-402574" role=""/>
    <member type="relation" ref="-402575" role=""/>
    <member type="relation" ref="-402576" role=""/>
    <tag k="type" v="chronology"/>
    <tag k="name" v="Takoma branch (Brightwood Railway)"/>
    <tag k="network" v="Washington, D.C. streetcars"/>
    <tag k="operator" v="Brightwood Railway"/>
    <tag k="start_date" v="1893"/>
    <tag k="end_date" v="1960"/>
    <tag k="ref:streetcar_project" v="L13"/>
    <tag k="ref" v="72"/>
    <tag k="description" v="Later operators: WRECo; Capital Transit; D.C. Transit"/>
    <tag k="source" v="WP; CRF"/>
  </relation>
  <relation id="-402578" version="1">
    <member type="way" ref="-100063" role=""/>
    <tag k="type" v="route"/>
    <tag k="route" v="tram"/>
    <tag k="name" v="Soldiers&apos; Home / Upshur Street line (1893–1902)"/>
    <tag k="network" v="Washington, D.C. streetcars"/>
    <tag k="operator" v="WRECo predecessor"/>
    <tag k="start_date" v="1893"/>
    <tag k="end_date" v="1902"/>
    <tag k="ref:streetcar_project" v="L14"/>
    <tag k="railway:traction" v="electric"/>
  </relation>
  <relation id="-402579" version="1">
    <member type="way" ref="-100063" role=""/>
    <tag k="type" v="route"/>
    <tag k="route" v="tram"/>
    <tag k="name" v="Soldiers&apos; Home / Upshur Street line (1902–1934)"/>
    <tag k="network" v="Washington, D.C. streetcars"/>
    <tag k="operator" v="Washington Railway &amp; Electric"/>
    <tag k="start_date" v="1902"/>
    <tag k="end_date" v="1934"/>
    <tag k="ref:streetcar_project" v="L14"/>
    <tag k="railway:traction" v="electric"/>
  </relation>
  <relation id="-402580" version="1">
    <member type="way" ref="-100063" role=""/>
    <tag k="type" v="route"/>
    <tag k="route" v="tram"/>
    <tag k="name" v="Soldiers&apos; Home / Upshur Street line (1934–1956)"/>
    <tag k="network" v="Washington, D.C. streetcars"/>
    <tag k="operator" v="Capital Transit"/>
    <tag k="start_date" v="1934"/>
    <tag k="end_date" v="1956"/>
    <tag k="ref:streetcar_project" v="L14"/>
    <tag k="railway:traction" v="electric"/>
  </relation>
  <relation id="-402581" version="1">
    <member type="way" ref="-100063" role=""/>
    <tag k="type" v="route"/>
    <tag k="route" v="tram"/>
    <tag k="name" v="Soldiers&apos; Home / Upshur Street line (1956–1960)"/>
    <tag k="network" v="Washington, D.C. streetcars"/>
    <tag k="operator" v="D.C. Transit"/>
    <tag k="start_date" v="1956"/>
    <tag k="end_date" v="1960"/>
    <tag k="ref:streetcar_project" v="L14"/>
    <tag k="ref" v="74"/>
    <tag k="railway:traction" v="electric"/>
  </relation>
  <relation id="-402582" version="1">
    <member type="relation" ref="-402578" role=""/>
    <member type="relation" ref="-402579" role=""/>
    <member type="relation" ref="-402580" role=""/>
    <member type="relation" ref="-402581" role=""/>
    <tag k="type" v="chronology"/>
    <tag k="name" v="Soldiers&apos; Home / Upshur Street line"/>
    <tag k="network" v="Washington, D.C. streetcars"/>
    <tag k="operator" v="WRECo predecessor (not identified)"/>
    <tag k="start_date" v="1893"/>
    <tag k="end_date" v="1960"/>
    <tag k="ref:streetcar_project" v="L14"/>
    <tag k="ref" v="74"/>
    <tag k="description" v="Later operators: WRECo; Capital Transit; D.C. Transit"/>
    <tag k="source" v="CRF; GDC"/>
  </relation>
  <relation id="-402583" version="1">
    <member type="way" ref="-100291" role=""/>
    <member type="way" ref="-100293" role=""/>
    <member type="way" ref="-100204" role=""/>
    <member type="way" ref="-100209" role=""/>
    <member type="way" ref="-100257" role=""/>
    <member type="way" ref="-100210" role=""/>
    <member type="way" ref="-100241" role=""/>
    <member type="way" ref="-100212" role=""/>
    <member type="way" ref="-100195" role=""/>
    <member type="way" ref="-100054" role=""/>
    <member type="way" ref="-100067" role=""/>
    <tag k="type" v="route"/>
    <tag k="route" v="tram"/>
    <tag k="name" v="Columbia Railway – H Street line (1870–1895)"/>
    <tag k="network" v="Washington, D.C. streetcars"/>
    <tag k="operator" v="Columbia Railway"/>
    <tag k="start_date" v="1870"/>
    <tag k="end_date" v="1895"/>
    <tag k="ref:streetcar_project" v="L15"/>
    <tag k="railway:traction" v="horse"/>
  </relation>
  <relation id="-402584" version="1">
    <member type="way" ref="-100291" role=""/>
    <member type="way" ref="-100293" role=""/>
    <member type="way" ref="-100204" role=""/>
    <member type="way" ref="-100209" role=""/>
    <member type="way" ref="-100257" role=""/>
    <member type="way" ref="-100210" role=""/>
    <member type="way" ref="-100241" role=""/>
    <member type="way" ref="-100212" role=""/>
    <member type="way" ref="-100195" role=""/>
    <member type="way" ref="-100054" role=""/>
    <member type="way" ref="-100067" role=""/>
    <tag k="type" v="route"/>
    <tag k="route" v="tram"/>
    <tag k="name" v="Columbia Railway – H Street line (1895–1899)"/>
    <tag k="network" v="Washington, D.C. streetcars"/>
    <tag k="operator" v="Columbia Railway"/>
    <tag k="start_date" v="1895"/>
    <tag k="end_date" v="1899"/>
    <tag k="ref:streetcar_project" v="L15"/>
    <tag k="railway:traction" v="cable"/>
  </relation>
  <relation id="-402585" version="1">
    <member type="way" ref="-100291" role=""/>
    <member type="way" ref="-100293" role=""/>
    <member type="way" ref="-100204" role=""/>
    <member type="way" ref="-100209" role=""/>
    <member type="way" ref="-100257" role=""/>
    <member type="way" ref="-100210" role=""/>
    <member type="way" ref="-100241" role=""/>
    <member type="way" ref="-100212" role=""/>
    <member type="way" ref="-100195" role=""/>
    <member type="way" ref="-100054" role=""/>
    <member type="way" ref="-100067" role=""/>
    <tag k="type" v="route"/>
    <tag k="route" v="tram"/>
    <tag k="name" v="Columbia Railway – H Street line (1899–1902)"/>
    <tag k="network" v="Washington, D.C. streetcars"/>
    <tag k="operator" v="Columbia Railway"/>
    <tag k="start_date" v="1899"/>
    <tag k="end_date" v="1902"/>
    <tag k="ref:streetcar_project" v="L15"/>
    <tag k="railway:traction" v="electric"/>
  </relation>
  <relation id="-402586" version="1">
    <member type="way" ref="-100291" role=""/>
    <member type="way" ref="-100293" role=""/>
    <member type="way" ref="-100204" role=""/>
    <member type="way" ref="-100209" role=""/>
    <member type="way" ref="-100257" role=""/>
    <member type="way" ref="-100210" role=""/>
    <member type="way" ref="-100241" role=""/>
    <member type="way" ref="-100212" role=""/>
    <member type="way" ref="-100195" role=""/>
    <member type="way" ref="-100054" role=""/>
    <member type="way" ref="-100067" role=""/>
    <tag k="type" v="route"/>
    <tag k="route" v="tram"/>
    <tag k="name" v="Columbia Railway – H Street line (1902–1934)"/>
    <tag k="network" v="Washington, D.C. streetcars"/>
    <tag k="operator" v="Washington Railway &amp; Electric"/>
    <tag k="start_date" v="1902"/>
    <tag k="end_date" v="1934"/>
    <tag k="ref:streetcar_project" v="L15"/>
    <tag k="railway:traction" v="electric"/>
  </relation>
  <relation id="-402587" version="1">
    <member type="way" ref="-100291" role=""/>
    <member type="way" ref="-100293" role=""/>
    <member type="way" ref="-100204" role=""/>
    <member type="way" ref="-100209" role=""/>
    <member type="way" ref="-100257" role=""/>
    <member type="way" ref="-100210" role=""/>
    <member type="way" ref="-100241" role=""/>
    <member type="way" ref="-100212" role=""/>
    <member type="way" ref="-100195" role=""/>
    <member type="way" ref="-100054" role=""/>
    <member type="way" ref="-100067" role=""/>
    <tag k="type" v="route"/>
    <tag k="route" v="tram"/>
    <tag k="name" v="Columbia Railway – H Street line (1934–1949)"/>
    <tag k="network" v="Washington, D.C. streetcars"/>
    <tag k="operator" v="Capital Transit"/>
    <tag k="start_date" v="1934"/>
    <tag k="end_date" v="1949"/>
    <tag k="ref:streetcar_project" v="L15"/>
    <tag k="railway:traction" v="electric"/>
  </relation>
  <relation id="-402588" version="1">
    <member type="relation" ref="-402583" role=""/>
    <member type="relation" ref="-402584" role=""/>
    <member type="relation" ref="-402585" role=""/>
    <member type="relation" ref="-402586" role=""/>
    <member type="relation" ref="-402587" role=""/>
    <tag k="type" v="chronology"/>
    <tag k="name" v="Columbia Railway – H Street line"/>
    <tag k="network" v="Washington, D.C. streetcars"/>
    <tag k="operator" v="Columbia Railway"/>
    <tag k="start_date" v="1870"/>
    <tag k="end_date" v="1949"/>
    <tag k="ref:streetcar_project" v="L15"/>
    <tag k="ref" v="10"/>
    <tag k="description" v="Later operators: Washington Traction &amp; Electric (1899); WRECo (1902); Capital Transit"/>
    <tag k="source" v="WP; MPD; CRF"/>
  </relation>
  <relation id="-402589" version="1">
    <member type="way" ref="-100423" role=""/>
    <member type="way" ref="-100424" role=""/>
    <member type="way" ref="-100012" role=""/>
    <member type="way" ref="-100143" role=""/>
    <member type="way" ref="-100028" role=""/>
    <member type="way" ref="-100422" role=""/>
    <tag k="type" v="route"/>
    <tag k="route" v="tram"/>
    <tag k="name" v="Benning Road – Kenilworth branch (1898–1902)"/>
    <tag k="network" v="Washington, D.C. streetcars"/>
    <tag k="operator" v="Columbia Railway"/>
    <tag k="start_date" v="1898"/>
    <tag k="end_date" v="1902"/>
    <tag k="ref:streetcar_project" v="L16"/>
    <tag k="railway:traction" v="electric"/>
  </relation>
  <relation id="-402590" version="1">
    <member type="way" ref="-100423" role=""/>
    <member type="way" ref="-100424" role=""/>
    <member type="way" ref="-100012" role=""/>
    <member type="way" ref="-100143" role=""/>
    <member type="way" ref="-100028" role=""/>
    <member type="way" ref="-100422" role=""/>
    <tag k="type" v="route"/>
    <tag k="route" v="tram"/>
    <tag k="name" v="Benning Road – Kenilworth branch (1902–1934)"/>
    <tag k="network" v="Washington, D.C. streetcars"/>
    <tag k="operator" v="Washington Railway &amp; Electric"/>
    <tag k="start_date" v="1902"/>
    <tag k="end_date" v="1934"/>
    <tag k="ref:streetcar_project" v="L16"/>
    <tag k="railway:traction" v="electric"/>
  </relation>
  <relation id="-402591" version="1">
    <member type="way" ref="-100423" role=""/>
    <member type="way" ref="-100424" role=""/>
    <member type="way" ref="-100012" role=""/>
    <member type="way" ref="-100143" role=""/>
    <member type="way" ref="-100028" role=""/>
    <member type="way" ref="-100422" role=""/>
    <tag k="type" v="route"/>
    <tag k="route" v="tram"/>
    <tag k="name" v="Benning Road – Kenilworth branch (1934–1949)"/>
    <tag k="network" v="Washington, D.C. streetcars"/>
    <tag k="operator" v="Capital Transit"/>
    <tag k="start_date" v="1934"/>
    <tag k="end_date" v="1949"/>
    <tag k="ref:streetcar_project" v="L16"/>
    <tag k="railway:traction" v="electric"/>
  </relation>
  <relation id="-402592" version="1">
    <member type="relation" ref="-402589" role=""/>
    <member type="relation" ref="-402590" role=""/>
    <member type="relation" ref="-402591" role=""/>
    <tag k="type" v="chronology"/>
    <tag k="name" v="Benning Road – Kenilworth branch"/>
    <tag k="network" v="Washington, D.C. streetcars"/>
    <tag k="operator" v="Columbia Railway"/>
    <tag k="start_date" v="1898"/>
    <tag k="end_date" v="1949"/>
    <tag k="ref:streetcar_project" v="L16"/>
    <tag k="ref" v="10"/>
    <tag k="description" v="Later operators: WRECo; Capital Transit"/>
    <tag k="source" v="WP; CRF; MPD"/>
  </relation>
  <relation id="-402593" version="1">
    <member type="way" ref="-100425" role=""/>
    <member type="way" ref="-100424" role=""/>
    <member type="way" ref="-100422" role=""/>
    <member type="way" ref="-100012" role=""/>
    <tag k="type" v="route"/>
    <tag k="route" v="tram"/>
    <tag k="name" v="Seat Pleasant branch (1900–1902)"/>
    <tag k="network" v="Washington, D.C. streetcars"/>
    <tag k="operator" v="Columbia Railway"/>
    <tag k="start_date" v="1900"/>
    <tag k="end_date" v="1902"/>
    <tag k="ref:streetcar_project" v="L17"/>
    <tag k="railway:traction" v="electric"/>
  </relation>
  <relation id="-402594" version="1">
    <member type="way" ref="-100425" role=""/>
    <member type="way" ref="-100424" role=""/>
    <member type="way" ref="-100422" role=""/>
    <member type="way" ref="-100012" role=""/>
    <tag k="type" v="route"/>
    <tag k="route" v="tram"/>
    <tag k="name" v="Seat Pleasant branch (1902–1934)"/>
    <tag k="network" v="Washington, D.C. streetcars"/>
    <tag k="operator" v="Washington Railway &amp; Electric"/>
    <tag k="start_date" v="1902"/>
    <tag k="end_date" v="1934"/>
    <tag k="ref:streetcar_project" v="L17"/>
    <tag k="railway:traction" v="electric"/>
  </relation>
  <relation id="-402595" version="1">
    <member type="way" ref="-100425" role=""/>
    <member type="way" ref="-100424" role=""/>
    <member type="way" ref="-100422" role=""/>
    <member type="way" ref="-100012" role=""/>
    <tag k="type" v="route"/>
    <tag k="route" v="tram"/>
    <tag k="name" v="Seat Pleasant branch (1934–1949)"/>
    <tag k="network" v="Washington, D.C. streetcars"/>
    <tag k="operator" v="Capital Transit"/>
    <tag k="start_date" v="1934"/>
    <tag k="end_date" v="1949"/>
    <tag k="ref:streetcar_project" v="L17"/>
    <tag k="railway:traction" v="electric"/>
  </relation>
  <relation id="-402596" version="1">
    <member type="relation" ref="-402593" role=""/>
    <member type="relation" ref="-402594" role=""/>
    <member type="relation" ref="-402595" role=""/>
    <tag k="type" v="chronology"/>
    <tag k="name" v="Seat Pleasant branch"/>
    <tag k="network" v="Washington, D.C. streetcars"/>
    <tag k="operator" v="Columbia Railway"/>
    <tag k="start_date" v="1900"/>
    <tag k="end_date" v="1949"/>
    <tag k="ref:streetcar_project" v="L17"/>
    <tag k="ref" v="12"/>
    <tag k="description" v="Later operators: WRECo; Capital Transit"/>
    <tag k="source" v="WP; MPD; CRF"/>
  </relation>
  <relation id="-402597" version="1">
    <member type="way" ref="-100347" role=""/>
    <member type="way" ref="-100184" role=""/>
    <member type="way" ref="-100345" role=""/>
    <member type="way" ref="-100039" role=""/>
    <member type="way" ref="-100342" role=""/>
    <member type="way" ref="-100219" role=""/>
    <member type="way" ref="-100053" role=""/>
    <tag k="type" v="route"/>
    <tag k="route" v="tram"/>
    <tag k="name" v="Anacostia &amp; Potomac River Railroad main line (1875–1888)"/>
    <tag k="network" v="Washington, D.C. streetcars"/>
    <tag k="operator" v="Anacostia &amp; Potomac River Railroad"/>
    <tag k="start_date" v="1875"/>
    <tag k="end_date" v="1888"/>
    <tag k="ref:streetcar_project" v="L18"/>
    <tag k="railway:traction" v="horse"/>
  </relation>
  <relation id="-402598" version="1">
    <member type="way" ref="-100347" role=""/>
    <member type="way" ref="-100184" role=""/>
    <member type="way" ref="-100345" role=""/>
    <member type="way" ref="-100039" role=""/>
    <member type="way" ref="-100342" role=""/>
    <member type="way" ref="-100219" role=""/>
    <member type="way" ref="-100053" role=""/>
    <member type="way" ref="-100037" role=""/>
    <member type="way" ref="-100128" role=""/>
    <member type="way" ref="-100357" role=""/>
    <member type="way" ref="-100231" role=""/>
    <member type="way" ref="-100206" role=""/>
    <member type="way" ref="-100150" role=""/>
    <member type="way" ref="-100126" role=""/>
    <member type="way" ref="-100084" role=""/>
    <member type="way" ref="-100376" role=""/>
    <member type="way" ref="-100329" role=""/>
    <member type="way" ref="-100408" role=""/>
    <member type="way" ref="-100380" role=""/>
    <member type="way" ref="-100381" role=""/>
    <member type="way" ref="-100035" role=""/>
    <tag k="type" v="route"/>
    <tag k="route" v="tram"/>
    <tag k="name" v="Anacostia &amp; Potomac River Railroad main line (1888–1900)"/>
    <tag k="network" v="Washington, D.C. streetcars"/>
    <tag k="operator" v="Anacostia &amp; Potomac River Railroad"/>
    <tag k="start_date" v="1888"/>
    <tag k="end_date" v="1900"/>
    <tag k="ref:streetcar_project" v="L18"/>
    <tag k="railway:traction" v="horse"/>
  </relation>
  <relation id="-402599" version="1">
    <member type="way" ref="-100347" role=""/>
    <member type="way" ref="-100184" role=""/>
    <member type="way" ref="-100071" role=""/>
    <member type="way" ref="-100289" role=""/>
    <member type="way" ref="-100376" role=""/>
    <member type="way" ref="-100329" role=""/>
    <member type="way" ref="-100408" role=""/>
    <member type="way" ref="-100380" role=""/>
    <member type="way" ref="-100381" role=""/>
    <member type="way" ref="-100035" role=""/>
    <member type="way" ref="-100357" role=""/>
    <member type="way" ref="-100231" role=""/>
    <member type="way" ref="-100131" role=""/>
    <member type="way" ref="-100053" role=""/>
    <member type="way" ref="-100037" role=""/>
    <member type="way" ref="-100084" role=""/>
    <tag k="type" v="route"/>
    <tag k="route" v="tram"/>
    <tag k="name" v="Anacostia &amp; Potomac River Railroad main line (1900–1912)"/>
    <tag k="network" v="Washington, D.C. streetcars"/>
    <tag k="operator" v="Anacostia &amp; Potomac River Railroad"/>
    <tag k="start_date" v="1900"/>
    <tag k="end_date" v="1912"/>
    <tag k="ref:streetcar_project" v="L18"/>
    <tag k="railway:traction" v="electric"/>
  </relation>
  <relation id="-402600" version="1">
    <member type="way" ref="-100347" role=""/>
    <member type="way" ref="-100184" role=""/>
    <member type="way" ref="-100071" role=""/>
    <member type="way" ref="-100289" role=""/>
    <member type="way" ref="-100376" role=""/>
    <member type="way" ref="-100329" role=""/>
    <member type="way" ref="-100408" role=""/>
    <member type="way" ref="-100380" role=""/>
    <member type="way" ref="-100381" role=""/>
    <member type="way" ref="-100035" role=""/>
    <member type="way" ref="-100357" role=""/>
    <member type="way" ref="-100231" role=""/>
    <member type="way" ref="-100131" role=""/>
    <member type="way" ref="-100053" role=""/>
    <member type="way" ref="-100037" role=""/>
    <member type="way" ref="-100084" role=""/>
    <tag k="type" v="route"/>
    <tag k="route" v="tram"/>
    <tag k="name" v="Anacostia &amp; Potomac River Railroad main line (1912–1934)"/>
    <tag k="network" v="Washington, D.C. streetcars"/>
    <tag k="operator" v="Washington Railway &amp; Electric"/>
    <tag k="start_date" v="1912"/>
    <tag k="end_date" v="1934"/>
    <tag k="ref:streetcar_project" v="L18"/>
    <tag k="railway:traction" v="electric"/>
  </relation>
  <relation id="-402601" version="1">
    <member type="way" ref="-100347" role=""/>
    <member type="way" ref="-100184" role=""/>
    <member type="way" ref="-100071" role=""/>
    <member type="way" ref="-100289" role=""/>
    <member type="way" ref="-100376" role=""/>
    <member type="way" ref="-100329" role=""/>
    <member type="way" ref="-100408" role=""/>
    <member type="way" ref="-100380" role=""/>
    <member type="way" ref="-100381" role=""/>
    <member type="way" ref="-100035" role=""/>
    <member type="way" ref="-100357" role=""/>
    <member type="way" ref="-100231" role=""/>
    <member type="way" ref="-100131" role=""/>
    <member type="way" ref="-100053" role=""/>
    <member type="way" ref="-100037" role=""/>
    <member type="way" ref="-100084" role=""/>
    <tag k="type" v="route"/>
    <tag k="route" v="tram"/>
    <tag k="name" v="Anacostia &amp; Potomac River Railroad main line (1934–1935)"/>
    <tag k="network" v="Washington, D.C. streetcars"/>
    <tag k="operator" v="Capital Transit"/>
    <tag k="start_date" v="1934"/>
    <tag k="end_date" v="1935"/>
    <tag k="ref:streetcar_project" v="L18"/>
    <tag k="end_date:edtf" v="1935~"/>
    <tag k="railway:traction" v="electric"/>
  </relation>
  <relation id="-402602" version="1">
    <member type="relation" ref="-402597" role=""/>
    <member type="relation" ref="-402598" role=""/>
    <member type="relation" ref="-402599" role=""/>
    <member type="relation" ref="-402600" role=""/>
    <member type="relation" ref="-402601" role=""/>
    <tag k="type" v="chronology"/>
    <tag k="name" v="Anacostia &amp; Potomac River Railroad main line"/>
    <tag k="network" v="Washington, D.C. streetcars"/>
    <tag k="operator" v="Anacostia &amp; Potomac River Railroad"/>
    <tag k="start_date" v="1875"/>
    <tag k="end_date" v="1935"/>
    <tag k="ref:streetcar_project" v="L18"/>
    <tag k="end_date:edtf" v="1935~"/>
    <tag k="ref" v="54"/>
    <tag k="description" v="Later operators: WRECo (controlling stock 1912); Capital Transit"/>
    <tag k="source" v="WP; MPD; MAP1880; MAP1910; MAP1924; MAP1942"/>
  </relation>
  <relation id="-402603" version="1">
    <member type="way" ref="-100314" role=""/>
    <member type="way" ref="-100340" role=""/>
    <member type="way" ref="-100290" role=""/>
    <member type="way" ref="-100303" role=""/>
    <member type="way" ref="-100079" role=""/>
    <member type="way" ref="-100353" role=""/>
    <member type="way" ref="-100078" role=""/>
    <member type="way" ref="-100164" role=""/>
    <tag k="type" v="route"/>
    <tag k="route" v="tram"/>
    <tag k="name" v="11th Street line (1875–1900)"/>
    <tag k="network" v="Washington, D.C. streetcars"/>
    <tag k="operator" v="Belt Railway"/>
    <tag k="start_date" v="1875"/>
    <tag k="end_date" v="1900"/>
    <tag k="ref:streetcar_project" v="L19"/>
    <tag k="railway:traction" v="horse"/>
  </relation>
  <relation id="-402604" version="1">
    <member type="way" ref="-100314" role=""/>
    <member type="way" ref="-100340" role=""/>
    <member type="way" ref="-100290" role=""/>
    <member type="way" ref="-100303" role=""/>
    <member type="way" ref="-100079" role=""/>
    <member type="way" ref="-100353" role=""/>
    <member type="way" ref="-100078" role=""/>
    <member type="way" ref="-100164" role=""/>
    <tag k="type" v="route"/>
    <tag k="route" v="tram"/>
    <tag k="name" v="11th Street line (1900–1902)"/>
    <tag k="network" v="Washington, D.C. streetcars"/>
    <tag k="operator" v="Belt Railway"/>
    <tag k="start_date" v="1900"/>
    <tag k="end_date" v="1902"/>
    <tag k="ref:streetcar_project" v="L19"/>
    <tag k="railway:traction" v="electric"/>
  </relation>
  <relation id="-402605" version="1">
    <member type="way" ref="-100314" role=""/>
    <member type="way" ref="-100340" role=""/>
    <member type="way" ref="-100290" role=""/>
    <member type="way" ref="-100303" role=""/>
    <member type="way" ref="-100079" role=""/>
    <member type="way" ref="-100353" role=""/>
    <member type="way" ref="-100078" role=""/>
    <member type="way" ref="-100164" role=""/>
    <member type="way" ref="-100066" role=""/>
    <member type="way" ref="-100203" role=""/>
    <tag k="type" v="route"/>
    <tag k="route" v="tram"/>
    <tag k="name" v="11th Street line (1902–1912)"/>
    <tag k="network" v="Washington, D.C. streetcars"/>
    <tag k="operator" v="Belt Railway"/>
    <tag k="start_date" v="1902"/>
    <tag k="end_date" v="1912"/>
    <tag k="ref:streetcar_project" v="L19"/>
    <tag k="railway:traction" v="electric"/>
  </relation>
  <relation id="-402606" version="1">
    <member type="way" ref="-100314" role=""/>
    <member type="way" ref="-100340" role=""/>
    <member type="way" ref="-100290" role=""/>
    <member type="way" ref="-100303" role=""/>
    <member type="way" ref="-100079" role=""/>
    <member type="way" ref="-100353" role=""/>
    <member type="way" ref="-100078" role=""/>
    <member type="way" ref="-100164" role=""/>
    <member type="way" ref="-100066" role=""/>
    <member type="way" ref="-100203" role=""/>
    <tag k="type" v="route"/>
    <tag k="route" v="tram"/>
    <tag k="name" v="11th Street line (1912–1934)"/>
    <tag k="network" v="Washington, D.C. streetcars"/>
    <tag k="operator" v="Washington Railway &amp; Electric"/>
    <tag k="start_date" v="1912"/>
    <tag k="end_date" v="1934"/>
    <tag k="ref:streetcar_project" v="L19"/>
    <tag k="railway:traction" v="electric"/>
  </relation>
  <relation id="-402607" version="1">
    <member type="way" ref="-100314" role=""/>
    <member type="way" ref="-100340" role=""/>
    <member type="way" ref="-100290" role=""/>
    <member type="way" ref="-100303" role=""/>
    <member type="way" ref="-100079" role=""/>
    <member type="way" ref="-100353" role=""/>
    <member type="way" ref="-100078" role=""/>
    <member type="way" ref="-100164" role=""/>
    <member type="way" ref="-100066" role=""/>
    <member type="way" ref="-100203" role=""/>
    <tag k="type" v="route"/>
    <tag k="route" v="tram"/>
    <tag k="name" v="11th Street line (1934–1956)"/>
    <tag k="network" v="Washington, D.C. streetcars"/>
    <tag k="operator" v="Capital Transit"/>
    <tag k="start_date" v="1934"/>
    <tag k="end_date" v="1956"/>
    <tag k="ref:streetcar_project" v="L19"/>
    <tag k="railway:traction" v="electric"/>
  </relation>
  <relation id="-402608" version="1">
    <member type="way" ref="-100314" role=""/>
    <member type="way" ref="-100340" role=""/>
    <member type="way" ref="-100290" role=""/>
    <member type="way" ref="-100303" role=""/>
    <member type="way" ref="-100079" role=""/>
    <member type="way" ref="-100353" role=""/>
    <member type="way" ref="-100078" role=""/>
    <member type="way" ref="-100164" role=""/>
    <member type="way" ref="-100066" role=""/>
    <member type="way" ref="-100203" role=""/>
    <tag k="type" v="route"/>
    <tag k="route" v="tram"/>
    <tag k="name" v="11th Street line (1956–1961)"/>
    <tag k="network" v="Washington, D.C. streetcars"/>
    <tag k="operator" v="D.C. Transit"/>
    <tag k="start_date" v="1956"/>
    <tag k="end_date" v="1961"/>
    <tag k="ref:streetcar_project" v="L19"/>
    <tag k="ref" v="60;62;64"/>
    <tag k="railway:traction" v="electric"/>
  </relation>
  <relation id="-402609" version="1">
    <member type="relation" ref="-402603" role=""/>
    <member type="relation" ref="-402604" role=""/>
    <member type="relation" ref="-402605" role=""/>
    <member type="relation" ref="-402606" role=""/>
    <member type="relation" ref="-402607" role=""/>
    <member type="relation" ref="-402608" role=""/>
    <tag k="type" v="chronology"/>
    <tag k="name" v="11th Street line"/>
    <tag k="network" v="Washington, D.C. streetcars"/>
    <tag k="operator" v="Belt Railway (11th St line, 1881); extended by the A&amp;PR (1898)"/>
    <tag k="start_date" v="1875"/>
    <tag k="end_date" v="1961"/>
    <tag k="ref:streetcar_project" v="L19"/>
    <tag k="ref" v="60;62;64"/>
    <tag k="description" v="Later operators: Washington Traction &amp; Electric; WRECo; Capital Transit; D.C. Transit"/>
    <tag k="source" v="MPD; CRF; GDC; LAWS"/>
  </relation>
  <relation id="-402610" version="1">
    <member type="way" ref="-100205" role=""/>
    <member type="way" ref="-100157" role=""/>
    <member type="way" ref="-100385" role=""/>
    <member type="way" ref="-100390" role=""/>
    <member type="way" ref="-100386" role=""/>
    <member type="way" ref="-100264" role=""/>
    <member type="way" ref="-100335" role=""/>
    <member type="way" ref="-100334" role=""/>
    <member type="way" ref="-100110" role=""/>
    <member type="way" ref="-100333" role=""/>
    <tag k="type" v="route"/>
    <tag k="route" v="tram"/>
    <tag k="name" v="Capital Railway – Anacostia–Congress Heights (1896–1912)"/>
    <tag k="network" v="Washington, D.C. streetcars"/>
    <tag k="operator" v="Capital Railway"/>
    <tag k="start_date" v="1896"/>
    <tag k="end_date" v="1912"/>
    <tag k="ref:streetcar_project" v="L20"/>
    <tag k="railway:traction" v="electric"/>
  </relation>
  <relation id="-402611" version="1">
    <member type="way" ref="-100205" role=""/>
    <member type="way" ref="-100157" role=""/>
    <member type="way" ref="-100385" role=""/>
    <member type="way" ref="-100390" role=""/>
    <member type="way" ref="-100386" role=""/>
    <member type="way" ref="-100264" role=""/>
    <member type="way" ref="-100335" role=""/>
    <member type="way" ref="-100334" role=""/>
    <member type="way" ref="-100110" role=""/>
    <member type="way" ref="-100333" role=""/>
    <tag k="type" v="route"/>
    <tag k="route" v="tram"/>
    <tag k="name" v="Capital Railway – Anacostia–Congress Heights (1912–1934)"/>
    <tag k="network" v="Washington, D.C. streetcars"/>
    <tag k="operator" v="Washington Railway &amp; Electric"/>
    <tag k="start_date" v="1912"/>
    <tag k="end_date" v="1934"/>
    <tag k="ref:streetcar_project" v="L20"/>
    <tag k="railway:traction" v="electric"/>
  </relation>
  <relation id="-402612" version="1">
    <member type="way" ref="-100205" role=""/>
    <member type="way" ref="-100157" role=""/>
    <member type="way" ref="-100385" role=""/>
    <member type="way" ref="-100390" role=""/>
    <member type="way" ref="-100386" role=""/>
    <member type="way" ref="-100264" role=""/>
    <member type="way" ref="-100335" role=""/>
    <member type="way" ref="-100334" role=""/>
    <member type="way" ref="-100110" role=""/>
    <member type="way" ref="-100333" role=""/>
    <tag k="type" v="route"/>
    <tag k="route" v="tram"/>
    <tag k="name" v="Capital Railway – Anacostia–Congress Heights (1934–1935)"/>
    <tag k="network" v="Washington, D.C. streetcars"/>
    <tag k="operator" v="Capital Transit"/>
    <tag k="start_date" v="1934"/>
    <tag k="end_date" v="1935"/>
    <tag k="ref:streetcar_project" v="L20"/>
    <tag k="railway:traction" v="electric"/>
  </relation>
  <relation id="-402613" version="1">
    <member type="relation" ref="-402610" role=""/>
    <member type="relation" ref="-402611" role=""/>
    <member type="relation" ref="-402612" role=""/>
    <tag k="type" v="chronology"/>
    <tag k="name" v="Capital Railway – Anacostia–Congress Heights"/>
    <tag k="network" v="Washington, D.C. streetcars"/>
    <tag k="operator" v="Capital Railway (chartered Mar 2, 1895)"/>
    <tag k="start_date" v="1896"/>
    <tag k="end_date" v="1935"/>
    <tag k="ref:streetcar_project" v="L20"/>
    <tag k="description" v="Later operators: A&amp;PR (1899); WRECo; Capital Transit"/>
    <tag k="source" v="WP; MPD; CRF"/>
  </relation>
  <relation id="-402614" version="1">
    <member type="way" ref="-100334" role=""/>
    <member type="way" ref="-100335" role=""/>
    <member type="way" ref="-100333" role=""/>
    <member type="way" ref="-100264" role=""/>
    <member type="way" ref="-100390" role=""/>
    <member type="way" ref="-100386" role=""/>
    <member type="way" ref="-100385" role=""/>
    <member type="way" ref="-100165" role=""/>
    <member type="way" ref="-100205" role=""/>
    <member type="way" ref="-100194" role=""/>
    <tag k="type" v="route"/>
    <tag k="route" v="tram"/>
    <tag k="name" v="Portland Street / Firth Sterling spur (1912–1923)"/>
    <tag k="network" v="Washington, D.C. streetcars"/>
    <tag k="operator" v="Washington Railway &amp; Electric"/>
    <tag k="start_date" v="1912"/>
    <tag k="end_date" v="1923"/>
    <tag k="ref:streetcar_project" v="L21"/>
    <tag k="railway:traction" v="electric"/>
  </relation>
  <relation id="-402615" version="1">
    <member type="relation" ref="-402614" role=""/>
    <tag k="type" v="chronology"/>
    <tag k="name" v="Portland Street / Firth Sterling spur"/>
    <tag k="network" v="Washington, D.C. streetcars"/>
    <tag k="operator" v="WRECo"/>
    <tag k="start_date" v="1912"/>
    <tag k="end_date" v="1923"/>
    <tag k="ref:streetcar_project" v="L21"/>
    <tag k="source" v="MPD"/>
  </relation>
  <relation id="-402616" version="1">
    <member type="way" ref="-100353" role=""/>
    <member type="way" ref="-100227" role=""/>
    <member type="way" ref="-100274" role=""/>
    <member type="way" ref="-100140" role=""/>
    <member type="way" ref="-100166" role=""/>
    <member type="way" ref="-100238" role=""/>
    <member type="way" ref="-100170" role=""/>
    <member type="way" ref="-100319" role=""/>
    <member type="way" ref="-100363" role=""/>
    <member type="way" ref="-100251" role=""/>
    <member type="way" ref="-100252" role=""/>
    <member type="way" ref="-100265" role=""/>
    <member type="way" ref="-100196" role=""/>
    <member type="way" ref="-100329" role=""/>
    <member type="way" ref="-100376" role=""/>
    <member type="way" ref="-100172" role=""/>
    <member type="way" ref="-100409" role=""/>
    <member type="way" ref="-100089" role=""/>
    <member type="way" ref="-100347" role=""/>
    <member type="way" ref="-100044" role=""/>
    <member type="way" ref="-100075" role=""/>
    <member type="way" ref="-100446" role=""/>
    <member type="way" ref="-100159" role=""/>
    <member type="way" ref="-100314" role=""/>
    <member type="way" ref="-100340" role=""/>
    <member type="way" ref="-100290" role=""/>
    <member type="way" ref="-100303" role=""/>
    <member type="way" ref="-100079" role=""/>
    <member type="way" ref="-100232" role=""/>
    <member type="way" ref="-100199" role=""/>
    <member type="way" ref="-100442" role=""/>
    <member type="way" ref="-100443" role=""/>
    <tag k="type" v="route"/>
    <tag k="route" v="tram"/>
    <tag k="name" v="Belt Railway loop (1875–1876)"/>
    <tag k="network" v="Washington, D.C. streetcars"/>
    <tag k="operator" v="Capitol, North O Street &amp; South Washington Railway"/>
    <tag k="start_date" v="1875"/>
    <tag k="end_date" v="1876"/>
    <tag k="ref:streetcar_project" v="L22"/>
    <tag k="railway:traction" v="horse"/>
  </relation>
  <relation id="-402617" version="1">
    <member type="way" ref="-100238" role=""/>
    <member type="way" ref="-100170" role=""/>
    <member type="way" ref="-100319" role=""/>
    <member type="way" ref="-100363" role=""/>
    <member type="way" ref="-100251" role=""/>
    <member type="way" ref="-100252" role=""/>
    <member type="way" ref="-100265" role=""/>
    <member type="way" ref="-100196" role=""/>
    <member type="way" ref="-100329" role=""/>
    <member type="way" ref="-100376" role=""/>
    <member type="way" ref="-100172" role=""/>
    <member type="way" ref="-100409" role=""/>
    <member type="way" ref="-100089" role=""/>
    <member type="way" ref="-100347" role=""/>
    <member type="way" ref="-100044" role=""/>
    <member type="way" ref="-100075" role=""/>
    <member type="way" ref="-100446" role=""/>
    <member type="way" ref="-100159" role=""/>
    <member type="way" ref="-100314" role=""/>
    <member type="way" ref="-100340" role=""/>
    <member type="way" ref="-100290" role=""/>
    <member type="way" ref="-100303" role=""/>
    <member type="way" ref="-100079" role=""/>
    <member type="way" ref="-100353" role=""/>
    <member type="way" ref="-100222" role=""/>
    <member type="way" ref="-100275" role=""/>
    <member type="way" ref="-100144" role=""/>
    <member type="way" ref="-100367" role=""/>
    <member type="way" ref="-100166" role=""/>
    <member type="way" ref="-100227" role=""/>
    <member type="way" ref="-100274" role=""/>
    <member type="way" ref="-100140" role=""/>
    <member type="way" ref="-100232" role=""/>
    <member type="way" ref="-100199" role=""/>
    <member type="way" ref="-100442" role=""/>
    <member type="way" ref="-100443" role=""/>
    <tag k="type" v="route"/>
    <tag k="route" v="tram"/>
    <tag k="name" v="Belt Railway loop (1876–1899)"/>
    <tag k="network" v="Washington, D.C. streetcars"/>
    <tag k="operator" v="Capitol, North O Street &amp; South Washington Railway"/>
    <tag k="start_date" v="1876"/>
    <tag k="end_date" v="1899"/>
    <tag k="ref:streetcar_project" v="L22"/>
    <tag k="railway:traction" v="horse"/>
  </relation>
  <relation id="-402618" version="1">
    <member type="way" ref="-100238" role=""/>
    <member type="way" ref="-100170" role=""/>
    <member type="way" ref="-100319" role=""/>
    <member type="way" ref="-100363" role=""/>
    <member type="way" ref="-100251" role=""/>
    <member type="way" ref="-100252" role=""/>
    <member type="way" ref="-100265" role=""/>
    <member type="way" ref="-100196" role=""/>
    <member type="way" ref="-100329" role=""/>
    <member type="way" ref="-100376" role=""/>
    <member type="way" ref="-100172" role=""/>
    <member type="way" ref="-100409" role=""/>
    <member type="way" ref="-100089" role=""/>
    <member type="way" ref="-100347" role=""/>
    <member type="way" ref="-100044" role=""/>
    <member type="way" ref="-100075" role=""/>
    <member type="way" ref="-100446" role=""/>
    <member type="way" ref="-100159" role=""/>
    <member type="way" ref="-100314" role=""/>
    <member type="way" ref="-100340" role=""/>
    <member type="way" ref="-100290" role=""/>
    <member type="way" ref="-100303" role=""/>
    <member type="way" ref="-100079" role=""/>
    <member type="way" ref="-100353" role=""/>
    <member type="way" ref="-100222" role=""/>
    <member type="way" ref="-100275" role=""/>
    <member type="way" ref="-100144" role=""/>
    <member type="way" ref="-100367" role=""/>
    <member type="way" ref="-100166" role=""/>
    <member type="way" ref="-100227" role=""/>
    <member type="way" ref="-100274" role=""/>
    <member type="way" ref="-100140" role=""/>
    <member type="way" ref="-100232" role=""/>
    <member type="way" ref="-100199" role=""/>
    <member type="way" ref="-100442" role=""/>
    <member type="way" ref="-100443" role=""/>
    <tag k="type" v="route"/>
    <tag k="route" v="tram"/>
    <tag k="name" v="Belt Railway loop (1899–1912)"/>
    <tag k="network" v="Washington, D.C. streetcars"/>
    <tag k="operator" v="Capitol, North O Street &amp; South Washington Railway"/>
    <tag k="start_date" v="1899"/>
    <tag k="end_date" v="1912"/>
    <tag k="ref:streetcar_project" v="L22"/>
    <tag k="railway:traction" v="electric"/>
  </relation>
  <relation id="-402619" version="1">
    <member type="way" ref="-100238" role=""/>
    <member type="way" ref="-100170" role=""/>
    <member type="way" ref="-100319" role=""/>
    <member type="way" ref="-100363" role=""/>
    <member type="way" ref="-100251" role=""/>
    <member type="way" ref="-100252" role=""/>
    <member type="way" ref="-100265" role=""/>
    <member type="way" ref="-100196" role=""/>
    <member type="way" ref="-100329" role=""/>
    <member type="way" ref="-100376" role=""/>
    <member type="way" ref="-100172" role=""/>
    <member type="way" ref="-100409" role=""/>
    <member type="way" ref="-100089" role=""/>
    <member type="way" ref="-100347" role=""/>
    <member type="way" ref="-100044" role=""/>
    <member type="way" ref="-100075" role=""/>
    <member type="way" ref="-100446" role=""/>
    <member type="way" ref="-100159" role=""/>
    <member type="way" ref="-100314" role=""/>
    <member type="way" ref="-100340" role=""/>
    <member type="way" ref="-100290" role=""/>
    <member type="way" ref="-100303" role=""/>
    <member type="way" ref="-100079" role=""/>
    <member type="way" ref="-100353" role=""/>
    <member type="way" ref="-100222" role=""/>
    <member type="way" ref="-100275" role=""/>
    <member type="way" ref="-100144" role=""/>
    <member type="way" ref="-100367" role=""/>
    <member type="way" ref="-100166" role=""/>
    <member type="way" ref="-100227" role=""/>
    <member type="way" ref="-100274" role=""/>
    <member type="way" ref="-100140" role=""/>
    <member type="way" ref="-100232" role=""/>
    <member type="way" ref="-100199" role=""/>
    <member type="way" ref="-100442" role=""/>
    <member type="way" ref="-100443" role=""/>
    <tag k="type" v="route"/>
    <tag k="route" v="tram"/>
    <tag k="name" v="Belt Railway loop (1912–1933)"/>
    <tag k="network" v="Washington, D.C. streetcars"/>
    <tag k="operator" v="Washington Railway &amp; Electric"/>
    <tag k="start_date" v="1912"/>
    <tag k="end_date" v="1933"/>
    <tag k="ref:streetcar_project" v="L22"/>
    <tag k="end_date:edtf" v="1933~"/>
    <tag k="railway:traction" v="electric"/>
  </relation>
  <relation id="-402620" version="1">
    <member type="relation" ref="-402616" role=""/>
    <member type="relation" ref="-402617" role=""/>
    <member type="relation" ref="-402618" role=""/>
    <member type="relation" ref="-402619" role=""/>
    <tag k="type" v="chronology"/>
    <tag k="name" v="Belt Railway loop"/>
    <tag k="network" v="Washington, D.C. streetcars"/>
    <tag k="operator" v="Capitol, North O Street &amp; South Washington Railway (renamed Belt Railway 1893)"/>
    <tag k="start_date" v="1875"/>
    <tag k="end_date" v="1933"/>
    <tag k="ref:streetcar_project" v="L22"/>
    <tag k="end_date:edtf" v="1933~"/>
    <tag k="description" v="Later operators: Anacostia &amp; Potomac River (1898); WRECo"/>
    <tag k="source" v="WP; MPD"/>
  </relation>
  <relation id="-402621" version="1">
    <member type="way" ref="-100330" role=""/>
    <member type="way" ref="-100318" role=""/>
    <member type="way" ref="-100193" role=""/>
    <member type="way" ref="-100148" role=""/>
    <member type="way" ref="-100216" role=""/>
    <member type="way" ref="-100232" role=""/>
    <member type="way" ref="-100316" role=""/>
    <member type="way" ref="-100124" role=""/>
    <member type="way" ref="-100177" role=""/>
    <member type="way" ref="-100147" role=""/>
    <tag k="type" v="route"/>
    <tag k="route" v="tram"/>
    <tag k="name" v="Eckington &amp; Soldiers&apos; Home Railway (1888–1902)"/>
    <tag k="network" v="Washington, D.C. streetcars"/>
    <tag k="operator" v="Eckington &amp; Soldiers&apos; Home Railway"/>
    <tag k="start_date" v="1888"/>
    <tag k="end_date" v="1902"/>
    <tag k="ref:streetcar_project" v="L23"/>
    <tag k="railway:traction" v="electric"/>
  </relation>
  <relation id="-402622" version="1">
    <member type="way" ref="-100330" role=""/>
    <member type="way" ref="-100318" role=""/>
    <member type="way" ref="-100193" role=""/>
    <member type="way" ref="-100148" role=""/>
    <member type="way" ref="-100216" role=""/>
    <member type="way" ref="-100232" role=""/>
    <member type="way" ref="-100316" role=""/>
    <member type="way" ref="-100124" role=""/>
    <member type="way" ref="-100177" role=""/>
    <member type="way" ref="-100147" role=""/>
    <tag k="type" v="route"/>
    <tag k="route" v="tram"/>
    <tag k="name" v="Eckington &amp; Soldiers&apos; Home Railway (1902–1934)"/>
    <tag k="network" v="Washington, D.C. streetcars"/>
    <tag k="operator" v="Washington Railway &amp; Electric"/>
    <tag k="start_date" v="1902"/>
    <tag k="end_date" v="1934"/>
    <tag k="ref:streetcar_project" v="L23"/>
    <tag k="railway:traction" v="electric"/>
  </relation>
  <relation id="-402623" version="1">
    <member type="way" ref="-100330" role=""/>
    <member type="way" ref="-100318" role=""/>
    <member type="way" ref="-100193" role=""/>
    <member type="way" ref="-100148" role=""/>
    <member type="way" ref="-100216" role=""/>
    <member type="way" ref="-100232" role=""/>
    <member type="way" ref="-100316" role=""/>
    <member type="way" ref="-100124" role=""/>
    <member type="way" ref="-100177" role=""/>
    <member type="way" ref="-100147" role=""/>
    <tag k="type" v="route"/>
    <tag k="route" v="tram"/>
    <tag k="name" v="Eckington &amp; Soldiers&apos; Home Railway (1934–1956)"/>
    <tag k="network" v="Washington, D.C. streetcars"/>
    <tag k="operator" v="Capital Transit"/>
    <tag k="start_date" v="1934"/>
    <tag k="end_date" v="1956"/>
    <tag k="ref:streetcar_project" v="L23"/>
    <tag k="railway:traction" v="electric"/>
  </relation>
  <relation id="-402624" version="1">
    <member type="way" ref="-100330" role=""/>
    <member type="way" ref="-100318" role=""/>
    <member type="way" ref="-100193" role=""/>
    <member type="way" ref="-100148" role=""/>
    <member type="way" ref="-100216" role=""/>
    <member type="way" ref="-100232" role=""/>
    <member type="way" ref="-100316" role=""/>
    <member type="way" ref="-100124" role=""/>
    <member type="way" ref="-100177" role=""/>
    <member type="way" ref="-100147" role=""/>
    <tag k="type" v="route"/>
    <tag k="route" v="tram"/>
    <tag k="name" v="Eckington &amp; Soldiers&apos; Home Railway (1956–1958)"/>
    <tag k="network" v="Washington, D.C. streetcars"/>
    <tag k="operator" v="D.C. Transit"/>
    <tag k="start_date" v="1956"/>
    <tag k="end_date" v="1958"/>
    <tag k="ref:streetcar_project" v="L23"/>
    <tag k="end_date:edtf" v="1958~"/>
    <tag k="railway:traction" v="electric"/>
  </relation>
  <relation id="-402625" version="1">
    <member type="relation" ref="-402621" role=""/>
    <member type="relation" ref="-402622" role=""/>
    <member type="relation" ref="-402623" role=""/>
    <member type="relation" ref="-402624" role=""/>
    <tag k="type" v="chronology"/>
    <tag k="name" v="Eckington &amp; Soldiers&apos; Home Railway"/>
    <tag k="network" v="Washington, D.C. streetcars"/>
    <tag k="operator" v="Eckington &amp; Soldiers&apos; Home Railway"/>
    <tag k="start_date" v="1888"/>
    <tag k="end_date" v="1958"/>
    <tag k="ref:streetcar_project" v="L23"/>
    <tag k="end_date:edtf" v="1958~"/>
    <tag k="description" v="Later operators: City &amp; Suburban (1898); WRECo; Capital Transit"/>
    <tag k="source" v="WP; MPD"/>
  </relation>
  <relation id="-402626" version="1">
    <member type="way" ref="-100151" role=""/>
    <member type="way" ref="-100051" role=""/>
    <tag k="type" v="route"/>
    <tag k="route" v="tram"/>
    <tag k="name" v="NE 4th Street branch (1888–1902)"/>
    <tag k="network" v="Washington, D.C. streetcars"/>
    <tag k="operator" v="Eckington &amp; Soldiers&apos; Home Railway"/>
    <tag k="start_date" v="1888"/>
    <tag k="end_date" v="1902"/>
    <tag k="ref:streetcar_project" v="L24"/>
    <tag k="railway:traction" v="electric"/>
  </relation>
  <relation id="-402627" version="1">
    <member type="way" ref="-100151" role=""/>
    <member type="way" ref="-100051" role=""/>
    <tag k="type" v="route"/>
    <tag k="route" v="tram"/>
    <tag k="name" v="NE 4th Street branch (1902–1925)"/>
    <tag k="network" v="Washington, D.C. streetcars"/>
    <tag k="operator" v="Washington Railway &amp; Electric"/>
    <tag k="start_date" v="1902"/>
    <tag k="end_date" v="1925"/>
    <tag k="ref:streetcar_project" v="L24"/>
    <tag k="railway:traction" v="electric"/>
  </relation>
  <relation id="-402628" version="1">
    <member type="relation" ref="-402626" role=""/>
    <member type="relation" ref="-402627" role=""/>
    <tag k="type" v="chronology"/>
    <tag k="name" v="NE 4th Street branch"/>
    <tag k="network" v="Washington, D.C. streetcars"/>
    <tag k="operator" v="Eckington &amp; Soldiers&apos; Home Railway"/>
    <tag k="start_date" v="1888"/>
    <tag k="end_date" v="1925"/>
    <tag k="ref:streetcar_project" v="L24"/>
    <tag k="description" v="Later operators: WRECo"/>
    <tag k="source" v="WP; CRF"/>
  </relation>
  <relation id="-402629" version="1">
    <member type="way" ref="-100399" role=""/>
    <member type="way" ref="-100171" role=""/>
    <member type="way" ref="-100378" role=""/>
    <member type="way" ref="-100138" role=""/>
    <member type="way" ref="-100137" role=""/>
    <member type="way" ref="-100318" role=""/>
    <tag k="type" v="route"/>
    <tag k="route" v="tram"/>
    <tag k="name" v="Glenwood Cemetery extension (1889–1894)"/>
    <tag k="network" v="Washington, D.C. streetcars"/>
    <tag k="operator" v="Eckington &amp; Soldiers&apos; Home Railway"/>
    <tag k="start_date" v="1889"/>
    <tag k="end_date" v="1894"/>
    <tag k="ref:streetcar_project" v="L25"/>
    <tag k="railway:traction" v="electric"/>
  </relation>
  <relation id="-402630" version="1">
    <member type="relation" ref="-402629" role=""/>
    <tag k="type" v="chronology"/>
    <tag k="name" v="Glenwood Cemetery extension"/>
    <tag k="network" v="Washington, D.C. streetcars"/>
    <tag k="operator" v="Eckington &amp; Soldiers&apos; Home Railway"/>
    <tag k="start_date" v="1889"/>
    <tag k="end_date" v="1894"/>
    <tag k="ref:streetcar_project" v="L25"/>
    <tag k="source" v="WP; MPD"/>
  </relation>
  <relation id="-402631" version="1">
    <member type="way" ref="-100261" role=""/>
    <member type="way" ref="-100207" role=""/>
    <member type="way" ref="-100082" role=""/>
    <member type="way" ref="-100182" role=""/>
    <member type="way" ref="-100121" role=""/>
    <member type="way" ref="-100138" role=""/>
    <member type="way" ref="-100384" role=""/>
    <member type="way" ref="-100171" role=""/>
    <member type="way" ref="-100234" role=""/>
    <tag k="type" v="route"/>
    <tag k="route" v="tram"/>
    <tag k="name" v="North Capitol Street / Brookland line (1890–1899)"/>
    <tag k="network" v="Washington, D.C. streetcars"/>
    <tag k="operator" v="Eckington &amp; Soldiers&apos; Home Railway"/>
    <tag k="start_date" v="1890"/>
    <tag k="end_date" v="1899"/>
    <tag k="ref:streetcar_project" v="L26"/>
    <tag k="railway:traction" v="electric"/>
  </relation>
  <relation id="-402632" version="1">
    <member type="way" ref="-100261" role=""/>
    <member type="way" ref="-100207" role=""/>
    <member type="way" ref="-100082" role=""/>
    <member type="way" ref="-100182" role=""/>
    <member type="way" ref="-100121" role=""/>
    <member type="way" ref="-100138" role=""/>
    <member type="way" ref="-100384" role=""/>
    <member type="way" ref="-100171" role=""/>
    <member type="way" ref="-100234" role=""/>
    <member type="way" ref="-100069" role=""/>
    <member type="way" ref="-100047" role=""/>
    <tag k="type" v="route"/>
    <tag k="route" v="tram"/>
    <tag k="name" v="North Capitol Street / Brookland line (1899–1902)"/>
    <tag k="network" v="Washington, D.C. streetcars"/>
    <tag k="operator" v="Eckington &amp; Soldiers&apos; Home Railway"/>
    <tag k="start_date" v="1899"/>
    <tag k="end_date" v="1902"/>
    <tag k="ref:streetcar_project" v="L26"/>
    <tag k="railway:traction" v="electric"/>
  </relation>
  <relation id="-402633" version="1">
    <member type="way" ref="-100261" role=""/>
    <member type="way" ref="-100207" role=""/>
    <member type="way" ref="-100082" role=""/>
    <member type="way" ref="-100182" role=""/>
    <member type="way" ref="-100121" role=""/>
    <member type="way" ref="-100138" role=""/>
    <member type="way" ref="-100384" role=""/>
    <member type="way" ref="-100171" role=""/>
    <member type="way" ref="-100234" role=""/>
    <member type="way" ref="-100069" role=""/>
    <member type="way" ref="-100047" role=""/>
    <tag k="type" v="route"/>
    <tag k="route" v="tram"/>
    <tag k="name" v="North Capitol Street / Brookland line (1902–1934)"/>
    <tag k="network" v="Washington, D.C. streetcars"/>
    <tag k="operator" v="Washington Railway &amp; Electric"/>
    <tag k="start_date" v="1902"/>
    <tag k="end_date" v="1934"/>
    <tag k="ref:streetcar_project" v="L26"/>
    <tag k="railway:traction" v="electric"/>
  </relation>
  <relation id="-402634" version="1">
    <member type="way" ref="-100261" role=""/>
    <member type="way" ref="-100207" role=""/>
    <member type="way" ref="-100082" role=""/>
    <member type="way" ref="-100182" role=""/>
    <member type="way" ref="-100121" role=""/>
    <member type="way" ref="-100138" role=""/>
    <member type="way" ref="-100384" role=""/>
    <member type="way" ref="-100171" role=""/>
    <member type="way" ref="-100234" role=""/>
    <member type="way" ref="-100069" role=""/>
    <member type="way" ref="-100047" role=""/>
    <tag k="type" v="route"/>
    <tag k="route" v="tram"/>
    <tag k="name" v="North Capitol Street / Brookland line (1934–1956)"/>
    <tag k="network" v="Washington, D.C. streetcars"/>
    <tag k="operator" v="Capital Transit"/>
    <tag k="start_date" v="1934"/>
    <tag k="end_date" v="1956"/>
    <tag k="ref:streetcar_project" v="L26"/>
    <tag k="railway:traction" v="electric"/>
  </relation>
  <relation id="-402635" version="1">
    <member type="way" ref="-100261" role=""/>
    <member type="way" ref="-100207" role=""/>
    <member type="way" ref="-100082" role=""/>
    <member type="way" ref="-100182" role=""/>
    <member type="way" ref="-100121" role=""/>
    <member type="way" ref="-100138" role=""/>
    <member type="way" ref="-100384" role=""/>
    <member type="way" ref="-100171" role=""/>
    <member type="way" ref="-100234" role=""/>
    <member type="way" ref="-100069" role=""/>
    <member type="way" ref="-100047" role=""/>
    <tag k="type" v="route"/>
    <tag k="route" v="tram"/>
    <tag k="name" v="North Capitol Street / Brookland line (1956–1958)"/>
    <tag k="network" v="Washington, D.C. streetcars"/>
    <tag k="operator" v="D.C. Transit"/>
    <tag k="start_date" v="1956"/>
    <tag k="end_date" v="1958"/>
    <tag k="ref:streetcar_project" v="L26"/>
    <tag k="ref" v="80"/>
    <tag k="railway:traction" v="electric"/>
  </relation>
  <relation id="-402636" version="1">
    <member type="relation" ref="-402631" role=""/>
    <member type="relation" ref="-402632" role=""/>
    <member type="relation" ref="-402633" role=""/>
    <member type="relation" ref="-402634" role=""/>
    <member type="relation" ref="-402635" role=""/>
    <tag k="type" v="chronology"/>
    <tag k="name" v="North Capitol Street / Brookland line"/>
    <tag k="network" v="Washington, D.C. streetcars"/>
    <tag k="operator" v="Eckington &amp; Soldiers&apos; Home Railway"/>
    <tag k="start_date" v="1890"/>
    <tag k="end_date" v="1958"/>
    <tag k="ref:streetcar_project" v="L26"/>
    <tag k="ref" v="80"/>
    <tag k="description" v="Later operators: WRECo; Capital Transit; D.C. Transit"/>
    <tag k="source" v="WP; MPD; CRF; GDC"/>
  </relation>
  <relation id="-402637" version="1">
    <member type="way" ref="-100199" role=""/>
    <member type="way" ref="-100233" role=""/>
    <member type="way" ref="-100271" role=""/>
    <member type="way" ref="-100225" role=""/>
    <member type="way" ref="-100118" role=""/>
    <member type="way" ref="-100442" role=""/>
    <member type="way" ref="-100443" role=""/>
    <tag k="type" v="route"/>
    <tag k="route" v="tram"/>
    <tag k="name" v="G Street extension (1891–1902)"/>
    <tag k="network" v="Washington, D.C. streetcars"/>
    <tag k="operator" v="Eckington &amp; Soldiers&apos; Home Railway"/>
    <tag k="start_date" v="1891"/>
    <tag k="end_date" v="1902"/>
    <tag k="ref:streetcar_project" v="L27"/>
    <tag k="railway:traction" v="electric"/>
  </relation>
  <relation id="-402638" version="1">
    <member type="way" ref="-100199" role=""/>
    <member type="way" ref="-100233" role=""/>
    <member type="way" ref="-100271" role=""/>
    <member type="way" ref="-100225" role=""/>
    <member type="way" ref="-100118" role=""/>
    <member type="way" ref="-100442" role=""/>
    <member type="way" ref="-100443" role=""/>
    <tag k="type" v="route"/>
    <tag k="route" v="tram"/>
    <tag k="name" v="G Street extension (1902–1934)"/>
    <tag k="network" v="Washington, D.C. streetcars"/>
    <tag k="operator" v="Washington Railway &amp; Electric"/>
    <tag k="start_date" v="1902"/>
    <tag k="end_date" v="1934"/>
    <tag k="ref:streetcar_project" v="L27"/>
    <tag k="railway:traction" v="electric"/>
  </relation>
  <relation id="-402639" version="1">
    <member type="way" ref="-100199" role=""/>
    <member type="way" ref="-100233" role=""/>
    <member type="way" ref="-100271" role=""/>
    <member type="way" ref="-100225" role=""/>
    <member type="way" ref="-100118" role=""/>
    <member type="way" ref="-100442" role=""/>
    <member type="way" ref="-100443" role=""/>
    <tag k="type" v="route"/>
    <tag k="route" v="tram"/>
    <tag k="name" v="G Street extension (1934–1956)"/>
    <tag k="network" v="Washington, D.C. streetcars"/>
    <tag k="operator" v="Capital Transit"/>
    <tag k="start_date" v="1934"/>
    <tag k="end_date" v="1956"/>
    <tag k="ref:streetcar_project" v="L27"/>
    <tag k="railway:traction" v="electric"/>
  </relation>
  <relation id="-402640" version="1">
    <member type="way" ref="-100199" role=""/>
    <member type="way" ref="-100233" role=""/>
    <member type="way" ref="-100271" role=""/>
    <member type="way" ref="-100225" role=""/>
    <member type="way" ref="-100118" role=""/>
    <member type="way" ref="-100442" role=""/>
    <member type="way" ref="-100443" role=""/>
    <tag k="type" v="route"/>
    <tag k="route" v="tram"/>
    <tag k="name" v="G Street extension (1956–1958)"/>
    <tag k="network" v="Washington, D.C. streetcars"/>
    <tag k="operator" v="D.C. Transit"/>
    <tag k="start_date" v="1956"/>
    <tag k="end_date" v="1958"/>
    <tag k="ref:streetcar_project" v="L27"/>
    <tag k="end_date:edtf" v="1958~"/>
    <tag k="railway:traction" v="electric"/>
  </relation>
  <relation id="-402641" version="1">
    <member type="relation" ref="-402637" role=""/>
    <member type="relation" ref="-402638" role=""/>
    <member type="relation" ref="-402639" role=""/>
    <member type="relation" ref="-402640" role=""/>
    <tag k="type" v="chronology"/>
    <tag k="name" v="G Street extension"/>
    <tag k="network" v="Washington, D.C. streetcars"/>
    <tag k="operator" v="Eckington &amp; Soldiers&apos; Home Railway"/>
    <tag k="start_date" v="1891"/>
    <tag k="end_date" v="1958"/>
    <tag k="ref:streetcar_project" v="L27"/>
    <tag k="end_date:edtf" v="1958~"/>
    <tag k="description" v="Later operators: WRECo"/>
    <tag k="source" v="MPD; LAWS"/>
  </relation>
  <relation id="-402642" version="1">
    <member type="way" ref="-100016" role=""/>
    <tag k="type" v="route"/>
    <tag k="route" v="tram"/>
    <tag k="name" v="Rhode Island Avenue – College Park line (1897–1899)"/>
    <tag k="network" v="Washington, D.C. streetcars"/>
    <tag k="operator" v="Maryland &amp; Washington Railway / City &amp; Suburban Railway"/>
    <tag k="start_date" v="1897"/>
    <tag k="end_date" v="1899"/>
    <tag k="ref:streetcar_project" v="L28"/>
    <tag k="railway:traction" v="electric"/>
  </relation>
  <relation id="-402643" version="1">
    <member type="way" ref="-100027" role=""/>
    <member type="way" ref="-100016" role=""/>
    <tag k="type" v="route"/>
    <tag k="route" v="tram"/>
    <tag k="name" v="Rhode Island Avenue – College Park line (1899–1900)"/>
    <tag k="network" v="Washington, D.C. streetcars"/>
    <tag k="operator" v="Maryland &amp; Washington Railway / City &amp; Suburban Railway"/>
    <tag k="start_date" v="1899"/>
    <tag k="end_date" v="1900"/>
    <tag k="ref:streetcar_project" v="L28"/>
    <tag k="railway:traction" v="electric"/>
  </relation>
  <relation id="-402644" version="1">
    <member type="way" ref="-100244" role=""/>
    <member type="way" ref="-100019" role=""/>
    <member type="way" ref="-100027" role=""/>
    <member type="way" ref="-100016" role=""/>
    <tag k="type" v="route"/>
    <tag k="route" v="tram"/>
    <tag k="name" v="Rhode Island Avenue – College Park line (1900–1902)"/>
    <tag k="network" v="Washington, D.C. streetcars"/>
    <tag k="operator" v="Maryland &amp; Washington Railway / City &amp; Suburban Railway"/>
    <tag k="start_date" v="1900"/>
    <tag k="end_date" v="1902"/>
    <tag k="ref:streetcar_project" v="L28"/>
    <tag k="railway:traction" v="electric"/>
  </relation>
  <relation id="-402645" version="1">
    <member type="way" ref="-100244" role=""/>
    <member type="way" ref="-100019" role=""/>
    <member type="way" ref="-100027" role=""/>
    <member type="way" ref="-100016" role=""/>
    <tag k="type" v="route"/>
    <tag k="route" v="tram"/>
    <tag k="name" v="Rhode Island Avenue – College Park line (1902–1934)"/>
    <tag k="network" v="Washington, D.C. streetcars"/>
    <tag k="operator" v="Washington Railway &amp; Electric"/>
    <tag k="start_date" v="1902"/>
    <tag k="end_date" v="1934"/>
    <tag k="ref:streetcar_project" v="L28"/>
    <tag k="railway:traction" v="electric"/>
  </relation>
  <relation id="-402646" version="1">
    <member type="way" ref="-100244" role=""/>
    <member type="way" ref="-100019" role=""/>
    <member type="way" ref="-100027" role=""/>
    <member type="way" ref="-100016" role=""/>
    <tag k="type" v="route"/>
    <tag k="route" v="tram"/>
    <tag k="name" v="Rhode Island Avenue – College Park line (1934–1956)"/>
    <tag k="network" v="Washington, D.C. streetcars"/>
    <tag k="operator" v="Capital Transit"/>
    <tag k="start_date" v="1934"/>
    <tag k="end_date" v="1956"/>
    <tag k="ref:streetcar_project" v="L28"/>
    <tag k="railway:traction" v="electric"/>
  </relation>
  <relation id="-402647" version="1">
    <member type="way" ref="-100244" role=""/>
    <member type="way" ref="-100019" role=""/>
    <member type="way" ref="-100027" role=""/>
    <member type="way" ref="-100016" role=""/>
    <tag k="type" v="route"/>
    <tag k="route" v="tram"/>
    <tag k="name" v="Rhode Island Avenue – College Park line (1956–1958)"/>
    <tag k="network" v="Washington, D.C. streetcars"/>
    <tag k="operator" v="D.C. Transit"/>
    <tag k="start_date" v="1956"/>
    <tag k="end_date" v="1958"/>
    <tag k="ref:streetcar_project" v="L28"/>
    <tag k="ref" v="82"/>
    <tag k="railway:traction" v="electric"/>
  </relation>
  <relation id="-402648" version="1">
    <member type="relation" ref="-402642" role=""/>
    <member type="relation" ref="-402643" role=""/>
    <member type="relation" ref="-402644" role=""/>
    <member type="relation" ref="-402645" role=""/>
    <member type="relation" ref="-402646" role=""/>
    <member type="relation" ref="-402647" role=""/>
    <tag k="type" v="chronology"/>
    <tag k="name" v="Rhode Island Avenue – College Park line"/>
    <tag k="network" v="Washington, D.C. streetcars"/>
    <tag k="operator" v="Maryland &amp; Washington Railway / City &amp; Suburban Railway"/>
    <tag k="start_date" v="1897"/>
    <tag k="end_date" v="1958"/>
    <tag k="ref:streetcar_project" v="L28"/>
    <tag k="ref" v="82"/>
    <tag k="description" v="Later operators: WRECo (fully 1926); Capital Transit; D.C. Transit"/>
    <tag k="source" v="WPMD; MPD; CRF"/>
  </relation>
  <relation id="-402649" version="1">
    <member type="way" ref="-100244" role=""/>
    <member type="way" ref="-100088" role=""/>
    <member type="way" ref="-100021" role=""/>
    <member type="way" ref="-100006" role=""/>
    <tag k="type" v="route"/>
    <tag k="route" v="tram"/>
    <tag k="name" v="Berwyn – Beltsville – Laurel extension (1902–1934)"/>
    <tag k="network" v="Washington, D.C. streetcars"/>
    <tag k="operator" v="Washington Railway &amp; Electric"/>
    <tag k="start_date" v="1902"/>
    <tag k="end_date" v="1934"/>
    <tag k="ref:streetcar_project" v="L29"/>
    <tag k="railway:traction" v="electric"/>
  </relation>
  <relation id="-402650" version="1">
    <member type="way" ref="-100244" role=""/>
    <member type="way" ref="-100088" role=""/>
    <member type="way" ref="-100021" role=""/>
    <member type="way" ref="-100006" role=""/>
    <tag k="type" v="route"/>
    <tag k="route" v="tram"/>
    <tag k="name" v="Berwyn – Beltsville – Laurel extension (1934–1948)"/>
    <tag k="network" v="Washington, D.C. streetcars"/>
    <tag k="operator" v="Capital Transit"/>
    <tag k="start_date" v="1934"/>
    <tag k="end_date" v="1948"/>
    <tag k="ref:streetcar_project" v="L29"/>
    <tag k="railway:traction" v="electric"/>
  </relation>
  <relation id="-402651" version="1">
    <member type="way" ref="-100244" role=""/>
    <member type="way" ref="-100088" role=""/>
    <member type="way" ref="-100021" role=""/>
    <tag k="type" v="route"/>
    <tag k="route" v="tram"/>
    <tag k="name" v="Berwyn – Beltsville – Laurel extension (1948–1949)"/>
    <tag k="network" v="Washington, D.C. streetcars"/>
    <tag k="operator" v="Capital Transit"/>
    <tag k="start_date" v="1948"/>
    <tag k="end_date" v="1949"/>
    <tag k="ref:streetcar_project" v="L29"/>
    <tag k="ref" v="84"/>
    <tag k="railway:traction" v="electric"/>
  </relation>
  <relation id="-402652" version="1">
    <member type="relation" ref="-402649" role=""/>
    <member type="relation" ref="-402650" role=""/>
    <member type="relation" ref="-402651" role=""/>
    <tag k="type" v="chronology"/>
    <tag k="name" v="Berwyn – Beltsville – Laurel extension"/>
    <tag k="network" v="Washington, D.C. streetcars"/>
    <tag k="operator" v="Columbia &amp; Maryland Ry / Berwyn &amp; Laurel Electric RR / Washington, Berwyn &amp; Laurel Electric RR"/>
    <tag k="start_date" v="1902"/>
    <tag k="end_date" v="1949"/>
    <tag k="ref:streetcar_project" v="L29"/>
    <tag k="ref" v="84"/>
    <tag k="description" v="Later operators: City &amp; Suburban; WRECo (1910); Capital Transit"/>
    <tag k="source" v="WPMD; MPD; CRF"/>
  </relation>
  <relation id="-402653" version="1">
    <member type="way" ref="-100153" role=""/>
    <tag k="type" v="route"/>
    <tag k="route" v="tram"/>
    <tag k="name" v="Rock Creek Railway – Connecticut Avenue line (1890–1892)"/>
    <tag k="network" v="Washington, D.C. streetcars"/>
    <tag k="operator" v="Rock Creek Railway"/>
    <tag k="start_date" v="1890"/>
    <tag k="end_date" v="1892"/>
    <tag k="ref:streetcar_project" v="L30"/>
    <tag k="railway:traction" v="horse"/>
  </relation>
  <relation id="-402654" version="1">
    <member type="way" ref="-100153" role=""/>
    <member type="way" ref="-100108" role=""/>
    <member type="way" ref="-100083" role=""/>
    <member type="way" ref="-100008" role=""/>
    <tag k="type" v="route"/>
    <tag k="route" v="tram"/>
    <tag k="name" v="Rock Creek Railway – Connecticut Avenue line (1892–1895)"/>
    <tag k="network" v="Washington, D.C. streetcars"/>
    <tag k="operator" v="Rock Creek Railway"/>
    <tag k="start_date" v="1892"/>
    <tag k="end_date" v="1895"/>
    <tag k="ref:streetcar_project" v="L30"/>
    <tag k="railway:traction" v="electric"/>
  </relation>
  <relation id="-402655" version="1">
    <member type="way" ref="-100153" role=""/>
    <member type="way" ref="-100108" role=""/>
    <member type="way" ref="-100083" role=""/>
    <member type="way" ref="-100008" role=""/>
    <tag k="type" v="route"/>
    <tag k="route" v="tram"/>
    <tag k="name" v="Rock Creek Railway – Connecticut Avenue line (1895–1899)"/>
    <tag k="network" v="Washington, D.C. streetcars"/>
    <tag k="operator" v="Capital Traction"/>
    <tag k="start_date" v="1895"/>
    <tag k="end_date" v="1899"/>
    <tag k="ref:streetcar_project" v="L30"/>
    <tag k="railway:traction" v="electric"/>
  </relation>
  <relation id="-402656" version="1">
    <member type="way" ref="-100108" role=""/>
    <member type="way" ref="-100083" role=""/>
    <member type="way" ref="-100008" role=""/>
    <tag k="type" v="route"/>
    <tag k="route" v="tram"/>
    <tag k="name" v="Rock Creek Railway – Connecticut Avenue line (1899–1934)"/>
    <tag k="network" v="Washington, D.C. streetcars"/>
    <tag k="operator" v="Capital Traction"/>
    <tag k="start_date" v="1899"/>
    <tag k="end_date" v="1934"/>
    <tag k="ref:streetcar_project" v="L30"/>
    <tag k="railway:traction" v="electric"/>
  </relation>
  <relation id="-402657" version="1">
    <member type="way" ref="-100108" role=""/>
    <member type="way" ref="-100083" role=""/>
    <member type="way" ref="-100008" role=""/>
    <tag k="type" v="route"/>
    <tag k="route" v="tram"/>
    <tag k="name" v="Rock Creek Railway – Connecticut Avenue line (1934–1935)"/>
    <tag k="network" v="Washington, D.C. streetcars"/>
    <tag k="operator" v="Capital Transit"/>
    <tag k="start_date" v="1934"/>
    <tag k="end_date" v="1935"/>
    <tag k="ref:streetcar_project" v="L30"/>
    <tag k="railway:traction" v="electric"/>
  </relation>
  <relation id="-402658" version="1">
    <member type="relation" ref="-402653" role=""/>
    <member type="relation" ref="-402654" role=""/>
    <member type="relation" ref="-402655" role=""/>
    <member type="relation" ref="-402656" role=""/>
    <member type="relation" ref="-402657" role=""/>
    <tag k="type" v="chronology"/>
    <tag k="name" v="Rock Creek Railway – Connecticut Avenue line"/>
    <tag k="network" v="Washington, D.C. streetcars"/>
    <tag k="operator" v="Rock Creek Railway"/>
    <tag k="start_date" v="1890"/>
    <tag k="end_date" v="1935"/>
    <tag k="ref:streetcar_project" v="L30"/>
    <tag k="description" v="Later operators: Capital Traction (1895); Capital Transit"/>
    <tag k="source" v="WP; MPD; CRF"/>
  </relation>
  <relation id="-402659" version="1">
    <member type="way" ref="-100224" role=""/>
    <member type="way" ref="-100158" role=""/>
    <member type="way" ref="-100076" role=""/>
    <member type="way" ref="-100343" role=""/>
    <tag k="type" v="route"/>
    <tag k="route" v="tram"/>
    <tag k="name" v="U Street line (1893–1895)"/>
    <tag k="network" v="Washington, D.C. streetcars"/>
    <tag k="operator" v="Rock Creek Railway"/>
    <tag k="start_date" v="1893"/>
    <tag k="end_date" v="1895"/>
    <tag k="ref:streetcar_project" v="L31"/>
    <tag k="railway:traction" v="electric"/>
  </relation>
  <relation id="-402660" version="1">
    <member type="way" ref="-100224" role=""/>
    <member type="way" ref="-100158" role=""/>
    <member type="way" ref="-100076" role=""/>
    <member type="way" ref="-100343" role=""/>
    <tag k="type" v="route"/>
    <tag k="route" v="tram"/>
    <tag k="name" v="U Street line (1895–1934)"/>
    <tag k="network" v="Washington, D.C. streetcars"/>
    <tag k="operator" v="Capital Traction"/>
    <tag k="start_date" v="1895"/>
    <tag k="end_date" v="1934"/>
    <tag k="ref:streetcar_project" v="L31"/>
    <tag k="railway:traction" v="electric"/>
  </relation>
  <relation id="-402661" version="1">
    <member type="way" ref="-100224" role=""/>
    <member type="way" ref="-100158" role=""/>
    <member type="way" ref="-100076" role=""/>
    <member type="way" ref="-100343" role=""/>
    <tag k="type" v="route"/>
    <tag k="route" v="tram"/>
    <tag k="name" v="U Street line (1934–1956)"/>
    <tag k="network" v="Washington, D.C. streetcars"/>
    <tag k="operator" v="Capital Transit"/>
    <tag k="start_date" v="1934"/>
    <tag k="end_date" v="1956"/>
    <tag k="ref:streetcar_project" v="L31"/>
    <tag k="railway:traction" v="electric"/>
  </relation>
  <relation id="-402662" version="1">
    <member type="way" ref="-100224" role=""/>
    <member type="way" ref="-100158" role=""/>
    <member type="way" ref="-100076" role=""/>
    <member type="way" ref="-100343" role=""/>
    <tag k="type" v="route"/>
    <tag k="route" v="tram"/>
    <tag k="name" v="U Street line (1956–1962)"/>
    <tag k="network" v="Washington, D.C. streetcars"/>
    <tag k="operator" v="D.C. Transit"/>
    <tag k="start_date" v="1956"/>
    <tag k="end_date" v="1962"/>
    <tag k="ref:streetcar_project" v="L31"/>
    <tag k="ref" v="90;92"/>
    <tag k="railway:traction" v="electric"/>
  </relation>
  <relation id="-402663" version="1">
    <member type="relation" ref="-402659" role=""/>
    <member type="relation" ref="-402660" role=""/>
    <member type="relation" ref="-402661" role=""/>
    <member type="relation" ref="-402662" role=""/>
    <tag k="type" v="chronology"/>
    <tag k="name" v="U Street line"/>
    <tag k="network" v="Washington, D.C. streetcars"/>
    <tag k="operator" v="Rock Creek Railway"/>
    <tag k="start_date" v="1893"/>
    <tag k="end_date" v="1962"/>
    <tag k="ref:streetcar_project" v="L31"/>
    <tag k="ref" v="90;92"/>
    <tag k="description" v="Later operators: Capital Traction; Capital Transit; D.C. Transit"/>
    <tag k="source" v="WP; MPD; CRF; GGW; TUN"/>
  </relation>
  <relation id="-402664" version="1">
    <member type="way" ref="-100180" role=""/>
    <member type="way" ref="-100268" role=""/>
    <member type="way" ref="-100058" role=""/>
    <member type="way" ref="-100100" role=""/>
    <member type="way" ref="-100185" role=""/>
    <member type="way" ref="-100046" role=""/>
    <member type="way" ref="-100198" role=""/>
    <member type="way" ref="-100215" role=""/>
    <member type="way" ref="-100321" role=""/>
    <member type="way" ref="-100163" role=""/>
    <member type="way" ref="-100112" role=""/>
    <member type="way" ref="-100197" role=""/>
    <member type="way" ref="-100129" role=""/>
    <member type="way" ref="-100099" role=""/>
    <tag k="type" v="route"/>
    <tag k="route" v="tram"/>
    <tag k="name" v="Florida Avenue / 8th Street extension (1908–1934)"/>
    <tag k="network" v="Washington, D.C. streetcars"/>
    <tag k="operator" v="Capital Traction"/>
    <tag k="start_date" v="1908"/>
    <tag k="end_date" v="1934"/>
    <tag k="ref:streetcar_project" v="L32"/>
    <tag k="railway:traction" v="electric"/>
  </relation>
  <relation id="-402665" version="1">
    <member type="way" ref="-100180" role=""/>
    <member type="way" ref="-100268" role=""/>
    <member type="way" ref="-100058" role=""/>
    <member type="way" ref="-100100" role=""/>
    <member type="way" ref="-100185" role=""/>
    <member type="way" ref="-100046" role=""/>
    <member type="way" ref="-100198" role=""/>
    <member type="way" ref="-100215" role=""/>
    <member type="way" ref="-100321" role=""/>
    <member type="way" ref="-100163" role=""/>
    <member type="way" ref="-100112" role=""/>
    <member type="way" ref="-100197" role=""/>
    <member type="way" ref="-100129" role=""/>
    <member type="way" ref="-100099" role=""/>
    <tag k="type" v="route"/>
    <tag k="route" v="tram"/>
    <tag k="name" v="Florida Avenue / 8th Street extension (1934–1956)"/>
    <tag k="network" v="Washington, D.C. streetcars"/>
    <tag k="operator" v="Capital Transit"/>
    <tag k="start_date" v="1934"/>
    <tag k="end_date" v="1956"/>
    <tag k="ref:streetcar_project" v="L32"/>
    <tag k="railway:traction" v="electric"/>
  </relation>
  <relation id="-402666" version="1">
    <member type="way" ref="-100180" role=""/>
    <member type="way" ref="-100268" role=""/>
    <member type="way" ref="-100058" role=""/>
    <member type="way" ref="-100100" role=""/>
    <member type="way" ref="-100185" role=""/>
    <member type="way" ref="-100046" role=""/>
    <member type="way" ref="-100198" role=""/>
    <member type="way" ref="-100215" role=""/>
    <member type="way" ref="-100321" role=""/>
    <member type="way" ref="-100163" role=""/>
    <member type="way" ref="-100112" role=""/>
    <member type="way" ref="-100197" role=""/>
    <member type="way" ref="-100129" role=""/>
    <member type="way" ref="-100099" role=""/>
    <tag k="type" v="route"/>
    <tag k="route" v="tram"/>
    <tag k="name" v="Florida Avenue / 8th Street extension (1956–1962)"/>
    <tag k="network" v="Washington, D.C. streetcars"/>
    <tag k="operator" v="D.C. Transit"/>
    <tag k="start_date" v="1956"/>
    <tag k="end_date" v="1962"/>
    <tag k="ref:streetcar_project" v="L32"/>
    <tag k="ref" v="90;92"/>
    <tag k="railway:traction" v="electric"/>
  </relation>
  <relation id="-402667" version="1">
    <member type="relation" ref="-402664" role=""/>
    <member type="relation" ref="-402665" role=""/>
    <member type="relation" ref="-402666" role=""/>
    <tag k="type" v="chronology"/>
    <tag k="name" v="Florida Avenue / 8th Street extension"/>
    <tag k="network" v="Washington, D.C. streetcars"/>
    <tag k="operator" v="Capital Traction (Act of May 23, 1908; per Tindall and Wikipedia&apos;s Capital Traction article; Wikipedia&apos;s main article says WRECo)"/>
    <tag k="start_date" v="1908"/>
    <tag k="end_date" v="1962"/>
    <tag k="ref:streetcar_project" v="L32"/>
    <tag k="ref" v="90;92"/>
    <tag k="description" v="Later operators: Capital Transit; D.C. Transit"/>
    <tag k="source" v="WP; CRF"/>
  </relation>
  <relation id="-402668" version="1">
    <member type="way" ref="-100420" role=""/>
    <member type="way" ref="-100322" role=""/>
    <member type="way" ref="-100261" role=""/>
    <member type="way" ref="-100282" role=""/>
    <member type="way" ref="-100115" role=""/>
    <member type="way" ref="-100186" role=""/>
    <member type="way" ref="-100367" role=""/>
    <member type="way" ref="-100117" role=""/>
    <tag k="type" v="route"/>
    <tag k="route" v="tram"/>
    <tag k="name" v="New Jersey Avenue line (1908–1934)"/>
    <tag k="network" v="Washington, D.C. streetcars"/>
    <tag k="operator" v="Capital Traction"/>
    <tag k="start_date" v="1908"/>
    <tag k="end_date" v="1934"/>
    <tag k="ref:streetcar_project" v="L33"/>
    <tag k="railway:traction" v="electric"/>
  </relation>
  <relation id="-402669" version="1">
    <member type="way" ref="-100420" role=""/>
    <member type="way" ref="-100322" role=""/>
    <member type="way" ref="-100261" role=""/>
    <member type="way" ref="-100282" role=""/>
    <member type="way" ref="-100115" role=""/>
    <member type="way" ref="-100186" role=""/>
    <member type="way" ref="-100367" role=""/>
    <member type="way" ref="-100117" role=""/>
    <tag k="type" v="route"/>
    <tag k="route" v="tram"/>
    <tag k="name" v="New Jersey Avenue line (1934–1956)"/>
    <tag k="network" v="Washington, D.C. streetcars"/>
    <tag k="operator" v="Capital Transit"/>
    <tag k="start_date" v="1934"/>
    <tag k="end_date" v="1956"/>
    <tag k="ref:streetcar_project" v="L33"/>
    <tag k="railway:traction" v="electric"/>
  </relation>
  <relation id="-402670" version="1">
    <member type="way" ref="-100420" role=""/>
    <member type="way" ref="-100322" role=""/>
    <member type="way" ref="-100261" role=""/>
    <member type="way" ref="-100282" role=""/>
    <member type="way" ref="-100115" role=""/>
    <member type="way" ref="-100186" role=""/>
    <member type="way" ref="-100367" role=""/>
    <member type="way" ref="-100117" role=""/>
    <tag k="type" v="route"/>
    <tag k="route" v="tram"/>
    <tag k="name" v="New Jersey Avenue line (1956–1962)"/>
    <tag k="network" v="Washington, D.C. streetcars"/>
    <tag k="operator" v="D.C. Transit"/>
    <tag k="start_date" v="1956"/>
    <tag k="end_date" v="1962"/>
    <tag k="ref:streetcar_project" v="L33"/>
    <tag k="ref" v="90"/>
    <tag k="railway:traction" v="electric"/>
  </relation>
  <relation id="-402671" version="1">
    <member type="relation" ref="-402668" role=""/>
    <member type="relation" ref="-402669" role=""/>
    <member type="relation" ref="-402670" role=""/>
    <tag k="type" v="chronology"/>
    <tag k="name" v="New Jersey Avenue line"/>
    <tag k="network" v="Washington, D.C. streetcars"/>
    <tag k="operator" v="Capital Traction"/>
    <tag k="start_date" v="1908"/>
    <tag k="end_date" v="1962"/>
    <tag k="ref:streetcar_project" v="L33"/>
    <tag k="ref" v="90"/>
    <tag k="description" v="Later operators: Capital Transit; D.C. Transit"/>
    <tag k="source" v="CRF"/>
  </relation>
  <relation id="-402672" version="1">
    <member type="way" ref="-100417" role=""/>
    <member type="way" ref="-100236" role=""/>
    <member type="way" ref="-100191" role=""/>
    <member type="way" ref="-100229" role=""/>
    <member type="way" ref="-100266" role=""/>
    <member type="way" ref="-100249" role=""/>
    <member type="way" ref="-100243" role=""/>
    <member type="way" ref="-100281" role=""/>
    <tag k="type" v="route"/>
    <tag k="route" v="tram"/>
    <tag k="name" v="Union Station trackage (1908–1934)"/>
    <tag k="network" v="Washington, D.C. streetcars"/>
    <tag k="operator" v="Capital Traction"/>
    <tag k="start_date" v="1908"/>
    <tag k="end_date" v="1934"/>
    <tag k="ref:streetcar_project" v="L34"/>
    <tag k="railway:traction" v="electric"/>
  </relation>
  <relation id="-402673" version="1">
    <member type="way" ref="-100417" role=""/>
    <member type="way" ref="-100236" role=""/>
    <member type="way" ref="-100191" role=""/>
    <member type="way" ref="-100229" role=""/>
    <member type="way" ref="-100266" role=""/>
    <member type="way" ref="-100249" role=""/>
    <member type="way" ref="-100243" role=""/>
    <member type="way" ref="-100281" role=""/>
    <tag k="type" v="route"/>
    <tag k="route" v="tram"/>
    <tag k="name" v="Union Station trackage (1934–1956)"/>
    <tag k="network" v="Washington, D.C. streetcars"/>
    <tag k="operator" v="Capital Transit"/>
    <tag k="start_date" v="1934"/>
    <tag k="end_date" v="1956"/>
    <tag k="ref:streetcar_project" v="L34"/>
    <tag k="railway:traction" v="electric"/>
  </relation>
  <relation id="-402674" version="1">
    <member type="way" ref="-100417" role=""/>
    <member type="way" ref="-100236" role=""/>
    <member type="way" ref="-100191" role=""/>
    <member type="way" ref="-100229" role=""/>
    <member type="way" ref="-100266" role=""/>
    <member type="way" ref="-100249" role=""/>
    <member type="way" ref="-100243" role=""/>
    <member type="way" ref="-100281" role=""/>
    <tag k="type" v="route"/>
    <tag k="route" v="tram"/>
    <tag k="name" v="Union Station trackage (1956–1962)"/>
    <tag k="network" v="Washington, D.C. streetcars"/>
    <tag k="operator" v="D.C. Transit"/>
    <tag k="start_date" v="1956"/>
    <tag k="end_date" v="1962"/>
    <tag k="ref:streetcar_project" v="L34"/>
    <tag k="ref" v="90;92"/>
    <tag k="railway:traction" v="electric"/>
  </relation>
  <relation id="-402675" version="1">
    <member type="relation" ref="-402672" role=""/>
    <member type="relation" ref="-402673" role=""/>
    <member type="relation" ref="-402674" role=""/>
    <tag k="type" v="chronology"/>
    <tag k="name" v="Union Station trackage"/>
    <tag k="network" v="Washington, D.C. streetcars"/>
    <tag k="operator" v="Capital Traction &amp; WRECo"/>
    <tag k="start_date" v="1908"/>
    <tag k="end_date" v="1962"/>
    <tag k="ref:streetcar_project" v="L34"/>
    <tag k="ref" v="90;92"/>
    <tag k="description" v="Later operators: Capital Transit; D.C. Transit"/>
    <tag k="source" v="WP; MPD"/>
  </relation>
  <relation id="-402676" version="1">
    <member type="way" ref="-100020" role=""/>
    <tag k="type" v="route"/>
    <tag k="route" v="tram"/>
    <tag k="name" v="Kensington Railway (1895–1935)"/>
    <tag k="network" v="Washington, D.C. streetcars"/>
    <tag k="operator" v="Chevy Chase Lake &amp; Kensington Railway"/>
    <tag k="start_date" v="1895"/>
    <tag k="end_date" v="1935"/>
    <tag k="ref:streetcar_project" v="L35"/>
    <tag k="railway:traction" v="electric"/>
  </relation>
  <relation id="-402677" version="1">
    <member type="relation" ref="-402676" role=""/>
    <tag k="type" v="chronology"/>
    <tag k="name" v="Kensington Railway"/>
    <tag k="network" v="Washington, D.C. streetcars"/>
    <tag k="operator" v="Chevy Chase Lake &amp; Kensington Railway (1894)"/>
    <tag k="start_date" v="1895"/>
    <tag k="end_date" v="1935"/>
    <tag k="ref:streetcar_project" v="L35"/>
    <tag k="description" v="Later operators: Kensington Railway; leased to Capital Traction 1923–33"/>
    <tag k="source" v="WPMD"/>
  </relation>
  <relation id="-402678" version="1">
    <member type="way" ref="-100354" role=""/>
    <member type="way" ref="-100270" role=""/>
    <member type="way" ref="-100286" role=""/>
    <member type="way" ref="-100441" role=""/>
    <member type="way" ref="-100440" role=""/>
    <member type="way" ref="-100022" role=""/>
    <member type="way" ref="-100310" role=""/>
    <member type="way" ref="-100032" role=""/>
    <tag k="type" v="route"/>
    <tag k="route" v="tram"/>
    <tag k="name" v="Georgetown &amp; Tennallytown line (1890–1902)"/>
    <tag k="network" v="Washington, D.C. streetcars"/>
    <tag k="operator" v="Georgetown &amp; Tennallytown Railway"/>
    <tag k="start_date" v="1890"/>
    <tag k="end_date" v="1902"/>
    <tag k="ref:streetcar_project" v="L36"/>
    <tag k="railway:traction" v="electric"/>
  </relation>
  <relation id="-402679" version="1">
    <member type="way" ref="-100354" role=""/>
    <member type="way" ref="-100270" role=""/>
    <member type="way" ref="-100286" role=""/>
    <member type="way" ref="-100441" role=""/>
    <member type="way" ref="-100440" role=""/>
    <member type="way" ref="-100022" role=""/>
    <member type="way" ref="-100310" role=""/>
    <member type="way" ref="-100032" role=""/>
    <tag k="type" v="route"/>
    <tag k="route" v="tram"/>
    <tag k="name" v="Georgetown &amp; Tennallytown line (1902–1934)"/>
    <tag k="network" v="Washington, D.C. streetcars"/>
    <tag k="operator" v="Washington Railway &amp; Electric"/>
    <tag k="start_date" v="1902"/>
    <tag k="end_date" v="1934"/>
    <tag k="ref:streetcar_project" v="L36"/>
    <tag k="railway:traction" v="electric"/>
  </relation>
  <relation id="-402680" version="1">
    <member type="way" ref="-100354" role=""/>
    <member type="way" ref="-100270" role=""/>
    <member type="way" ref="-100286" role=""/>
    <member type="way" ref="-100441" role=""/>
    <member type="way" ref="-100440" role=""/>
    <member type="way" ref="-100022" role=""/>
    <member type="way" ref="-100310" role=""/>
    <member type="way" ref="-100032" role=""/>
    <tag k="type" v="route"/>
    <tag k="route" v="tram"/>
    <tag k="name" v="Georgetown &amp; Tennallytown line (1934–1956)"/>
    <tag k="network" v="Washington, D.C. streetcars"/>
    <tag k="operator" v="Capital Transit"/>
    <tag k="start_date" v="1934"/>
    <tag k="end_date" v="1956"/>
    <tag k="ref:streetcar_project" v="L36"/>
    <tag k="railway:traction" v="electric"/>
  </relation>
  <relation id="-402681" version="1">
    <member type="way" ref="-100354" role=""/>
    <member type="way" ref="-100270" role=""/>
    <member type="way" ref="-100286" role=""/>
    <member type="way" ref="-100441" role=""/>
    <member type="way" ref="-100440" role=""/>
    <member type="way" ref="-100022" role=""/>
    <member type="way" ref="-100310" role=""/>
    <member type="way" ref="-100032" role=""/>
    <tag k="type" v="route"/>
    <tag k="route" v="tram"/>
    <tag k="name" v="Georgetown &amp; Tennallytown line (1956–1960)"/>
    <tag k="network" v="Washington, D.C. streetcars"/>
    <tag k="operator" v="D.C. Transit"/>
    <tag k="start_date" v="1956"/>
    <tag k="end_date" v="1960"/>
    <tag k="ref:streetcar_project" v="L36"/>
    <tag k="ref" v="30;31"/>
    <tag k="railway:traction" v="electric"/>
  </relation>
  <relation id="-402682" version="1">
    <member type="relation" ref="-402678" role=""/>
    <member type="relation" ref="-402679" role=""/>
    <member type="relation" ref="-402680" role=""/>
    <member type="relation" ref="-402681" role=""/>
    <tag k="type" v="chronology"/>
    <tag k="name" v="Georgetown &amp; Tennallytown line"/>
    <tag k="network" v="Washington, D.C. streetcars"/>
    <tag k="operator" v="Georgetown &amp; Tennallytown Railway"/>
    <tag k="start_date" v="1890"/>
    <tag k="end_date" v="1960"/>
    <tag k="ref:streetcar_project" v="L36"/>
    <tag k="ref" v="30;31"/>
    <tag k="description" v="Later operators: Washington Traction &amp; Electric; WRECo (fully 1926); Capital Transit; D.C. Transit"/>
    <tag k="source" v="WP; MPD; CRF"/>
  </relation>
  <relation id="-402683" version="1">
    <member type="way" ref="-100312" role=""/>
    <member type="way" ref="-100040" role=""/>
    <member type="way" ref="-100023" role=""/>
    <tag k="type" v="route"/>
    <tag k="route" v="tram"/>
    <tag k="name" v="Friendship Heights – Bethesda – Rockville line (1891–1900)"/>
    <tag k="network" v="Washington, D.C. streetcars"/>
    <tag k="operator" v="Tennallytown &amp; Rockville RR"/>
    <tag k="start_date" v="1891"/>
    <tag k="end_date" v="1900"/>
    <tag k="ref:streetcar_project" v="L37"/>
    <tag k="railway:traction" v="electric"/>
  </relation>
  <relation id="-402684" version="1">
    <member type="way" ref="-100312" role=""/>
    <member type="way" ref="-100040" role=""/>
    <member type="way" ref="-100023" role=""/>
    <member type="way" ref="-100005" role=""/>
    <tag k="type" v="route"/>
    <tag k="route" v="tram"/>
    <tag k="name" v="Friendship Heights – Bethesda – Rockville line (1900–1902)"/>
    <tag k="network" v="Washington, D.C. streetcars"/>
    <tag k="operator" v="Tennallytown &amp; Rockville RR"/>
    <tag k="start_date" v="1900"/>
    <tag k="end_date" v="1902"/>
    <tag k="ref:streetcar_project" v="L37"/>
    <tag k="railway:traction" v="electric"/>
  </relation>
  <relation id="-402685" version="1">
    <member type="way" ref="-100312" role=""/>
    <member type="way" ref="-100040" role=""/>
    <member type="way" ref="-100023" role=""/>
    <member type="way" ref="-100005" role=""/>
    <tag k="type" v="route"/>
    <tag k="route" v="tram"/>
    <tag k="name" v="Friendship Heights – Bethesda – Rockville line (1902–1934)"/>
    <tag k="network" v="Washington, D.C. streetcars"/>
    <tag k="operator" v="Washington Railway &amp; Electric"/>
    <tag k="start_date" v="1902"/>
    <tag k="end_date" v="1934"/>
    <tag k="ref:streetcar_project" v="L37"/>
    <tag k="railway:traction" v="electric"/>
  </relation>
  <relation id="-402686" version="1">
    <member type="way" ref="-100312" role=""/>
    <member type="way" ref="-100040" role=""/>
    <member type="way" ref="-100023" role=""/>
    <member type="way" ref="-100005" role=""/>
    <tag k="type" v="route"/>
    <tag k="route" v="tram"/>
    <tag k="name" v="Friendship Heights – Bethesda – Rockville line (1934–1935)"/>
    <tag k="network" v="Washington, D.C. streetcars"/>
    <tag k="operator" v="Capital Transit"/>
    <tag k="start_date" v="1934"/>
    <tag k="end_date" v="1935"/>
    <tag k="ref:streetcar_project" v="L37"/>
    <tag k="railway:traction" v="electric"/>
  </relation>
  <relation id="-402687" version="1">
    <member type="relation" ref="-402683" role=""/>
    <member type="relation" ref="-402684" role=""/>
    <member type="relation" ref="-402685" role=""/>
    <member type="relation" ref="-402686" role=""/>
    <tag k="type" v="chronology"/>
    <tag k="name" v="Friendship Heights – Bethesda – Rockville line"/>
    <tag k="network" v="Washington, D.C. streetcars"/>
    <tag k="operator" v="Tennallytown &amp; Rockville RR (1890); Washington &amp; Rockville Railway (1897)"/>
    <tag k="start_date" v="1890"/>
    <tag k="end_date" v="1935"/>
    <tag k="ref:streetcar_project" v="L37"/>
    <tag k="description" v="Later operators: WRECo; Capital Transit"/>
    <tag k="source" v="WP; MPD; CRF"/>
  </relation>
  <relation id="-402688" version="1">
    <member type="way" ref="-100024" role=""/>
    <tag k="type" v="route"/>
    <tag k="route" v="tram"/>
    <tag k="name" v="Glen Echo Railroad (1891–1896)"/>
    <tag k="network" v="Washington, D.C. streetcars"/>
    <tag k="operator" v="Glen Echo Railroad"/>
    <tag k="start_date" v="1891"/>
    <tag k="end_date" v="1896"/>
    <tag k="ref:streetcar_project" v="L38"/>
    <tag k="railway:traction" v="electric"/>
  </relation>
  <relation id="-402689" version="1">
    <member type="way" ref="-100024" role=""/>
    <member type="way" ref="-100073" role=""/>
    <tag k="type" v="route"/>
    <tag k="route" v="tram"/>
    <tag k="name" v="Glen Echo Railroad (1896–1902)"/>
    <tag k="network" v="Washington, D.C. streetcars"/>
    <tag k="operator" v="Glen Echo Railroad"/>
    <tag k="start_date" v="1896"/>
    <tag k="end_date" v="1902"/>
    <tag k="ref:streetcar_project" v="L38"/>
    <tag k="railway:traction" v="electric"/>
  </relation>
  <relation id="-402690" version="1">
    <member type="relation" ref="-402688" role=""/>
    <member type="relation" ref="-402689" role=""/>
    <tag k="type" v="chronology"/>
    <tag k="name" v="Glen Echo Railroad"/>
    <tag k="network" v="Washington, D.C. streetcars"/>
    <tag k="operator" v="Glen Echo Railroad (1889); Washington &amp; Glen Echo RR (1896)"/>
    <tag k="start_date" v="1891"/>
    <tag k="end_date" v="1902"/>
    <tag k="ref:streetcar_project" v="L38"/>
    <tag k="description" v="Later operators: Walhonding–Cabin John section absorbed by Washington &amp; Great Falls (1902)"/>
    <tag k="source" v="WPMD; MPD"/>
  </relation>
  <relation id="-402691" version="1">
    <member type="way" ref="-100007" role=""/>
    <tag k="type" v="route"/>
    <tag k="route" v="tram"/>
    <tag k="name" v="Cabin John line (Washington &amp; Great Falls) (1895–1897)"/>
    <tag k="network" v="Washington, D.C. streetcars"/>
    <tag k="operator" v="Washington &amp; Great Falls Electric Railway"/>
    <tag k="start_date" v="1895"/>
    <tag k="end_date" v="1897"/>
    <tag k="ref:streetcar_project" v="L39"/>
    <tag k="railway:traction" v="electric"/>
  </relation>
  <relation id="-402692" version="1">
    <member type="way" ref="-100007" role=""/>
    <member type="way" ref="-100073" role=""/>
    <member type="way" ref="-100072" role=""/>
    <member type="way" ref="-100156" role=""/>
    <tag k="type" v="route"/>
    <tag k="route" v="tram"/>
    <tag k="name" v="Cabin John line (Washington &amp; Great Falls) (1897–1902)"/>
    <tag k="network" v="Washington, D.C. streetcars"/>
    <tag k="operator" v="Washington &amp; Great Falls Electric Railway"/>
    <tag k="start_date" v="1897"/>
    <tag k="end_date" v="1902"/>
    <tag k="ref:streetcar_project" v="L39"/>
    <tag k="railway:traction" v="electric"/>
  </relation>
  <relation id="-402693" version="1">
    <member type="way" ref="-100007" role=""/>
    <member type="way" ref="-100073" role=""/>
    <member type="way" ref="-100072" role=""/>
    <member type="way" ref="-100156" role=""/>
    <tag k="type" v="route"/>
    <tag k="route" v="tram"/>
    <tag k="name" v="Cabin John line (Washington &amp; Great Falls) (1902–1934)"/>
    <tag k="network" v="Washington, D.C. streetcars"/>
    <tag k="operator" v="Washington Railway &amp; Electric"/>
    <tag k="start_date" v="1902"/>
    <tag k="end_date" v="1934"/>
    <tag k="ref:streetcar_project" v="L39"/>
    <tag k="railway:traction" v="electric"/>
  </relation>
  <relation id="-402694" version="1">
    <member type="way" ref="-100007" role=""/>
    <member type="way" ref="-100073" role=""/>
    <member type="way" ref="-100072" role=""/>
    <member type="way" ref="-100156" role=""/>
    <tag k="type" v="route"/>
    <tag k="route" v="tram"/>
    <tag k="name" v="Cabin John line (Washington &amp; Great Falls) (1934–1935)"/>
    <tag k="network" v="Washington, D.C. streetcars"/>
    <tag k="operator" v="Capital Transit"/>
    <tag k="start_date" v="1934"/>
    <tag k="end_date" v="1935"/>
    <tag k="ref:streetcar_project" v="L39"/>
    <tag k="railway:traction" v="electric"/>
  </relation>
  <relation id="-402695" version="1">
    <member type="way" ref="-100245" role=""/>
    <member type="way" ref="-100162" role=""/>
    <member type="way" ref="-100208" role=""/>
    <member type="way" ref="-100438" role=""/>
    <member type="way" ref="-100007" role=""/>
    <member type="way" ref="-100073" role=""/>
    <member type="way" ref="-100072" role=""/>
    <member type="way" ref="-100156" role=""/>
    <tag k="type" v="route"/>
    <tag k="route" v="tram"/>
    <tag k="name" v="Cabin John line (Washington &amp; Great Falls) (1935–1956)"/>
    <tag k="network" v="Washington, D.C. streetcars"/>
    <tag k="operator" v="Capital Transit"/>
    <tag k="start_date" v="1935"/>
    <tag k="end_date" v="1956"/>
    <tag k="ref:streetcar_project" v="L39"/>
    <tag k="railway:traction" v="electric"/>
  </relation>
  <relation id="-402696" version="1">
    <member type="way" ref="-100245" role=""/>
    <member type="way" ref="-100162" role=""/>
    <member type="way" ref="-100208" role=""/>
    <member type="way" ref="-100438" role=""/>
    <member type="way" ref="-100007" role=""/>
    <member type="way" ref="-100073" role=""/>
    <member type="way" ref="-100072" role=""/>
    <member type="way" ref="-100156" role=""/>
    <tag k="type" v="route"/>
    <tag k="route" v="tram"/>
    <tag k="name" v="Cabin John line (Washington &amp; Great Falls) (1956–1960)"/>
    <tag k="network" v="Washington, D.C. streetcars"/>
    <tag k="operator" v="D.C. Transit"/>
    <tag k="start_date" v="1956"/>
    <tag k="end_date" v="1960"/>
    <tag k="ref:streetcar_project" v="L39"/>
    <tag k="ref" v="20;22"/>
    <tag k="railway:traction" v="electric"/>
  </relation>
  <relation id="-402697" version="1">
    <member type="relation" ref="-402691" role=""/>
    <member type="relation" ref="-402692" role=""/>
    <member type="relation" ref="-402693" role=""/>
    <member type="relation" ref="-402694" role=""/>
    <member type="relation" ref="-402695" role=""/>
    <member type="relation" ref="-402696" role=""/>
    <tag k="type" v="chronology"/>
    <tag k="name" v="Cabin John line (Washington &amp; Great Falls)"/>
    <tag k="network" v="Washington, D.C. streetcars"/>
    <tag k="operator" v="Washington &amp; Great Falls Electric Railway"/>
    <tag k="start_date" v="1895"/>
    <tag k="end_date" v="1960"/>
    <tag k="ref:streetcar_project" v="L39"/>
    <tag k="ref" v="20;22"/>
    <tag k="description" v="Later operators: WRECo (1902); Capital Transit; D.C. Transit"/>
    <tag k="source" v="WP; WPMD; MPD; CRF; DDOT Palisades Trolley Trail Historic Resources Report (2019); USGS 1951 topo"/>
  </relation>
  <relation id="-402698" version="1">
    <member type="way" ref="-100175" role=""/>
    <member type="way" ref="-100149" role=""/>
    <tag k="type" v="route"/>
    <tag k="route" v="tram"/>
    <tag k="name" v="Brightwood Ry – Petworth / Kenyon St branch (1893–1895)"/>
    <tag k="network" v="Washington, D.C. streetcars"/>
    <tag k="operator" v="Brightwood Railway"/>
    <tag k="start_date" v="1893"/>
    <tag k="end_date" v="1895"/>
    <tag k="ref:streetcar_project" v="L53"/>
    <tag k="railway:traction" v="electric"/>
  </relation>
  <relation id="-402699" version="1">
    <member type="relation" ref="-402698" role=""/>
    <tag k="type" v="chronology"/>
    <tag k="name" v="Brightwood Ry – Petworth / Kenyon St branch"/>
    <tag k="network" v="Washington, D.C. streetcars"/>
    <tag k="operator" v="Brightwood Railway"/>
    <tag k="start_date" v="1893"/>
    <tag k="end_date" v="1895"/>
    <tag k="ref:streetcar_project" v="L53"/>
    <tag k="source" v="LAWS"/>
  </relation>
  <relation id="-402700" version="1">
    <member type="way" ref="-100240" role=""/>
    <member type="way" ref="-100238" role=""/>
    <member type="way" ref="-100170" role=""/>
    <member type="way" ref="-100319" role=""/>
    <member type="way" ref="-100366" role=""/>
    <member type="way" ref="-100388" role=""/>
    <member type="way" ref="-100417" role=""/>
    <member type="way" ref="-100236" role=""/>
    <member type="way" ref="-100297" role=""/>
    <member type="way" ref="-100107" role=""/>
    <member type="way" ref="-100202" role=""/>
    <member type="way" ref="-100052" role=""/>
    <member type="way" ref="-100116" role=""/>
    <tag k="type" v="route"/>
    <tag k="route" v="tram"/>
    <tag k="name" v="City &amp; Suburban – Stanton Square / C &amp; D St NE loop (1894–1902)"/>
    <tag k="network" v="Washington, D.C. streetcars"/>
    <tag k="operator" v="Eckington &amp; Soldiers&apos; Home Railway"/>
    <tag k="start_date" v="1894"/>
    <tag k="end_date" v="1902"/>
    <tag k="ref:streetcar_project" v="L55"/>
    <tag k="railway:traction" v="electric"/>
  </relation>
  <relation id="-402701" version="1">
    <member type="way" ref="-100240" role=""/>
    <member type="way" ref="-100238" role=""/>
    <member type="way" ref="-100170" role=""/>
    <member type="way" ref="-100319" role=""/>
    <member type="way" ref="-100366" role=""/>
    <member type="way" ref="-100388" role=""/>
    <member type="way" ref="-100417" role=""/>
    <member type="way" ref="-100236" role=""/>
    <member type="way" ref="-100297" role=""/>
    <member type="way" ref="-100107" role=""/>
    <member type="way" ref="-100202" role=""/>
    <member type="way" ref="-100052" role=""/>
    <member type="way" ref="-100116" role=""/>
    <tag k="type" v="route"/>
    <tag k="route" v="tram"/>
    <tag k="name" v="City &amp; Suburban – Stanton Square / C &amp; D St NE loop (1902–1908)"/>
    <tag k="network" v="Washington, D.C. streetcars"/>
    <tag k="operator" v="Washington Railway &amp; Electric"/>
    <tag k="start_date" v="1902"/>
    <tag k="end_date" v="1908"/>
    <tag k="ref:streetcar_project" v="L55"/>
    <tag k="railway:traction" v="electric"/>
  </relation>
  <relation id="-402702" version="1">
    <member type="way" ref="-100420" role=""/>
    <member type="way" ref="-100283" role=""/>
    <member type="way" ref="-100096" role=""/>
    <member type="way" ref="-100116" role=""/>
    <member type="way" ref="-100052" role=""/>
    <member type="way" ref="-100202" role=""/>
    <member type="way" ref="-100095" role=""/>
    <tag k="type" v="route"/>
    <tag k="route" v="tram"/>
    <tag k="name" v="City &amp; Suburban – Stanton Square / C &amp; D St NE loop (1908–1934)"/>
    <tag k="network" v="Washington, D.C. streetcars"/>
    <tag k="operator" v="Washington Railway &amp; Electric"/>
    <tag k="start_date" v="1908"/>
    <tag k="end_date" v="1934"/>
    <tag k="ref:streetcar_project" v="L55"/>
    <tag k="railway:traction" v="electric"/>
  </relation>
  <relation id="-402703" version="1">
    <member type="way" ref="-100420" role=""/>
    <member type="way" ref="-100283" role=""/>
    <member type="way" ref="-100096" role=""/>
    <member type="way" ref="-100116" role=""/>
    <member type="way" ref="-100052" role=""/>
    <member type="way" ref="-100202" role=""/>
    <member type="way" ref="-100095" role=""/>
    <tag k="type" v="route"/>
    <tag k="route" v="tram"/>
    <tag k="name" v="City &amp; Suburban – Stanton Square / C &amp; D St NE loop (1934–1956)"/>
    <tag k="network" v="Washington, D.C. streetcars"/>
    <tag k="operator" v="Capital Transit"/>
    <tag k="start_date" v="1934"/>
    <tag k="end_date" v="1956"/>
    <tag k="ref:streetcar_project" v="L55"/>
    <tag k="railway:traction" v="electric"/>
  </relation>
  <relation id="-402704" version="1">
    <member type="way" ref="-100420" role=""/>
    <member type="way" ref="-100283" role=""/>
    <member type="way" ref="-100096" role=""/>
    <member type="way" ref="-100116" role=""/>
    <member type="way" ref="-100052" role=""/>
    <member type="way" ref="-100202" role=""/>
    <member type="way" ref="-100095" role=""/>
    <tag k="type" v="route"/>
    <tag k="route" v="tram"/>
    <tag k="name" v="City &amp; Suburban – Stanton Square / C &amp; D St NE loop (1956–1961)"/>
    <tag k="network" v="Washington, D.C. streetcars"/>
    <tag k="operator" v="D.C. Transit"/>
    <tag k="start_date" v="1956"/>
    <tag k="end_date" v="1961"/>
    <tag k="ref:streetcar_project" v="L55"/>
    <tag k="ref" v="42"/>
    <tag k="railway:traction" v="electric"/>
  </relation>
  <relation id="-402705" version="1">
    <member type="relation" ref="-402700" role=""/>
    <member type="relation" ref="-402701" role=""/>
    <member type="relation" ref="-402702" role=""/>
    <member type="relation" ref="-402703" role=""/>
    <member type="relation" ref="-402704" role=""/>
    <tag k="type" v="chronology"/>
    <tag k="name" v="City &amp; Suburban – Stanton Square / C &amp; D St NE loop"/>
    <tag k="network" v="Washington, D.C. streetcars"/>
    <tag k="operator" v="Eckington &amp; Soldiers&apos; Home Railway"/>
    <tag k="start_date" v="1894"/>
    <tag k="end_date" v="1961"/>
    <tag k="ref:streetcar_project" v="L55"/>
    <tag k="ref" v="42"/>
    <tag k="description" v="Later operators: City &amp; Suburban; WRECo"/>
    <tag k="source" v="LAWS; MAP1910; MAP1924; MAP1942; MAP1958; TUN; MAP1912"/>
  </relation>
  <relation id="-402706" version="1">
    <member type="way" ref="-100392" role=""/>
    <member type="way" ref="-100262" role=""/>
    <member type="way" ref="-100298" role=""/>
    <member type="way" ref="-100077" role=""/>
    <member type="way" ref="-100301" role=""/>
    <member type="way" ref="-100106" role=""/>
    <member type="way" ref="-100317" role=""/>
    <member type="way" ref="-100114" role=""/>
    <member type="way" ref="-100201" role=""/>
    <member type="way" ref="-100299" role=""/>
    <member type="way" ref="-100062" role=""/>
    <tag k="type" v="route"/>
    <tag k="route" v="tram"/>
    <tag k="name" v="West End loops / Potomac Park terminal (1901–1916)"/>
    <tag k="network" v="Washington, D.C. streetcars"/>
    <tag k="operator" v="Capital Traction"/>
    <tag k="start_date" v="1901"/>
    <tag k="end_date" v="1916"/>
    <tag k="ref:streetcar_project" v="L56"/>
    <tag k="railway:traction" v="electric"/>
  </relation>
  <relation id="-402707" version="1">
    <member type="way" ref="-100392" role=""/>
    <member type="way" ref="-100262" role=""/>
    <member type="way" ref="-100336" role=""/>
    <member type="way" ref="-100299" role=""/>
    <member type="way" ref="-100337" role=""/>
    <member type="way" ref="-100298" role=""/>
    <member type="way" ref="-100201" role=""/>
    <member type="way" ref="-100060" role=""/>
    <member type="way" ref="-100062" role=""/>
    <member type="way" ref="-100301" role=""/>
    <member type="way" ref="-100114" role=""/>
    <member type="way" ref="-100317" role=""/>
    <member type="way" ref="-100106" role=""/>
    <member type="way" ref="-100077" role=""/>
    <tag k="type" v="route"/>
    <tag k="route" v="tram"/>
    <tag k="name" v="West End loops / Potomac Park terminal (1916–1934)"/>
    <tag k="network" v="Washington, D.C. streetcars"/>
    <tag k="operator" v="Capital Traction"/>
    <tag k="start_date" v="1916"/>
    <tag k="end_date" v="1934"/>
    <tag k="ref:streetcar_project" v="L56"/>
    <tag k="railway:traction" v="electric"/>
  </relation>
  <relation id="-402708" version="1">
    <member type="way" ref="-100392" role=""/>
    <member type="way" ref="-100262" role=""/>
    <member type="way" ref="-100336" role=""/>
    <member type="way" ref="-100299" role=""/>
    <member type="way" ref="-100337" role=""/>
    <member type="way" ref="-100298" role=""/>
    <member type="way" ref="-100201" role=""/>
    <member type="way" ref="-100060" role=""/>
    <member type="way" ref="-100062" role=""/>
    <member type="way" ref="-100301" role=""/>
    <member type="way" ref="-100114" role=""/>
    <member type="way" ref="-100317" role=""/>
    <member type="way" ref="-100106" role=""/>
    <member type="way" ref="-100077" role=""/>
    <tag k="type" v="route"/>
    <tag k="route" v="tram"/>
    <tag k="name" v="West End loops / Potomac Park terminal (1934–1956)"/>
    <tag k="network" v="Washington, D.C. streetcars"/>
    <tag k="operator" v="Capital Transit"/>
    <tag k="start_date" v="1934"/>
    <tag k="end_date" v="1956"/>
    <tag k="ref:streetcar_project" v="L56"/>
    <tag k="railway:traction" v="electric"/>
  </relation>
  <relation id="-402709" version="1">
    <member type="way" ref="-100392" role=""/>
    <member type="way" ref="-100262" role=""/>
    <member type="way" ref="-100336" role=""/>
    <member type="way" ref="-100299" role=""/>
    <member type="way" ref="-100337" role=""/>
    <member type="way" ref="-100298" role=""/>
    <member type="way" ref="-100201" role=""/>
    <member type="way" ref="-100060" role=""/>
    <member type="way" ref="-100062" role=""/>
    <member type="way" ref="-100301" role=""/>
    <member type="way" ref="-100114" role=""/>
    <member type="way" ref="-100317" role=""/>
    <member type="way" ref="-100106" role=""/>
    <member type="way" ref="-100077" role=""/>
    <tag k="type" v="route"/>
    <tag k="route" v="tram"/>
    <tag k="name" v="West End loops / Potomac Park terminal (1956–1958)"/>
    <tag k="network" v="Washington, D.C. streetcars"/>
    <tag k="operator" v="D.C. Transit"/>
    <tag k="start_date" v="1956"/>
    <tag k="end_date" v="1958"/>
    <tag k="ref:streetcar_project" v="L56"/>
    <tag k="ref" v="80;82"/>
    <tag k="railway:traction" v="electric"/>
  </relation>
  <relation id="-402710" version="1">
    <member type="relation" ref="-402706" role=""/>
    <member type="relation" ref="-402707" role=""/>
    <member type="relation" ref="-402708" role=""/>
    <member type="relation" ref="-402709" role=""/>
    <tag k="type" v="chronology"/>
    <tag k="name" v="West End loops / Potomac Park terminal"/>
    <tag k="network" v="Washington, D.C. streetcars"/>
    <tag k="operator" v="Capital Traction"/>
    <tag k="start_date" v="1901"/>
    <tag k="end_date" v="1958"/>
    <tag k="ref:streetcar_project" v="L56"/>
    <tag k="ref" v="80;82"/>
    <tag k="description" v="Later operators: Capital Transit; D.C. Transit"/>
    <tag k="source" v="WP-PennAve; TIN; MAP1910; MAP1924; MAP1942; TUN; MAP1958; MAP1912"/>
  </relation>
  <relation id="-402711" version="1">
    <member type="way" ref="-100272" role=""/>
    <member type="way" ref="-100155" role=""/>
    <tag k="type" v="route"/>
    <tag k="route" v="tram"/>
    <tag k="name" v="McLean Gardens loop (1943–1956)"/>
    <tag k="network" v="Washington, D.C. streetcars"/>
    <tag k="operator" v="Capital Transit"/>
    <tag k="start_date" v="1943"/>
    <tag k="end_date" v="1956"/>
    <tag k="ref:streetcar_project" v="L57"/>
    <tag k="start_date:edtf" v="1943~"/>
    <tag k="ref" v="30"/>
    <tag k="railway:traction" v="horse"/>
  </relation>
  <relation id="-402712" version="1">
    <member type="way" ref="-100272" role=""/>
    <member type="way" ref="-100155" role=""/>
    <tag k="type" v="route"/>
    <tag k="route" v="tram"/>
    <tag k="name" v="McLean Gardens loop (1956–1960)"/>
    <tag k="network" v="Washington, D.C. streetcars"/>
    <tag k="operator" v="D.C. Transit"/>
    <tag k="start_date" v="1956"/>
    <tag k="end_date" v="1960"/>
    <tag k="ref:streetcar_project" v="L57"/>
    <tag k="ref" v="30"/>
    <tag k="railway:traction" v="horse"/>
  </relation>
  <relation id="-402713" version="1">
    <member type="relation" ref="-402711" role=""/>
    <member type="relation" ref="-402712" role=""/>
    <tag k="type" v="chronology"/>
    <tag k="name" v="McLean Gardens loop"/>
    <tag k="network" v="Washington, D.C. streetcars"/>
    <tag k="operator" v="Capital Transit"/>
    <tag k="start_date" v="1943"/>
    <tag k="end_date" v="1960"/>
    <tag k="ref:streetcar_project" v="L57"/>
    <tag k="start_date:edtf" v="1943~"/>
    <tag k="ref" v="30"/>
    <tag k="description" v="Later operators: D.C. Transit"/>
    <tag k="source" v="MAP1958"/>
  </relation>
  <relation id="-402714" version="1">
    <member type="way" ref="-100259" role=""/>
    <member type="way" ref="-100383" role=""/>
    <member type="way" ref="-100416" role=""/>
    <member type="way" ref="-100338" role=""/>
    <member type="way" ref="-100251" role=""/>
    <tag k="type" v="route"/>
    <tag k="route" v="tram"/>
    <tag k="name" v="Louisiana Ave trackage (route 20 to Union Station) (1908–1934)"/>
    <tag k="network" v="Washington, D.C. streetcars"/>
    <tag k="operator" v="Washington Railway &amp; Electric"/>
    <tag k="start_date" v="1908"/>
    <tag k="end_date" v="1934"/>
    <tag k="ref:streetcar_project" v="L58"/>
    <tag k="start_date:edtf" v="1908~"/>
    <tag k="railway:traction" v="horse"/>
  </relation>
  <relation id="-402715" version="1">
    <member type="way" ref="-100259" role=""/>
    <member type="way" ref="-100383" role=""/>
    <member type="way" ref="-100416" role=""/>
    <member type="way" ref="-100338" role=""/>
    <member type="way" ref="-100251" role=""/>
    <tag k="type" v="route"/>
    <tag k="route" v="tram"/>
    <tag k="name" v="Louisiana Ave trackage (route 20 to Union Station) (1934–1949)"/>
    <tag k="network" v="Washington, D.C. streetcars"/>
    <tag k="operator" v="Capital Transit"/>
    <tag k="start_date" v="1934"/>
    <tag k="end_date" v="1949"/>
    <tag k="ref:streetcar_project" v="L58"/>
    <tag k="railway:traction" v="horse"/>
  </relation>
  <relation id="-402716" version="1">
    <member type="relation" ref="-402714" role=""/>
    <member type="relation" ref="-402715" role=""/>
    <tag k="type" v="chronology"/>
    <tag k="name" v="Louisiana Ave trackage (route 20 to Union Station)"/>
    <tag k="network" v="Washington, D.C. streetcars"/>
    <tag k="operator" v="Not identified"/>
    <tag k="start_date" v="1908"/>
    <tag k="end_date" v="1949"/>
    <tag k="ref:streetcar_project" v="L58"/>
    <tag k="start_date:edtf" v="1908~"/>
    <tag k="ref" v="20"/>
    <tag k="description" v="Later operators: Capital Transit"/>
    <tag k="source" v="TUN"/>
  </relation>
  <relation id="-402717" version="1">
    <member type="way" ref="-100002" role=""/>
    <tag k="type" v="route"/>
    <tag k="route" v="tram"/>
    <tag k="name" v="Washington &amp; Great Falls Railway &amp; Power Co. (1913–1921)"/>
    <tag k="network" v="Washington, D.C. streetcars"/>
    <tag k="operator" v="Washington Railway &amp; Electric"/>
    <tag k="start_date" v="1913"/>
    <tag k="end_date" v="1921"/>
    <tag k="ref:streetcar_project" v="L40"/>
    <tag k="railway:traction" v="electric"/>
  </relation>
  <relation id="-402718" version="1">
    <member type="relation" ref="-402717" role=""/>
    <tag k="type" v="chronology"/>
    <tag k="name" v="Washington &amp; Great Falls Railway &amp; Power Co."/>
    <tag k="network" v="Washington, D.C. streetcars"/>
    <tag k="operator" v="Washington &amp; Great Falls Railway &amp; Power Co. (operated by WRECo)"/>
    <tag k="start_date" v="1913"/>
    <tag k="end_date" v="1921"/>
    <tag k="ref:streetcar_project" v="L40"/>
    <tag k="source" v="WPMD; MPD"/>
  </relation>
  <relation id="-402719" version="1">
    <member type="way" ref="-100374" role=""/>
    <member type="way" ref="-100018" role=""/>
    <tag k="type" v="route"/>
    <tag k="route" v="tram"/>
    <tag k="name" v="Forest Glen line (1897–1902)"/>
    <tag k="network" v="Washington, D.C. streetcars"/>
    <tag k="operator" v="Washington, Woodside &amp; Forest Glen Railway"/>
    <tag k="start_date" v="1897"/>
    <tag k="end_date" v="1902"/>
    <tag k="ref:streetcar_project" v="L41"/>
    <tag k="railway:traction" v="electric"/>
  </relation>
  <relation id="-402720" version="1">
    <member type="way" ref="-100374" role=""/>
    <member type="way" ref="-100018" role=""/>
    <tag k="type" v="route"/>
    <tag k="route" v="tram"/>
    <tag k="name" v="Forest Glen line (1902–1924)"/>
    <tag k="network" v="Washington, D.C. streetcars"/>
    <tag k="operator" v="Washington Railway &amp; Electric"/>
    <tag k="start_date" v="1902"/>
    <tag k="end_date" v="1924"/>
    <tag k="ref:streetcar_project" v="L41"/>
    <tag k="railway:traction" v="electric"/>
  </relation>
  <relation id="-402721" version="1">
    <member type="relation" ref="-402719" role=""/>
    <member type="relation" ref="-402720" role=""/>
    <tag k="type" v="chronology"/>
    <tag k="name" v="Forest Glen line"/>
    <tag k="network" v="Washington, D.C. streetcars"/>
    <tag k="operator" v="Washington, Woodside &amp; Forest Glen Railway"/>
    <tag k="start_date" v="1897"/>
    <tag k="end_date" v="1924"/>
    <tag k="ref:streetcar_project" v="L41"/>
    <tag k="description" v="Later operators: WRECo"/>
    <tag k="source" v="WPMD; CRF"/>
  </relation>
  <relation id="-402722" version="1">
    <member type="way" ref="-100419" role=""/>
    <member type="way" ref="-100315" role=""/>
    <member type="way" ref="-100030" role=""/>
    <tag k="type" v="route"/>
    <tag k="route" v="tram"/>
    <tag k="name" v="&apos;Dinky Line&apos; – Takoma to Sligo (1897–1916)"/>
    <tag k="network" v="Washington, D.C. streetcars"/>
    <tag k="operator" v="Baltimore &amp; Washington Transit Co."/>
    <tag k="start_date" v="1897"/>
    <tag k="end_date" v="1916"/>
    <tag k="ref:streetcar_project" v="L42"/>
    <tag k="railway:traction" v="electric"/>
  </relation>
  <relation id="-402723" version="1">
    <member type="way" ref="-100419" role=""/>
    <member type="way" ref="-100315" role=""/>
    <member type="way" ref="-100030" role=""/>
    <tag k="type" v="route"/>
    <tag k="route" v="tram"/>
    <tag k="name" v="&apos;Dinky Line&apos; – Takoma to Sligo (1916–1927)"/>
    <tag k="network" v="Washington, D.C. streetcars"/>
    <tag k="operator" v="Capital Traction"/>
    <tag k="start_date" v="1916"/>
    <tag k="end_date" v="1927"/>
    <tag k="ref:streetcar_project" v="L42"/>
    <tag k="railway:traction" v="electric"/>
  </relation>
  <relation id="-402724" version="1">
    <member type="relation" ref="-402722" role=""/>
    <member type="relation" ref="-402723" role=""/>
    <tag k="type" v="chronology"/>
    <tag k="name" v="&apos;Dinky Line&apos; – Takoma to Sligo"/>
    <tag k="network" v="Washington, D.C. streetcars"/>
    <tag k="operator" v="Baltimore &amp; Washington Transit Co."/>
    <tag k="start_date" v="1897"/>
    <tag k="end_date" v="1927"/>
    <tag k="ref:streetcar_project" v="L42"/>
    <tag k="description" v="Later operators: Washington &amp; Maryland Ry (1910/1914); Capital Traction (1916)"/>
    <tag k="source" v="WP; WPMD; MPD; CRF"/>
  </relation>
  <relation id="-402725" version="1">
    <member type="way" ref="-100123" role=""/>
    <member type="way" ref="-100029" role=""/>
    <tag k="type" v="route"/>
    <tag k="route" v="tram"/>
    <tag k="name" v="Kennedy Street / 3rd Street – Takoma line (1910–1916)"/>
    <tag k="network" v="Washington, D.C. streetcars"/>
    <tag k="operator" v="Washington &amp; Maryland Railway"/>
    <tag k="start_date" v="1910"/>
    <tag k="end_date" v="1916"/>
    <tag k="ref:streetcar_project" v="L43"/>
    <tag k="railway:traction" v="electric"/>
  </relation>
  <relation id="-402726" version="1">
    <member type="way" ref="-100123" role=""/>
    <member type="way" ref="-100029" role=""/>
    <tag k="type" v="route"/>
    <tag k="route" v="tram"/>
    <tag k="name" v="Kennedy Street / 3rd Street – Takoma line (1916–1934)"/>
    <tag k="network" v="Washington, D.C. streetcars"/>
    <tag k="operator" v="Capital Traction"/>
    <tag k="start_date" v="1916"/>
    <tag k="end_date" v="1934"/>
    <tag k="ref:streetcar_project" v="L43"/>
    <tag k="railway:traction" v="electric"/>
  </relation>
  <relation id="-402727" version="1">
    <member type="way" ref="-100123" role=""/>
    <member type="way" ref="-100029" role=""/>
    <tag k="type" v="route"/>
    <tag k="route" v="tram"/>
    <tag k="name" v="Kennedy Street / 3rd Street – Takoma line (1934–1936)"/>
    <tag k="network" v="Washington, D.C. streetcars"/>
    <tag k="operator" v="Capital Transit"/>
    <tag k="start_date" v="1934"/>
    <tag k="end_date" v="1936"/>
    <tag k="ref:streetcar_project" v="L43"/>
    <tag k="railway:traction" v="electric"/>
  </relation>
  <relation id="-402728" version="1">
    <member type="relation" ref="-402725" role=""/>
    <member type="relation" ref="-402726" role=""/>
    <member type="relation" ref="-402727" role=""/>
    <tag k="type" v="chronology"/>
    <tag k="name" v="Kennedy Street / 3rd Street – Takoma line"/>
    <tag k="network" v="Washington, D.C. streetcars"/>
    <tag k="operator" v="Washington &amp; Maryland Railway"/>
    <tag k="start_date" v="1910"/>
    <tag k="end_date" v="1936"/>
    <tag k="ref:streetcar_project" v="L43"/>
    <tag k="description" v="Later operators: Capital Traction (1916); Capital Transit"/>
    <tag k="source" v="WP; CRF"/>
  </relation>
  <relation id="-402729" version="1">
    <member type="way" ref="-100043" role=""/>
    <tag k="type" v="route"/>
    <tag k="route" v="tram"/>
    <tag k="name" v="East Washington Heights Traction (1903–1905)"/>
    <tag k="network" v="Washington, D.C. streetcars"/>
    <tag k="operator" v="East Washington Heights Traction Railroad"/>
    <tag k="start_date" v="1903"/>
    <tag k="end_date" v="1905"/>
    <tag k="ref:streetcar_project" v="L45"/>
    <tag k="railway:traction" v="horse"/>
  </relation>
  <relation id="-402730" version="1">
    <member type="way" ref="-100043" role=""/>
    <tag k="type" v="route"/>
    <tag k="route" v="tram"/>
    <tag k="name" v="East Washington Heights Traction (1905–1917)"/>
    <tag k="network" v="Washington, D.C. streetcars"/>
    <tag k="operator" v="East Washington Heights Traction Railroad"/>
    <tag k="start_date" v="1905"/>
    <tag k="end_date" v="1917"/>
    <tag k="ref:streetcar_project" v="L45"/>
    <tag k="railway:traction" v="electric"/>
  </relation>
  <relation id="-402731" version="1">
    <member type="way" ref="-100068" role=""/>
    <member type="way" ref="-100043" role=""/>
    <tag k="type" v="route"/>
    <tag k="route" v="tram"/>
    <tag k="name" v="East Washington Heights Traction (1917–1923)"/>
    <tag k="network" v="Washington, D.C. streetcars"/>
    <tag k="operator" v="East Washington Heights Traction Railroad"/>
    <tag k="start_date" v="1917"/>
    <tag k="end_date" v="1923"/>
    <tag k="ref:streetcar_project" v="L45"/>
    <tag k="railway:traction" v="electric"/>
  </relation>
  <relation id="-402732" version="1">
    <member type="relation" ref="-402729" role=""/>
    <member type="relation" ref="-402730" role=""/>
    <member type="relation" ref="-402731" role=""/>
    <tag k="type" v="chronology"/>
    <tag k="name" v="East Washington Heights Traction"/>
    <tag k="network" v="Washington, D.C. streetcars"/>
    <tag k="operator" v="East Washington Heights Traction Railroad"/>
    <tag k="start_date" v="1903"/>
    <tag k="end_date" v="1923"/>
    <tag k="ref:streetcar_project" v="L45"/>
    <tag k="source" v="WP; CRF"/>
  </relation>
  <relation id="-402733" version="1">
    <member type="way" ref="-100015" role=""/>
    <tag k="type" v="route"/>
    <tag k="route" v="tram"/>
    <tag k="name" v="Bladensburg Road line (1910–1912)"/>
    <tag k="network" v="Washington, D.C. streetcars"/>
    <tag k="operator" v="Washington, Spa Spring &amp; Gretta Railroad"/>
    <tag k="start_date" v="1910"/>
    <tag k="end_date" v="1912"/>
    <tag k="ref:streetcar_project" v="L46"/>
    <tag k="railway:traction" v="electric"/>
  </relation>
  <relation id="-402734" version="1">
    <member type="way" ref="-100015" role=""/>
    <member type="way" ref="-100011" role=""/>
    <tag k="type" v="route"/>
    <tag k="route" v="tram"/>
    <tag k="name" v="Bladensburg Road line (1912–1923)"/>
    <tag k="network" v="Washington, D.C. streetcars"/>
    <tag k="operator" v="Washington, Spa Spring &amp; Gretta Railroad"/>
    <tag k="start_date" v="1912"/>
    <tag k="end_date" v="1923"/>
    <tag k="ref:streetcar_project" v="L46"/>
    <tag k="railway:traction" v="electric"/>
  </relation>
  <relation id="-402735" version="1">
    <member type="relation" ref="-402733" role=""/>
    <member type="relation" ref="-402734" role=""/>
    <tag k="type" v="chronology"/>
    <tag k="name" v="Bladensburg Road line"/>
    <tag k="network" v="Washington, D.C. streetcars"/>
    <tag k="operator" v="Washington, Spa Spring &amp; Gretta Railroad"/>
    <tag k="start_date" v="1910"/>
    <tag k="end_date" v="1923"/>
    <tag k="ref:streetcar_project" v="L46"/>
    <tag k="description" v="Later operators: Washington Interurban Railway (1912) / Railroad (1916)"/>
    <tag k="source" v="WP; MPD; CRF"/>
  </relation>
  <relation id="-402736" version="1">
    <member type="way" ref="-100367" role=""/>
    <member type="way" ref="-100145" role=""/>
    <tag k="type" v="route"/>
    <tag k="route" v="tram"/>
    <tag k="name" v="LeDroit Park line (1875–1896)"/>
    <tag k="network" v="Washington, D.C. streetcars"/>
    <tag k="operator" v="Belt Railway"/>
    <tag k="start_date" v="1875"/>
    <tag k="end_date" v="1896"/>
    <tag k="ref:streetcar_project" v="L48"/>
    <tag k="railway:traction" v="horse"/>
  </relation>
  <relation id="-402737" version="1">
    <member type="way" ref="-100367" role=""/>
    <member type="way" ref="-100145" role=""/>
    <member type="way" ref="-100058" role=""/>
    <member type="way" ref="-100057" role=""/>
    <tag k="type" v="route"/>
    <tag k="route" v="tram"/>
    <tag k="name" v="LeDroit Park line (1896–1900)"/>
    <tag k="network" v="Washington, D.C. streetcars"/>
    <tag k="operator" v="Belt Railway"/>
    <tag k="start_date" v="1896"/>
    <tag k="end_date" v="1900"/>
    <tag k="ref:streetcar_project" v="L48"/>
    <tag k="railway:traction" v="horse"/>
  </relation>
  <relation id="-402738" version="1">
    <member type="way" ref="-100367" role=""/>
    <member type="way" ref="-100145" role=""/>
    <member type="way" ref="-100058" role=""/>
    <member type="way" ref="-100057" role=""/>
    <tag k="type" v="route"/>
    <tag k="route" v="tram"/>
    <tag k="name" v="LeDroit Park line (1900–1912)"/>
    <tag k="network" v="Washington, D.C. streetcars"/>
    <tag k="operator" v="Belt Railway"/>
    <tag k="start_date" v="1900"/>
    <tag k="end_date" v="1912"/>
    <tag k="ref:streetcar_project" v="L48"/>
    <tag k="railway:traction" v="electric"/>
  </relation>
  <relation id="-402739" version="1">
    <member type="way" ref="-100367" role=""/>
    <member type="way" ref="-100145" role=""/>
    <member type="way" ref="-100058" role=""/>
    <member type="way" ref="-100057" role=""/>
    <tag k="type" v="route"/>
    <tag k="route" v="tram"/>
    <tag k="name" v="LeDroit Park line (1912–1934)"/>
    <tag k="network" v="Washington, D.C. streetcars"/>
    <tag k="operator" v="Washington Railway &amp; Electric"/>
    <tag k="start_date" v="1912"/>
    <tag k="end_date" v="1934"/>
    <tag k="ref:streetcar_project" v="L48"/>
    <tag k="railway:traction" v="electric"/>
  </relation>
  <relation id="-402740" version="1">
    <member type="way" ref="-100367" role=""/>
    <member type="way" ref="-100145" role=""/>
    <member type="way" ref="-100058" role=""/>
    <member type="way" ref="-100057" role=""/>
    <tag k="type" v="route"/>
    <tag k="route" v="tram"/>
    <tag k="name" v="LeDroit Park line (1934–1935)"/>
    <tag k="network" v="Washington, D.C. streetcars"/>
    <tag k="operator" v="Capital Transit"/>
    <tag k="start_date" v="1934"/>
    <tag k="end_date" v="1935"/>
    <tag k="ref:streetcar_project" v="L48"/>
    <tag k="railway:traction" v="electric"/>
  </relation>
  <relation id="-402741" version="1">
    <member type="relation" ref="-402736" role=""/>
    <member type="relation" ref="-402737" role=""/>
    <member type="relation" ref="-402738" role=""/>
    <member type="relation" ref="-402739" role=""/>
    <member type="relation" ref="-402740" role=""/>
    <tag k="type" v="chronology"/>
    <tag k="name" v="LeDroit Park line"/>
    <tag k="network" v="Washington, D.C. streetcars"/>
    <tag k="operator" v="Belt Railway (1896 extension)"/>
    <tag k="start_date" v="1875"/>
    <tag k="end_date" v="1935"/>
    <tag k="ref:streetcar_project" v="L48"/>
    <tag k="description" v="Later operators: WRECo; Capital Transit"/>
    <tag k="source" v="MPD; CRF; LAWS"/>
  </relation>
  <relation id="-402742" version="1">
    <member type="way" ref="-100102" role=""/>
    <member type="way" ref="-100179" role=""/>
    <member type="way" ref="-100414" role=""/>
    <member type="way" ref="-100375" role=""/>
    <member type="way" ref="-100101" role=""/>
    <tag k="type" v="route"/>
    <tag k="route" v="tram"/>
    <tag k="name" v="Key Bridge – Rosslyn line (1923–1934)"/>
    <tag k="network" v="Washington, D.C. streetcars"/>
    <tag k="operator" v="Capital Traction"/>
    <tag k="start_date" v="1923"/>
    <tag k="end_date" v="1934"/>
    <tag k="ref:streetcar_project" v="L49"/>
    <tag k="railway:traction" v="electric"/>
  </relation>
  <relation id="-402743" version="1">
    <member type="way" ref="-100102" role=""/>
    <member type="way" ref="-100179" role=""/>
    <member type="way" ref="-100414" role=""/>
    <member type="way" ref="-100375" role=""/>
    <member type="way" ref="-100101" role=""/>
    <tag k="type" v="route"/>
    <tag k="route" v="tram"/>
    <tag k="name" v="Key Bridge – Rosslyn line (1934–1956)"/>
    <tag k="network" v="Washington, D.C. streetcars"/>
    <tag k="operator" v="Capital Transit"/>
    <tag k="start_date" v="1934"/>
    <tag k="end_date" v="1956"/>
    <tag k="ref:streetcar_project" v="L49"/>
    <tag k="railway:traction" v="electric"/>
  </relation>
  <relation id="-402744" version="1">
    <member type="relation" ref="-402742" role=""/>
    <member type="relation" ref="-402743" role=""/>
    <tag k="type" v="chronology"/>
    <tag k="name" v="Key Bridge – Rosslyn line"/>
    <tag k="network" v="Washington, D.C. streetcars"/>
    <tag k="operator" v="Capital Traction"/>
    <tag k="start_date" v="1923"/>
    <tag k="end_date" v="1956"/>
    <tag k="ref:streetcar_project" v="L49"/>
    <tag k="ref" v="10"/>
    <tag k="description" v="Later operators: Capital Transit"/>
    <tag k="source" v="WP; CRF; GDC; TUN"/>
  </relation>
  <relation id="-402745" version="1">
    <member type="way" ref="-100446" role=""/>
    <member type="way" ref="-100445" role=""/>
    <tag k="type" v="route"/>
    <tag k="route" v="tram"/>
    <tag k="name" v="Bureau of Engraving loop / Southwest government trackage (1895–1902)"/>
    <tag k="network" v="Washington, D.C. streetcars"/>
    <tag k="operator" v="WRECo predecessor"/>
    <tag k="start_date" v="1895"/>
    <tag k="end_date" v="1902"/>
    <tag k="ref:streetcar_project" v="L51"/>
    <tag k="railway:traction" v="electric"/>
  </relation>
  <relation id="-402746" version="1">
    <member type="way" ref="-100446" role=""/>
    <member type="way" ref="-100445" role=""/>
    <tag k="type" v="route"/>
    <tag k="route" v="tram"/>
    <tag k="name" v="Bureau of Engraving loop / Southwest government trackage (1902–1934)"/>
    <tag k="network" v="Washington, D.C. streetcars"/>
    <tag k="operator" v="Washington Railway &amp; Electric"/>
    <tag k="start_date" v="1902"/>
    <tag k="end_date" v="1934"/>
    <tag k="ref:streetcar_project" v="L51"/>
    <tag k="railway:traction" v="electric"/>
  </relation>
  <relation id="-402747" version="1">
    <member type="way" ref="-100446" role=""/>
    <member type="way" ref="-100445" role=""/>
    <tag k="type" v="route"/>
    <tag k="route" v="tram"/>
    <tag k="name" v="Bureau of Engraving loop / Southwest government trackage (1934–1956)"/>
    <tag k="network" v="Washington, D.C. streetcars"/>
    <tag k="operator" v="Capital Transit"/>
    <tag k="start_date" v="1934"/>
    <tag k="end_date" v="1956"/>
    <tag k="ref:streetcar_project" v="L51"/>
    <tag k="railway:traction" v="electric"/>
  </relation>
  <relation id="-402748" version="1">
    <member type="way" ref="-100446" role=""/>
    <member type="way" ref="-100445" role=""/>
    <tag k="type" v="route"/>
    <tag k="route" v="tram"/>
    <tag k="name" v="Bureau of Engraving loop / Southwest government trackage (1956–1962)"/>
    <tag k="network" v="Washington, D.C. streetcars"/>
    <tag k="operator" v="D.C. Transit"/>
    <tag k="start_date" v="1956"/>
    <tag k="end_date" v="1962"/>
    <tag k="ref:streetcar_project" v="L51"/>
    <tag k="ref" v="50"/>
    <tag k="railway:traction" v="electric"/>
  </relation>
  <relation id="-402749" version="1">
    <member type="relation" ref="-402745" role=""/>
    <member type="relation" ref="-402746" role=""/>
    <member type="relation" ref="-402747" role=""/>
    <member type="relation" ref="-402748" role=""/>
    <tag k="type" v="chronology"/>
    <tag k="name" v="Bureau of Engraving loop / Southwest government trackage"/>
    <tag k="network" v="Washington, D.C. streetcars"/>
    <tag k="operator" v="WRECo predecessor; Capital Transit"/>
    <tag k="start_date" v="1895"/>
    <tag k="end_date" v="1962"/>
    <tag k="ref:streetcar_project" v="L51"/>
    <tag k="ref" v="50"/>
    <tag k="description" v="Later operators: D.C. Transit"/>
    <tag k="source" v="WP; MPD"/>
  </relation>
  <relation id="-402750" version="1">
    <member type="way" ref="-100004" role=""/>
    <member type="way" ref="-100445" role=""/>
    <tag k="type" v="route"/>
    <tag k="route" v="tram"/>
    <tag k="name" v="Washington, Alexandria &amp; Mount Vernon line (1892–1896)"/>
    <tag k="network" v="Washington, D.C. streetcars"/>
    <tag k="operator" v="Washington, Alexandria &amp; Mount Vernon Electric Railway"/>
    <tag k="start_date" v="1892"/>
    <tag k="end_date" v="1896"/>
    <tag k="ref:streetcar_project" v="V01"/>
    <tag k="railway:traction" v="electric"/>
  </relation>
  <relation id="-402751" version="1">
    <member type="way" ref="-100004" role=""/>
    <member type="way" ref="-100014" role=""/>
    <member type="way" ref="-100352" role=""/>
    <member type="way" ref="-100025" role=""/>
    <member type="way" ref="-100446" role=""/>
    <member type="way" ref="-100445" role=""/>
    <tag k="type" v="route"/>
    <tag k="route" v="tram"/>
    <tag k="name" v="Washington, Alexandria &amp; Mount Vernon line (1896–1932)"/>
    <tag k="network" v="Washington, D.C. streetcars"/>
    <tag k="operator" v="Washington, Alexandria &amp; Mount Vernon Electric Railway"/>
    <tag k="start_date" v="1896"/>
    <tag k="end_date" v="1932"/>
    <tag k="ref:streetcar_project" v="V01"/>
    <tag k="railway:traction" v="electric"/>
  </relation>
  <relation id="-402752" version="1">
    <member type="relation" ref="-402750" role=""/>
    <member type="relation" ref="-402751" role=""/>
    <tag k="type" v="chronology"/>
    <tag k="name" v="Washington, Alexandria &amp; Mount Vernon line"/>
    <tag k="network" v="Washington, D.C. streetcars"/>
    <tag k="operator" v="Washington, Alexandria &amp; Mount Vernon Electric Railway"/>
    <tag k="start_date" v="1892"/>
    <tag k="end_date" v="1932"/>
    <tag k="ref:streetcar_project" v="V01"/>
    <tag k="description" v="Later operators: Washington-Virginia Railway (1910)"/>
    <tag k="source" v="WP; WPVA"/>
  </relation>
  <relation id="-402753" version="1">
    <member type="way" ref="-100377" role=""/>
    <member type="way" ref="-100017" role=""/>
    <member type="way" ref="-100394" role=""/>
    <member type="way" ref="-100395" role=""/>
    <member type="way" ref="-100396" role=""/>
    <member type="way" ref="-100288" role=""/>
    <tag k="type" v="route"/>
    <tag k="route" v="tram"/>
    <tag k="name" v="Rosslyn branch (East Arlington) (1896–1921)"/>
    <tag k="network" v="Washington, D.C. streetcars"/>
    <tag k="operator" v="Washington, Alexandria &amp; Mount Vernon Electric Railway"/>
    <tag k="start_date" v="1896"/>
    <tag k="end_date" v="1921"/>
    <tag k="ref:streetcar_project" v="V02"/>
    <tag k="railway:traction" v="electric"/>
  </relation>
  <relation id="-402754" version="1">
    <member type="relation" ref="-402753" role=""/>
    <tag k="type" v="chronology"/>
    <tag k="name" v="Rosslyn branch (East Arlington)"/>
    <tag k="network" v="Washington, D.C. streetcars"/>
    <tag k="operator" v="Washington, Alexandria &amp; Mount Vernon Electric Railway"/>
    <tag k="start_date" v="1896"/>
    <tag k="end_date" v="1921"/>
    <tag k="ref:streetcar_project" v="V02"/>
    <tag k="description" v="Later operators: Washington-Virginia Railway"/>
    <tag k="source" v="WPVA"/>
  </relation>
  <relation id="-402755" version="1">
    <member type="way" ref="-100401" role=""/>
    <member type="way" ref="-100361" role=""/>
    <member type="way" ref="-100135" role=""/>
    <member type="way" ref="-100033" role=""/>
    <member type="way" ref="-100031" role=""/>
    <tag k="type" v="route"/>
    <tag k="route" v="tram"/>
    <tag k="name" v="Nauck (Fort Myer) line (1892–1896)"/>
    <tag k="network" v="Washington, D.C. streetcars"/>
    <tag k="operator" v="Washington, Arlington &amp; Falls Church Railway"/>
    <tag k="start_date" v="1892"/>
    <tag k="end_date" v="1896"/>
    <tag k="ref:streetcar_project" v="V03"/>
    <tag k="railway:traction" v="horse"/>
  </relation>
  <relation id="-402756" version="1">
    <member type="way" ref="-100401" role=""/>
    <member type="way" ref="-100361" role=""/>
    <member type="way" ref="-100135" role=""/>
    <member type="way" ref="-100033" role=""/>
    <member type="way" ref="-100031" role=""/>
    <tag k="type" v="route"/>
    <tag k="route" v="tram"/>
    <tag k="name" v="Nauck (Fort Myer) line (1896–1939)"/>
    <tag k="network" v="Washington, D.C. streetcars"/>
    <tag k="operator" v="Washington, Arlington &amp; Falls Church Railway"/>
    <tag k="start_date" v="1896"/>
    <tag k="end_date" v="1939"/>
    <tag k="ref:streetcar_project" v="V03"/>
    <tag k="end_date:edtf" v="1939"/>
    <tag k="railway:traction" v="electric"/>
  </relation>
  <relation id="-402757" version="1">
    <member type="relation" ref="-402755" role=""/>
    <member type="relation" ref="-402756" role=""/>
    <tag k="type" v="chronology"/>
    <tag k="name" v="Nauck (Fort Myer) line"/>
    <tag k="network" v="Washington, D.C. streetcars"/>
    <tag k="operator" v="Washington, Arlington &amp; Falls Church Railway"/>
    <tag k="start_date" v="1892"/>
    <tag k="end_date" v="1932"/>
    <tag k="ref:streetcar_project" v="V03"/>
    <tag k="end_date:edtf" v="1932~"/>
    <tag k="description" v="Later operators: Washington-Virginia; Arlington &amp; Fairfax (1927)"/>
    <tag k="source" v="WPVA"/>
  </relation>
  <relation id="-402758" version="1">
    <member type="way" ref="-100010" role=""/>
    <member type="way" ref="-100009" role=""/>
    <tag k="type" v="route"/>
    <tag k="route" v="tram"/>
    <tag k="name" v="Fairfax line (1896–1904)"/>
    <tag k="network" v="Washington, D.C. streetcars"/>
    <tag k="operator" v="Washington, Arlington &amp; Falls Church Railway"/>
    <tag k="start_date" v="1896"/>
    <tag k="end_date" v="1904"/>
    <tag k="ref:streetcar_project" v="V04"/>
    <tag k="railway:traction" v="electric"/>
  </relation>
  <relation id="-402759" version="1">
    <member type="way" ref="-100010" role=""/>
    <member type="way" ref="-100009" role=""/>
    <member type="way" ref="-100003" role=""/>
    <tag k="type" v="route"/>
    <tag k="route" v="tram"/>
    <tag k="name" v="Fairfax line (1904–1939)"/>
    <tag k="network" v="Washington, D.C. streetcars"/>
    <tag k="operator" v="Washington, Arlington &amp; Falls Church Railway"/>
    <tag k="start_date" v="1904"/>
    <tag k="end_date" v="1939"/>
    <tag k="ref:streetcar_project" v="V04"/>
    <tag k="railway:traction" v="electric"/>
  </relation>
  <relation id="-402760" version="1">
    <member type="relation" ref="-402758" role=""/>
    <member type="relation" ref="-402759" role=""/>
    <tag k="type" v="chronology"/>
    <tag k="name" v="Fairfax line"/>
    <tag k="network" v="Washington, D.C. streetcars"/>
    <tag k="operator" v="Washington, Arlington &amp; Falls Church Railway"/>
    <tag k="start_date" v="1896"/>
    <tag k="end_date" v="1932"/>
    <tag k="ref:streetcar_project" v="V04"/>
    <tag k="description" v="Later operators: Washington-Virginia (1910); Arlington &amp; Fairfax (1927)"/>
    <tag k="source" v="WP; WPVA"/>
  </relation>
  <relation id="-402761" version="1">
    <member type="way" ref="-100369" role=""/>
    <member type="way" ref="-100393" role=""/>
    <member type="way" ref="-100387" role=""/>
    <member type="way" ref="-100368" role=""/>
    <member type="way" ref="-100104" role=""/>
    <member type="way" ref="-100036" role=""/>
    <tag k="type" v="route"/>
    <tag k="route" v="tram"/>
    <tag k="name" v="North Arlington branch (1896–1939)"/>
    <tag k="network" v="Washington, D.C. streetcars"/>
    <tag k="operator" v="Washington, Arlington &amp; Falls Church Railway"/>
    <tag k="start_date" v="1896"/>
    <tag k="end_date" v="1939"/>
    <tag k="ref:streetcar_project" v="V05"/>
    <tag k="start_date:edtf" v="1896"/>
    <tag k="railway:traction" v="electric"/>
  </relation>
  <relation id="-402762" version="1">
    <member type="relation" ref="-402761" role=""/>
    <tag k="type" v="chronology"/>
    <tag k="name" v="North Arlington branch"/>
    <tag k="network" v="Washington, D.C. streetcars"/>
    <tag k="operator" v="Washington, Arlington &amp; Falls Church Railway"/>
    <tag k="start_date" v="1906"/>
    <tag k="end_date" v="1939"/>
    <tag k="ref:streetcar_project" v="V05"/>
    <tag k="start_date:edtf" v="1906~"/>
    <tag k="description" v="Later operators: Washington-Virginia; Arlington &amp; Fairfax"/>
    <tag k="source" v="WPVA"/>
  </relation>
  <relation id="-402763" version="1">
    <member type="way" ref="-100351" role=""/>
    <member type="way" ref="-100402" role=""/>
    <member type="way" ref="-100403" role=""/>
    <member type="way" ref="-100394" role=""/>
    <member type="way" ref="-100026" role=""/>
    <member type="way" ref="-100041" role=""/>
    <tag k="type" v="route"/>
    <tag k="route" v="tram"/>
    <tag k="name" v="South Arlington branch (Clarendon Cutoff) (1907–1932)"/>
    <tag k="network" v="Washington, D.C. streetcars"/>
    <tag k="operator" v="Washington, Arlington &amp; Falls Church Railway"/>
    <tag k="start_date" v="1907"/>
    <tag k="end_date" v="1932"/>
    <tag k="ref:streetcar_project" v="V06"/>
    <tag k="end_date:edtf" v="1932~"/>
    <tag k="railway:traction" v="electric"/>
  </relation>
  <relation id="-402764" version="1">
    <member type="relation" ref="-402763" role=""/>
    <tag k="type" v="chronology"/>
    <tag k="name" v="South Arlington branch (Clarendon Cutoff)"/>
    <tag k="network" v="Washington, D.C. streetcars"/>
    <tag k="operator" v="Washington, Arlington &amp; Falls Church Railway"/>
    <tag k="start_date" v="1907"/>
    <tag k="end_date" v="1932"/>
    <tag k="ref:streetcar_project" v="V06"/>
    <tag k="end_date:edtf" v="1932~"/>
    <tag k="description" v="Later operators: Washington-Virginia; Arlington &amp; Fairfax"/>
    <tag k="source" v="WPVA"/>
  </relation>
  <relation id="-402765" version="1">
    <member type="way" ref="-100085" role=""/>
    <member type="way" ref="-100001" role=""/>
    <tag k="type" v="route"/>
    <tag k="route" v="tram"/>
    <tag k="name" v="Great Falls &amp; Old Dominion (W&amp;OD Great Falls Division) into Georgetown (1906–1923)"/>
    <tag k="network" v="Washington, D.C. streetcars"/>
    <tag k="operator" v="Great Falls &amp; Old Dominion Railroad"/>
    <tag k="start_date" v="1906"/>
    <tag k="end_date" v="1923"/>
    <tag k="ref:streetcar_project" v="V07"/>
    <tag k="railway:traction" v="electric"/>
  </relation>
  <relation id="-402766" version="1">
    <member type="relation" ref="-402765" role=""/>
    <tag k="type" v="chronology"/>
    <tag k="name" v="Great Falls &amp; Old Dominion (W&amp;OD Great Falls Division) into Georgetown"/>
    <tag k="network" v="Washington, D.C. streetcars"/>
    <tag k="operator" v="Great Falls &amp; Old Dominion Railroad"/>
    <tag k="start_date" v="1906"/>
    <tag k="end_date" v="1923"/>
    <tag k="ref:streetcar_project" v="V07"/>
    <tag k="description" v="Later operators: Washington &amp; Old Dominion Railway (1912)"/>
    <tag k="source" v="TIN; WP-GFOD; MPD"/>
  </relation>
  <relation id="-402767" version="1">
    <member type="way" ref="-100421" role=""/>
    <member type="way" ref="-100028" role=""/>
    <member type="way" ref="-100411" role=""/>
    <member type="way" ref="-100143" role=""/>
    <member type="way" ref="-100012" role=""/>
    <member type="way" ref="-100013" role=""/>
    <tag k="type" v="route"/>
    <tag k="route" v="tram"/>
    <tag k="name" v="Washington, Baltimore &amp; Annapolis Electric Railway (1908–1935)"/>
    <tag k="network" v="Washington, D.C. streetcars"/>
    <tag k="operator" v="Washington, Baltimore &amp; Annapolis Electric Railway"/>
    <tag k="start_date" v="1908"/>
    <tag k="end_date" v="1935"/>
    <tag k="ref:streetcar_project" v="V08"/>
    <tag k="railway:traction" v="electric"/>
  </relation>
  <relation id="-402768" version="1">
    <member type="relation" ref="-402767" role=""/>
    <tag k="type" v="chronology"/>
    <tag k="name" v="Washington, Baltimore &amp; Annapolis Electric Railway"/>
    <tag k="network" v="Washington, D.C. streetcars"/>
    <tag k="operator" v="Washington, Baltimore &amp; Annapolis Electric Railway"/>
    <tag k="start_date" v="1908"/>
    <tag k="end_date" v="1935"/>
    <tag k="ref:streetcar_project" v="V08"/>
    <tag k="source" v="WP; MPD"/>
  </relation>
</osm>
